item_id,set,hexcode,label,subgroup,recipe,source_url,sha1_colour,sha1_grey,sha1_luma,sha1_normalised,openmoji_split,e_heldout,noto_heldout,pilot_rank
openmoji:1F9CB,openmoji,1F9CB,bubble tea,drink,compact,https://cdn.jsdelivr.net/npm/openmoji@17.0.0/color/svg/1F9CB.svg,5f0736679a3e3d3f8696e690019e507fdde5d3aa,207d3317124764f1556daccb4cd8db1f3aab86ee,4fcf439943cd83f8728dd27c39cc5fc9697c4511,18525f344d8661ac2711fa8b9a0f675e7d483656,test,,,
openmoji:1F34C,openmoji,1F34C,banana,food-fruit,compact,https://cdn.jsdelivr.net/npm/openmoji@17.0.0/color/svg/1F34C.svg,86247ee5eef5c46c279f07ab9aff260c2eb29fc0,bb930c1cf38293b95979a1b57eb4d1378770b81b,fe72c9b9dff67500da49f437594b3050306991d1,43c27df4553d1c5950fc0afedddedf7dc4a02b93,test,,,
openmoji:1F484,openmoji,1F484,lipstick,clothing,compact,https://cdn.jsdelivr.net/npm/openmoji@17.0.0/color/svg/1F484.svg,ed9f3cd0a2587d539789787591abdc0a8912632a,b1b20108bddda6bcf8475259ab1607214ac5d844,a8d2e45eb5a8b29e1511feae6a7864ec581ea631,b195342c060f78fac44589064a8356d920acad65,test,,,
openmoji:1F98D,openmoji,1F98D,gorilla,animal-mammal,compact,https://cdn.jsdelivr.net/npm/openmoji@17.0.0/color/svg/1F98D.svg,b0e6a9a4c3f42d92ead0ba7ca80aac473915ae33,8032a4fa3aca545d7d2adcd6a4b35d8177725bf0,fc181dd98dd82816d68d818e05e5751de8a53771,c7b01ef4c5c325bfb1f158162e229a116fcce788,test,,,
openmoji:1F3F8,openmoji,1F3F8,badminton,sport,compact,https://cdn.jsdelivr.net/npm/openmoji@17.0.0/color/svg/1F3F8.svg,d3d591b7e3db775158c8e41d20f291bff438abde,1eee342111a5c2eea2e4f0849907eb59227f9ef2,3af1d2c31babd43278cff92a1e3c01b10e42f2f6,cb35224b30f128634deea09f1a922aa658639449,test,,,
openmoji:1F45A,openmoji,1F45A,woman’s clothes,clothing,compact,https://cdn.jsdelivr.net/npm/openmoji@17.0.0/color/svg/1F45A.svg,108647f64270d85ec45bb850c7b7278f06527a23,e0239f8708b25deb70d1e073fa5c078849723ea4,66df10dec8d02e00880eea3fa97e0dd5bc0aff8f,3ff063e303d7f26916e896201cfe91b4be3f6718,test,,,
openmoji:1F3E8,openmoji,1F3E8,hotel,place-building,compact,https://cdn.jsdelivr.net/npm/openmoji@17.0.0/color/svg/1F3E8.svg,e72023f19de1b78ba4c449475f7473220b0fc6d7,cb676624237c3c05fb06d5daf01265cfc68e0cc5,d684ae43e5f65be77fb19a5d361e2b7e2f23ca2a,4a543c60569fb8c16334c2c660747ffd8c717f2a,test,,,
openmoji:1F9FC,openmoji,1F9FC,soap,household,compact,https://cdn.jsdelivr.net/npm/openmoji@17.0.0/color/svg/1F9FC.svg,8bfdd27d41c5588122b4396e879f2be23c839f4c,5f7497d87259f54c75757af6ecc1353aefa28088,427589f61ef2387c99b7e8f88ff0042f16ef1d77,4ba96c46ed6ef6e05dc791b8fe592e5aaa8eb4c0,test,,,
openmoji:1F376,openmoji,1F376,sake,drink,compact,https://cdn.jsdelivr.net/npm/openmoji@17.0.0/color/svg/1F376.svg,feba46f4348fc5cbda5bb9ab839d01272bbfe88d,d8f9b3008fad651e8fb011b409ee382ee9daf148,10aaa8f177b3b335512fd3e6742e1d5edc934a13,bd39af6bd128d5cc53b602ec3e425674ccb74010,test,,,
openmoji:1F68A,openmoji,1F68A,tram,transport-ground,compact,https://cdn.jsdelivr.net/npm/openmoji@17.0.0/color/svg/1F68A.svg,65e82b4b58f504a3df09ba44998218a279be7b61,8b5e8ca24bfe063e8ce6868b53e68bbc676232bd,ceae6a778606dd42eb417cd8591848a6b47793dc,f9ab0d783aec18a292f9c332925eedbee7a83bd3,test,,,
openmoji:26CF,openmoji,26CF,pick,tool,compact,https://cdn.jsdelivr.net/npm/openmoji@17.0.0/color/svg/26CF.svg,4844518e4077d259bcb2cd7316cf8db4eb6d60d7,d224ef22273b6d4e545858fc9f33f3f78eb9a198,61cd6c11394218be878e922f0caa01b24360f345,4526d9faeca0974059369b1beaf83ce1e8b32ad7,test,,,
openmoji:1F3DF,openmoji,1F3DF,stadium,place-building,compact,https://cdn.jsdelivr.net/npm/openmoji@17.0.0/color/svg/1F3DF.svg,9fd79ac5bb0acf8fca2a4fc2dab2626ff4f0015d,874c6813c2124004df1501c0487194dbb33aafb2,5317aa3085258908b5a50ac34107a56696ffe0ab,4024d29a5f7fe46b0a17bff573c863e7ed92e4e7,test,,,
openmoji:1F352,openmoji,1F352,cherries,food-fruit,compact,https://cdn.jsdelivr.net/npm/openmoji@17.0.0/color/svg/1F352.svg,1f01b3df34a22ce91ddd4aeee42ad28862048998,7add03faf9882ad0bf0e384e677aec41b02789a4,6d18685603223c7d29e436b0cd04b7c5c40b60ed,549d52300bd431836f43453f195e660866abf4f5,test,,,
openmoji:1F34E,openmoji,1F34E,red apple,food-fruit,compact,https://cdn.jsdelivr.net/npm/openmoji@17.0.0/color/svg/1F34E.svg,19000b1418c2b229d0d9c87c6d900ad5aa8e4a92,b828d64c672f75f67b519d6838110ce62937af8e,bea4bace8492212d1e096a6757c10d28528b521d,c763e541d60af4f6f29663d963b5a1802baaf9ac,test,,,
openmoji:1F326,openmoji,1F326,sun behind rain cloud,sky-weather,compact,https://cdn.jsdelivr.net/npm/openmoji@17.0.0/color/svg/1F326.svg,95e14e779e98786cb32bb4e3229847279a115780,4c1e722d5d0c6b7c72f320250548b3d7bc44c637,9aeb1738d5df291080f913cddb8ddfdad44aaffb,7d34b4886cabcad80c89587f00e747e47061a79e,test,,,
openmoji:1F316,openmoji,1F316,waning gibbous moon,sky-weather,compact,https://cdn.jsdelivr.net/npm/openmoji@17.0.0/color/svg/1F316.svg,10905bae41b47a1d392cef302c7fcb658fd0b6e2,0bd6af2ef85b2425ec7faf81d09a113a97fef28f,655a7f719b5985684b438840bbcb9e3dc6f9f37f,ead918937c6df671f7115dfdebaa7b043e8bf726,test,,,
openmoji:1F32E,openmoji,1F32E,taco,food-prepared,compact,https://cdn.jsdelivr.net/npm/openmoji@17.0.0/color/svg/1F32E.svg,aa28edec706393f89cc9d78cf326f677cdb77dbc,511c26dc88b1831b0c2b4e6b9bd4bbb34be43528,f21675fa895adb8147cdbfbf107390af53c6f328,52bc0945630fb86799d4144d8f7409271e2e6240,test,,,
openmoji:1F355,openmoji,1F355,pizza,food-prepared,compact,https://cdn.jsdelivr.net/npm/openmoji@17.0.0/color/svg/1F355.svg,17e90ef6f9624595cc2f58ee3a7b6f5e636c779c,3b75cd476dee7ec9008b65b6c33cf2e1a134ab15,d43e781867ad6ca39daa3c74c45531594a54e45b,1f0d292e138645c721e42700806def685fabe7c3,test,,,
openmoji:1F9A6,openmoji,1F9A6,otter,animal-mammal,compact,https://cdn.jsdelivr.net/npm/openmoji@17.0.0/color/svg/1F9A6.svg,19554b156de24e159f01410a8223b40bb1ef85cf,ffa2b025467f7b3810d7a2c1291e13d0d7e93087,4145c8d4d764881a76363b9c7ee274a58d4a7f77,60a02877dc0c615d080dc608fe07c685ae33c7b8,test,,,
openmoji:1F3E6,openmoji,1F3E6,bank,place-building,compact,https://cdn.jsdelivr.net/npm/openmoji@17.0.0/color/svg/1F3E6.svg,ec90695d2e090b79c4d48d9557cadf4aad42d35a,3de3650252476dd1836c83091d1300a844ea75fa,b0e7ba833238876b681ffd0b8b628cd256956448,a97ce9776a2a4b69c0adcafe5330d4aab98137ed,test,,,
openmoji:26BD,openmoji,26BD,soccer ball,sport,compact,https://cdn.jsdelivr.net/npm/openmoji@17.0.0/color/svg/26BD.svg,f48bfea8ccb55667e0405f6cd6b9e71fcb8f7ef3,cb6f314e22278464562b6d0e5169f950c2cfad8d,9a48f85ff28e658a023b6f13461d67adcc7d80fa,23d6e4c2166931009a055ca64baf1c7cfc6388f7,test,,,
openmoji:1F37A,openmoji,1F37A,beer mug,drink,compact,https://cdn.jsdelivr.net/npm/openmoji@17.0.0/color/svg/1F37A.svg,70066f5de9d649c14aeaa20b8469decfaeb91b6d,d2e040dd9f1f98f151de2db289b772d49b3e4d0f,9996bb687c10ac15f84f4ae4e0ab992fc259bbc0,4cb9fdc84ae7d8e48435b0340db38d8c6d19e9cf,test,,,
openmoji:1FAD6,openmoji,1FAD6,teapot,drink,compact,https://cdn.jsdelivr.net/npm/openmoji@17.0.0/color/svg/1FAD6.svg,082eeefc2bda990ecc7c6e5d073ab3e6f389e1e3,8cbed65e00882203e3330d8838d2a9b9d0b8c579,61cd9dafb747549f3ddcda5d928ac2cabdf9baba,86dbb4df03bb26030ccff742c264c39060959b57,test,,,
openmoji:1F3C8,openmoji,1F3C8,american football,sport,compact,https://cdn.jsdelivr.net/npm/openmoji@17.0.0/color/svg/1F3C8.svg,a1fa21ec912912b86f8e857afed91c70b20474fa,70bff4ce1f60ec6d68ad3de151a324dccc69227f,51ed0a90e117c64b347a7f22dd9997e5afc366b8,f7642042769240d7ef0cbf1c26bcb9725947c1f8,test,,,
openmoji:1F492,openmoji,1F492,wedding,place-building,compact,https://cdn.jsdelivr.net/npm/openmoji@17.0.0/color/svg/1F492.svg,614fdb3bf3a048d4c8679a8803ad729e1db0ab09,fd1ccb0c091c894b54c0469444983ea6ba917367,4fc097163f5c1e3a29b9d666752210a8b6f0a8df,a42382bf1fcee79d004b5715aa0c0b6653a60894,test,,,
openmoji:2604,openmoji,2604,comet,sky-weather,compact,https://cdn.jsdelivr.net/npm/openmoji@17.0.0/color/svg/2604.svg,314fd1692232ec76b0b7cb69c88093783c71b8fe,be73f8a35b95f7b2babef1e4ac1a9dc88995d477,b9bbd80dc0bfc980138b756553ed3be4598701b8,df431976fda135af83934e2f5da485bd3d29018b,test,,,
openmoji:1F3E2,openmoji,1F3E2,office building,place-building,compact,https://cdn.jsdelivr.net/npm/openmoji@17.0.0/color/svg/1F3E2.svg,9e6d25914dbef411fd2ae859d5abd234cd85cb9b,69080a2eca7bace67d750e8a55f04e4654d29de8,9db27b3b1d099bcfa0ef41b01409609277376650,967ccc8a10f64a42c8e1293a8e9a9e3271d1b9cd,test,,,
openmoji:1F3BF,openmoji,1F3BF,skis,sport,compact,https://cdn.jsdelivr.net/npm/openmoji@17.0.0/color/svg/1F3BF.svg,fbe3e5737becd0bb5e31afe95c9c22a1043435ec,dfe247205ef6d4a6a9405aee5597c76fb252f66c,3d44fdfaadbe001913527b7238b3cd93a8fbf0d5,4e4e8cb58b68a4f30c765cf84c00ce0860299394,test,,,
openmoji:1FAAE,openmoji,1FAAE,hair pick,clothing,compact,https://cdn.jsdelivr.net/npm/openmoji@17.0.0/color/svg/1FAAE.svg,3e02dfe84f2d97b66c1e214d8e8c621fb9cc2a9f,9de985431a9505e75d2702020de4ebf59d68fa6b,6ce4b281a13a99c72963ad32d44bebf2a4da66bb,ba11a3b40be1b2f1f84c68ae6291f2d12ccbe86a,test,,,
openmoji:1F965,openmoji,1F965,coconut,food-fruit,compact,https://cdn.jsdelivr.net/npm/openmoji@17.0.0/color/svg/1F965.svg,c7a7599922095c1c975ee9782acf35c0e95636ce,ffc2d4dec2f3cc64be1e1aee17afc42358a66067,a281fe1ae01457fe23c73159e5740e3b8ef47a79,e5d99f22e63e8602c9ffc0b798d1c5daf9d74814,test,,,
openmoji:1F6D2,openmoji,1F6D2,shopping cart,household,compact,https://cdn.jsdelivr.net/npm/openmoji@17.0.0/color/svg/1F6D2.svg,e8379e2b2c2e7d69fe5200659fe44726991a0c57,8fcc9228eac20eadd5bb2825988421c5682dc4e9,6e95d9b169af33dcfee24a6cfea55c29bd462d35,e6af05097c79673fd5ab51e8613ccedd349fff20,test,,,
openmoji:1F95D,openmoji,1F95D,kiwi fruit,food-fruit,compact,https://cdn.jsdelivr.net/npm/openmoji@17.0.0/color/svg/1F95D.svg,7ef07b52f366355b677de55528d98edddf33c3f9,592748dc4d7ce7f0e9e3d69402fc2268cc60ec1f,3dc1cd706526ce02e55009bc05bd9c9c97d23acf,cdbdbb1fb8f4cb2fdbb692f3f0a89727754ce73c,test,,,
openmoji:231B,openmoji,231B,hourglass done,time,compact,https://cdn.jsdelivr.net/npm/openmoji@17.0.0/color/svg/231B.svg,03a1c5d42f67bde01370fc14958e8607e78adb39,8d4224ed5985a35db9cc6034724eb41863633454,3f16dd92a1cef0c60467b3aa714d78e6cc6e98fc,ea087a6684a3439a6a3143af408a4efcdf09e1fc,test,,,
openmoji:1F998,openmoji,1F998,kangaroo,animal-mammal,compact,https://cdn.jsdelivr.net/npm/openmoji@17.0.0/color/svg/1F998.svg,b77c4bebc595d2086683e6ea4b0c0d5ac818f747,ec07665084a383f7ad4d5906fa1b998b42a0e414,7c6ca89143b9d725439a6f4e75cec5106aa8bc04,db9c06ebc5e164242187908b80a71ffb83dd1700,test,,,
openmoji:1F426,openmoji,1F426,bird,animal-bird,compact,https://cdn.jsdelivr.net/npm/openmoji@17.0.0/color/svg/1F426.svg,3493a7d0b26b2d9e7c07f25926e49d25857d53e4,4645cb874ed634c7ab6d2d32c57536e76daaf4a2,40bea7f302e93479b53a1c2fbf89ce7c8b9c92b4,12fe66804db9d1c4f8454bbdc7767eda8ef51e8f,test,,,
openmoji:1F9FA,openmoji,1F9FA,basket,household,compact,https://cdn.jsdelivr.net/npm/openmoji@17.0.0/color/svg/1F9FA.svg,189f5484233c2e79265f35acd82301d5d966f5f4,591a0a21c3a8171c1570bb39a9655d6da9d74814,922944a124494dab9028d1a0eff8151db750256c,7a57045f32a45d3782f46dc8f7a06e4fd7988517,test,,,
openmoji:1F985,openmoji,1F985,eagle,animal-bird,compact,https://cdn.jsdelivr.net/npm/openmoji@17.0.0/color/svg/1F985.svg,d837bb5104277a258e3f1bcddcf19486f8852b5d,017f2e702ab6d59bcc54d1216edfe275c0ea87d8,d1190f06549e94ae0644ef6cb09666c74a10be95,d16c1ffe5ab4346709516a6e50f42b640c9468f6,test,,,
openmoji:1F564,openmoji,1F564,nine-thirty,time,compact,https://cdn.jsdelivr.net/npm/openmoji@17.0.0/color/svg/1F564.svg,18ce3441831b8c8b9c28a266e09510dc271d8b72,d9856070f1d61acc97834c79b34a6dd3089840cf,9ce727f12293a947c8bb3d7f3b4127017ddf4f53,c9f6177ace412c45dea2f20fe77aa62dfa6d3cc2,test,,,
openmoji:1FA72,openmoji,1FA72,briefs,clothing,compact,https://cdn.jsdelivr.net/npm/openmoji@17.0.0/color/svg/1FA72.svg,609ad8ce0beeeeea34c09a542414850d49a4ef0a,83ff070d6418f8f1463a3a3adf17102662ced4de,233ef655d6cdc1bf5ed19a7b26a264e01f58dd65,8d54c89645639ca1cee6dd2991a6a7ce2a4c5bb8,test,,,
openmoji:1F32D,openmoji,1F32D,hot dog,food-prepared,compact,https://cdn.jsdelivr.net/npm/openmoji@17.0.0/color/svg/1F32D.svg,5bf9e719d97f733c03e270d3f83b412bb9cfe68c,397939b4be7d67eb30a625aa0a7397a6e71c93ae,e332d7a9aab9cd3c192b2eb9ac3e63490d221324,acb7fb3288c40369e0b573273fd874ebd1508820,test,,,
openmoji:1F410,openmoji,1F410,goat,animal-mammal,compact,https://cdn.jsdelivr.net/npm/openmoji@17.0.0/color/svg/1F410.svg,cad856880957879bd5c88c2770493ec71821b03e,14be653d0fbc61745d00ef76674180d5080df386,29ff5947cd62bd9a2764ab8e61c8f631c2fd0a7d,c26243e510cb658c0c628e9b7391395dd336de2a,test,,,
openmoji:1F9AB,openmoji,1F9AB,beaver,animal-mammal,compact,https://cdn.jsdelivr.net/npm/openmoji@17.0.0/color/svg/1F9AB.svg,710944048644e537b5fe7565368703ad65556836,68d11e305924c1ca9a1f76bd2a3a3ebf6c5d80c5,85d71018e302cdf77320456c0734269c8feb6316,109064adde8f98668209ceca0219d64caaee03ab,test,,,
openmoji:1F94A,openmoji,1F94A,boxing glove,sport,compact,https://cdn.jsdelivr.net/npm/openmoji@17.0.0/color/svg/1F94A.svg,db85c5b62c589cc9364590c63db8b65ecd59bf3a,053f4dd2090c05966f793bc10d8f669b0e487488,6396116c2913e540b47467a754b6f3169ccd7a79,656e71972c692c38a4fb2f0ffe5766d57855371d,test,,,
openmoji:1F559,openmoji,1F559,ten o’clock,time,compact,https://cdn.jsdelivr.net/npm/openmoji@17.0.0/color/svg/1F559.svg,43aa09c2149978f27373067266e9ae21716553f8,ac765bc5a106c4e2c64eefd50174b65a38bbc229,18acb4b5e118746fba0d802fdf970a37a05da7cb,415cd6ddb2110f35de7176eab1d77b1277e0d455,test,,,
openmoji:25FD,openmoji,25FD,white medium-small square,geometric,compact,https://cdn.jsdelivr.net/npm/openmoji@17.0.0/color/svg/25FD.svg,2bdccedfa11bd0900ef2b8253406f5826c20bc96,a39e7aff5f47d2e7fa826124cbf7b30f62611bd9,1175e635621b04bcfdf7cec6203d29a871ae59ef,ab90c1975b01362f2d6bb2a07343112fa6d51b59,test,,,
openmoji:1F378,openmoji,1F378,cocktail glass,drink,compact,https://cdn.jsdelivr.net/npm/openmoji@17.0.0/color/svg/1F378.svg,f7ebb968b85ebe9795e70cc153dfc9e1f8be5154,4f5b5c412a98d30e06ef26ab7515d2000504eae8,f3e196001b09274526569ad30547649fd751bf60,fc7a3e96bd03fa059173d6f06810c6dd24d22ef5,test,,,
openmoji:1F347,openmoji,1F347,grapes,food-fruit,compact,https://cdn.jsdelivr.net/npm/openmoji@17.0.0/color/svg/1F347.svg,3dca2a2f9e1bb873f3440b3768deb058ebf48d9b,ffc698e213ba87f074a7d292af07977c6bc3e910,0002e238f57f256d50089582f4ec09430b799dbf,43cce8a60270abc1d04a4130dbc10ccb84374034,test,,,
openmoji:1F555,openmoji,1F555,six o’clock,time,compact,https://cdn.jsdelivr.net/npm/openmoji@17.0.0/color/svg/1F555.svg,78261daa63fd124de6fcac520ff02e98c059e6fb,e8d0bcb77bca0690895e38254c67635517d37c9d,c4b9c9de2687c2c9ba48b8eac2ed36f21b4bfb98,be0774935d6959b78e7d6f0831f23fa3819879d9,test,,,
openmoji:1F42E,openmoji,1F42E,cow face,animal-mammal,compact,https://cdn.jsdelivr.net/npm/openmoji@17.0.0/color/svg/1F42E.svg,42d9a83580e64ea6ed20f9a4f97390aed935f116,20a7777c66251c30979a565cde4bef9a6682afbd,7179841fe8c3ece4d44e8aff8a5bf6b14c410f6c,68493f71c4cf6b18bee1ccac411ab8573da79ccc,test,,,
openmoji:1F561,openmoji,1F561,six-thirty,time,compact,https://cdn.jsdelivr.net/npm/openmoji@17.0.0/color/svg/1F561.svg,47170821aff12b5fdecdd4d6f6ec0f457c316b61,3281c29e8f60c7575b615ed112d12f407748a5b1,fbc7513a61216144651ddb0b184eece2710bb5e1,d80563d3db316625c0b0127dd25c267fce24ef2e,test,,,
openmoji:1FAA8,openmoji,1FAA8,rock,place-building,compact,https://cdn.jsdelivr.net/npm/openmoji@17.0.0/color/svg/1FAA8.svg,9b3e7c7c26b58127e33dae7b765a57db9064217e,31b75d0e6887215cd42100efacd99aa15fb21bca,b13a89ef346aca6919c3f521ddcb7918d2a4a8ca,25a009660144f33261819302c982c81bf0549f60,test,,,
openmoji:26F3,openmoji,26F3,flag in hole,sport,compact,https://cdn.jsdelivr.net/npm/openmoji@17.0.0/color/svg/26F3.svg,f1f5f6c844e45741cec3230e9475a721dacd4078,480a7198ef55c52b91239a714c76061d2b0dc250,6f9c0c5201ababdd5cf3bb2ea9282a1d75a4f89a,2ae2660f1a546866c8f33f97f8c6761c4f93922d,train,1,0,
openmoji:1F3C0,openmoji,1F3C0,basketball,sport,compact,https://cdn.jsdelivr.net/npm/openmoji@17.0.0/color/svg/1F3C0.svg,34fe804fae8e26cbf844920e9e04ba1f7c4d7791,396ba733a11388e051457352edce782d242f707c,cd041f08274111891700e5c8dfc82d5831183942,ad7e8798b03dd1f13da626b3bfe8a066b073a4fb,train,0,1,
openmoji:1F690,openmoji,1F690,minibus,transport-ground,compact,https://cdn.jsdelivr.net/npm/openmoji@17.0.0/color/svg/1F690.svg,8dba11a5931e2ed4dfb13a3319a055f99b0c1224,59891b63931b00c7911ffe04d3910ce497b90bd8,7eae0b7bca0769cdca53aaba85e937847b2c6e5a,b713bdbdacbb43a83832e68e6af9337458ad8b9d,test,,,
openmoji:1F68E,openmoji,1F68E,trolleybus,transport-ground,compact,https://cdn.jsdelivr.net/npm/openmoji@17.0.0/color/svg/1F68E.svg,cb10bb22a4f34b8eb5cd60644e09498dd5e4390d,4086ed7de969a70776788813e5230d5f7298f964,f86a2b886a26ea1afa202584f76dce0697a194a2,c8b4735fb354a0d2f28445d8e250fc44afe8ab30,test,,,
openmoji:1F31E,openmoji,1F31E,sun with face,sky-weather,compact,https://cdn.jsdelivr.net/npm/openmoji@17.0.0/color/svg/1F31E.svg,fb9f93c154a72ced51e8fd716feec58d27b9b20f,ec62c33b5331676581f966aef7d1a3f803f42296,36cb6b87c0e7f751bf0586d38be03962350e214c,c56d664fadb243fded1c34e480d33123429f337c,test,,,
openmoji:1F9A2,openmoji,1F9A2,swan,animal-bird,compact,https://cdn.jsdelivr.net/npm/openmoji@17.0.0/color/svg/1F9A2.svg,fee06f514caf2340bd53102ccc57463d298f96c3,6691d9817d0b03071f645b44f263ffa58c7bc07c,8465a41d50219b26374492a92bd7392305c2b568,44fbf96963dd02b74c13cdfd4caf4a277d10e28f,test,,,
openmoji:1FA9E,openmoji,1FA9E,mirror,household,compact,https://cdn.jsdelivr.net/npm/openmoji@17.0.0/color/svg/1FA9E.svg,e8912a959adbb9ad6c2ad0385ab28b84f27af41f,a1fa07b5b2c512b161c9e0ac2fc43eef79bedbf2,30bc901b865f2261dd9f5de073ee5fb5226a8ab8,702cddcaf7dd690949ec48d877e376078a301741,test,,,
openmoji:1F9A4,openmoji,1F9A4,dodo,animal-bird,compact,https://cdn.jsdelivr.net/npm/openmoji@17.0.0/color/svg/1F9A4.svg,9c68277d9dcde7cf27f98233f94d391dec668eca,5fb66a8312365bb419794688f8d6ad2dde5e3a3f,201f9d1cccd44ffa132c4ca88ce949f4fdcc01d2,55c4ba400864cda86cad9db49d5ebb3fed6a3028,test,,,
openmoji:1F527,openmoji,1F527,wrench,tool,compact,https://cdn.jsdelivr.net/npm/openmoji@17.0.0/color/svg/1F527.svg,61a7baed905c647556f742ab9539d9aac6901849,cf8eab654848538d24e9b555c099bc312f7d5c45,f64a64e893677dc9b8a4204c057118da4a3dbf2a,61debe85a5d286193602e2808e1d9daba2ef6845,test,,,
openmoji:26D3-FE0F-200D-1F4A5,openmoji,26D3-FE0F-200D-1F4A5,broken chain,tool,compact,https://cdn.jsdelivr.net/npm/openmoji@17.0.0/color/svg/26D3-FE0F-200D-1F4A5.svg,5436c030dcf32c7b066758ab3d519884099bf6b1,a73ba83bf61826d666a2c9751c239377a3867a80,f70b65c962fc5d90071cb9d5b146477508919638,d4cb7d9f1c54e4570fb81cf7282c35e3ac7c9c8a,test,,,
openmoji:1F302,openmoji,1F302,closed umbrella,sky-weather,compact,https://cdn.jsdelivr.net/npm/openmoji@17.0.0/color/svg/1F302.svg,736eca7a32dd65c8c6a7d0dfdf6b35ab57eab215,964b9dc1e8199960d0deec175e585443254aa2ac,dc877d5474405d39450f009450ed7a1d24066678,ef5864d1c9f31f293a0ad0a89c5099b814e92270,test,,,
openmoji:1F37B,openmoji,1F37B,clinking beer mugs,drink,compact,https://cdn.jsdelivr.net/npm/openmoji@17.0.0/color/svg/1F37B.svg,1465bf368bb043e079dacb9258d8146cf79de502,0f3888913005b2af0aa374ee0dfe7183b6af85f2,260f1a9df02208a16704874c3cc5e05e4256549a,63cf36bd8baf0eadba9456eebf37b909cce0713a,test,,,
openmoji:1F565,openmoji,1F565,ten-thirty,time,compact,https://cdn.jsdelivr.net/npm/openmoji@17.0.0/color/svg/1F565.svg,3b8b7ba49b111cd66aa370654aec547c3d538195,1720e49b6a571f54fb30f34aeb5c4dc86866b57a,b1486b49464f4b3d835815c7492fadf8c90b162b,a5c3cd57304380346349890532bf87fa28933690,train,0,0,26
openmoji:1F9C9,openmoji,1F9C9,mate,drink,compact,https://cdn.jsdelivr.net/npm/openmoji@17.0.0/color/svg/1F9C9.svg,f351cb14574cf5d0f02876703534e75d1b9aaeb3,350813b8e6548be4ca49d9400ff14ca46b6ec577,2e3cb8638c74d6fad471b6e7ef78335e6db4a17d,711c2bee337148229558b14a22564a1004107eb6,train,1,1,
openmoji:1FA90,openmoji,1FA90,ringed planet,sky-weather,compact,https://cdn.jsdelivr.net/npm/openmoji@17.0.0/color/svg/1FA90.svg,e7e0231ae2417158d9d4bfe4a9177a08ef630530,e3ac5356ddd122be16218ed89111b93deeb73c67,f347df182ed665a85522fca194c0d01c91b5c153,e0df2678db922447f280c3318d4741d0d98488ce,test,,,
openmoji:1F392,openmoji,1F392,backpack,clothing,compact,https://cdn.jsdelivr.net/npm/openmoji@17.0.0/color/svg/1F392.svg,5d99de8d7b19d658bf91d654f884965705e45a9f,967b87904e0401d03abb2cadadb2f83902e00c87,bf5df18c7c2bc06ba6ceb68109957b3b6e539678,06768f044e9a2ef56db450629f4f8950d283fa4f,test,,,
openmoji:1FAAD,openmoji,1FAAD,folding hand fan,clothing,compact,https://cdn.jsdelivr.net/npm/openmoji@17.0.0/color/svg/1FAAD.svg,b35dfe601bedfdfcda17da3998cac0d2160d6d69,f86a45fc38efef24ae6847ed7212947c55d02cca,cb0bdac2a9652a7e6446d1747816cc4dfdce9338,c3fa99c885f7d65258c46637f16230d3be115fef,test,,,
openmoji:1F55F,openmoji,1F55F,four-thirty,time,compact,https://cdn.jsdelivr.net/npm/openmoji@17.0.0/color/svg/1F55F.svg,4e75b6e14f46f28c9c03a7e073abec65d0384717,85985355a1ce7e13f2acfa9e22e873cc16cb8556,e9467bfb36b9dcaf2c36e55f727945f15a57f14a,fe28bf15cd702bdad59ab4ab904b510e98df07d2,train,0,0,
openmoji:1F3F0,openmoji,1F3F0,castle,place-building,compact,https://cdn.jsdelivr.net/npm/openmoji@17.0.0/color/svg/1F3F0.svg,72501187cd498fe3bc8d9c4086a0ba2b52c48d69,972fa133b33616c50b2ad4d69fd1c027ac9b3ebe,ba9a52071e27f23e22f8843bacdabe5246122b80,001a2599748f3bc6b8aada7d43ec0fa192d2dde3,train,1,0,49
openmoji:1F9C3,openmoji,1F9C3,beverage box,drink,compact,https://cdn.jsdelivr.net/npm/openmoji@17.0.0/color/svg/1F9C3.svg,112afad1598b2e873669e6e3c1720f40865600b4,c5ee6afbe6094c7a4142aaf4aead62c97579fe2f,24e3b686f39d7904b54a6093a5f936075c5e3122,8d81e3e722b73257067b2f6da5acb498eec80c3e,train,0,0,
openmoji:25FC,openmoji,25FC,black medium square,geometric,compact,https://cdn.jsdelivr.net/npm/openmoji@17.0.0/color/svg/25FC.svg,a0e0269ca480982658d53922012c22f3c1657c4b,f15db9722129643309a629898d7b7f81a61498dc,d26b37d9b975618e1813855e5254e1b4861db81d,e21a7b3dade607f46e7236bc386bfaeac3badb98,test,,,
openmoji:1F3EB,openmoji,1F3EB,school,place-building,compact,https://cdn.jsdelivr.net/npm/openmoji@17.0.0/color/svg/1F3EB.svg,ef1ec5556bbc1617cc22d57dc6e0a7c52e875e81,1fc6f15a128ef4e87f409d0d04b437c053602435,09b10f0ba73504cbaea2cb7461b0a19c9d6cb6a0,7db6ed9f8ccc3d87525b72432ce4604ff28150e9,train,0,1,
openmoji:1F942,openmoji,1F942,clinking glasses,drink,compact,https://cdn.jsdelivr.net/npm/openmoji@17.0.0/color/svg/1F942.svg,b115e867b2e19c30d1a0db5cbf108b3887162569,02f15f8c2ce95012abf844d6236c7bf27d959b0b,449e86d20f4f52d2d0ee3914a575afb038646811,015a62d3be504b34e9d980394cb1f38e2ae0df17,train,0,0,
openmoji:1F434,openmoji,1F434,horse face,animal-mammal,compact,https://cdn.jsdelivr.net/npm/openmoji@17.0.0/color/svg/1F434.svg,315b3b520c5e4856c1cf0f567d0eb0d12bf9c579,99ed9047303c420a21a32567c6fc30f146583d9c,568669793f4fcbce4e11800a6af508e8a937aa69,87d0ebd5f5698edd02246c5a424f014b02b5a3cd,train,0,0,
openmoji:1F984,openmoji,1F984,unicorn,animal-mammal,compact,https://cdn.jsdelivr.net/npm/openmoji@17.0.0/color/svg/1F984.svg,9b3d19593ca4edf5e20471f32a821973d265fae3,dce04b53378a5db2c59b134c1565f0207a75aae5,5d8f44afe8c7422f5b1e26613a2d837792256c93,c9986edfd8d4cc5d45ef9ab41912eec259bdfdde,train,0,1,
openmoji:1F9C8,openmoji,1F9C8,butter,food-prepared,compact,https://cdn.jsdelivr.net/npm/openmoji@17.0.0/color/svg/1F9C8.svg,c41886bbffd97a10bd711f88845f4314f8fbc0b7,6a48cafed080c2153edbb971dbe9f18c73f35e59,20e6c49ea117310536c7be33c9b6fb06acf2cd15,09b136a6d3c5431b6111d4b3d01041b832e8edf3,test,,,
openmoji:1F3E3,openmoji,1F3E3,Japanese post office,place-building,compact,https://cdn.jsdelivr.net/npm/openmoji@17.0.0/color/svg/1F3E3.svg,a12b3be5d0ac65a179fd377a0ec0eb7c01f16a5b,b860d13ea6f22e5a81b5f29ac40ff4b994a1e2c5,d7641b754da1870011ede76308a8d3ebfa1c0714,fe0a4884c1ad5912e24ea2e50d3f2846e0a8bf3d,train,1,1,
openmoji:1F9A9,openmoji,1F9A9,flamingo,animal-bird,compact,https://cdn.jsdelivr.net/npm/openmoji@17.0.0/color/svg/1F9A9.svg,b6dc7fbbe20468a42b0be783db366fbc15bac73a,5c74d20aa1a5f0d2fe9b869cc6e4f2b4bc7fb255,fd9d290428242ac97203ac817b62d5ed4760c6a9,23cb285df63d95e95c5c02365085e0360c110016,test,,,
openmoji:1F348,openmoji,1F348,melon,food-fruit,compact,https://cdn.jsdelivr.net/npm/openmoji@17.0.0/color/svg/1F348.svg,f11fa6a93f1e057e0a7a4d8c0e82c380335415e4,15ea962681b5a18edc43674b8117e2b49d89f892,3dc7cfb5222b94b417baa45e5258a620080468f1,733215b1b68032cc2beea336a7731d2a98329be0,train,0,1,184
openmoji:1F34B-200D-1F7E9,openmoji,1F34B-200D-1F7E9,lime,food-fruit,compact,https://cdn.jsdelivr.net/npm/openmoji@17.0.0/color/svg/1F34B-200D-1F7E9.svg,ff7761f98bd10c336c32c5ab84eb5cfb404a7d00,3de65440a0bd646881e8621884cb2883bbd7bcfb,0526da1cadddcda52b395b1f8db87df0c853cc04,23d2e9ef79f014a67f05b17850ac45e34bf20da4,train,1,0,128
openmoji:1F539,openmoji,1F539,small blue diamond,geometric,compact,https://cdn.jsdelivr.net/npm/openmoji@17.0.0/color/svg/1F539.svg,470b09f835b8f4ce6897493fffbe4194077e0a7c,e6662ef84256456a1e11ba66beb1a22d2c4723e1,11bcf36f83c05bb165034a567bf606f40ae82437,5f1ab3e9ea0ddae613f78aaa57fd0643949d62cc,test,,,
openmoji:1FA9A,openmoji,1FA9A,carpentry saw,tool,compact,https://cdn.jsdelivr.net/npm/openmoji@17.0.0/color/svg/1FA9A.svg,a5017ade6fc58c0042bc4f7aa6aa79aaf4f8fe1c,74bf0544cdc19fd3b5d4ed9671877d44ca6b22e9,d211fbe7a3d877376351a665e98d9053ac4008bd,fc8791af01e5264e5882272c8a3dc717b997386e,test,,,
openmoji:1F538,openmoji,1F538,small orange diamond,geometric,compact,https://cdn.jsdelivr.net/npm/openmoji@17.0.0/color/svg/1F538.svg,806e0718e333d06f7d7af5848772be2bb65ca538,5de7178b7cb3c88d2045fb99e15f04fc93e3e8be,4198707a17c748187a62bb18ef0088d247f73954,b8e56c84e446b8deaa04f763e3c5f1e45b99879b,test,,,
openmoji:1F3D2,openmoji,1F3D2,ice hockey,sport,compact,https://cdn.jsdelivr.net/npm/openmoji@17.0.0/color/svg/1F3D2.svg,21c17405c6cc64ad03aa276346f9c4f33d7f5203,7a718faf8c1c7b91ab35216c4b267c515536b22d,dac727cebd02246ebc58e16a0ac467e92b088bc5,354b5490bb5625eb77897f7dcfd3dba55224a658,train,1,0,
openmoji:1F557,openmoji,1F557,eight o’clock,time,compact,https://cdn.jsdelivr.net/npm/openmoji@17.0.0/color/svg/1F557.svg,b89e3d98f1fe84ed36222d1d7aa7d2efbd11fd98,99b62eae668bd9283c7ffaee517f49d7e8aa97fe,0a4718ba314cd71205dc4fa4623151011439c02a,ae76f3c354bb0d4c059d8cd1937439282cf3a4a7,train,1,1,
openmoji:1F415-200D-1F9BA,openmoji,1F415-200D-1F9BA,service dog,animal-mammal,compact,https://cdn.jsdelivr.net/npm/openmoji@17.0.0/color/svg/1F415-200D-1F9BA.svg,cee47385eec2a7c6d48bca33b65663ccd4c95074,9eb042c5570a42c1774825c09094806f3fab27c5,6c9890bf278c57438d23c0ba18c2b815ef700aa1,a93287528a93589ef40b6cb2ef50d80950967bf6,train,0,1,
openmoji:1F55E,openmoji,1F55E,three-thirty,time,compact,https://cdn.jsdelivr.net/npm/openmoji@17.0.0/color/svg/1F55E.svg,cb8700ceb428bfec3d23a8d9228a1a320e5f85ca,b903802ba25b96e59a857ae25b66dcea074daffc,d4b2408c1ac39b7c05152da9c1c3831c9d44d94b,d3e1300effe8622e2bbfbc9a24cccb33ccc95884,train,1,0,
openmoji:26D3,openmoji,26D3,chains,tool,compact,https://cdn.jsdelivr.net/npm/openmoji@17.0.0/color/svg/26D3.svg,9ec916c77f054487bd9c307604114556fc2879be,5e676e12c84b1079898350bf1074cc6a85e6be87,351909634349bac73251b553125cafd530a9ed34,602537fbb35b62a5a87d9cb47eddb65f51be1ba8,test,,,
openmoji:1F556,openmoji,1F556,seven o’clock,time,compact,https://cdn.jsdelivr.net/npm/openmoji@17.0.0/color/svg/1F556.svg,0ebb33e28a76c19d6f3d93f88c10018d1fcf6a2d,e682896b0610c9a1a99fd0e20082d0633af8e3a6,86dfe101328b0173f42ec28eb7c613a7b96f08df,e364769a993634319ea340440c5965aab2fe59c6,train,0,0,
openmoji:2699,openmoji,2699,gear,tool,compact,https://cdn.jsdelivr.net/npm/openmoji@17.0.0/color/svg/2699.svg,862aef585011fed65b785d7840bbfde7cfc0e7f3,0f841775f32b9a77ab6a441138c2939b302faeaf,08fa8da558387e40164c7bea47a2fe75cf0fe7c4,e3e3ccc30b37babe8872ea80a6cdda1f8ecc9072,test,,,
openmoji:1F518,openmoji,1F518,radio button,geometric,compact,https://cdn.jsdelivr.net/npm/openmoji@17.0.0/color/svg/1F518.svg,32ccfac5ebde0d0e71cdf50617f337b1ab82b840,edd16040172d38eb6f088e058318f4f5c47f0803,d7007802a067f111efaa3796b2357d42e0875ee3,98737bf35ba279945d26543bf0d18e3892dd2b19,test,,,
openmoji:1F313,openmoji,1F313,first quarter moon,sky-weather,compact,https://cdn.jsdelivr.net/npm/openmoji@17.0.0/color/svg/1F313.svg,24efa7a5b74c4900614f963675ad7fa9dc6b770d,4cd4640370607eeaeb4c9bcda8504082ea57f596,5a957e8c7768436f08ef640fb099f3df78b31a33,2a81240b573aa51ea018b9f67d99abab7a6d5da5,train,1,0,
openmoji:1FA83,openmoji,1FA83,boomerang,tool,compact,https://cdn.jsdelivr.net/npm/openmoji@17.0.0/color/svg/1FA83.svg,e39cfcff39008102b689017a5fd066fb05936eee,a84ab27cd15e8e779dcf4d4a193515ce7f1817c9,90d0e6595d9171e3eee98d4949c4b11e4412e54e,85eb1c2ebc1de261bb779659a98ee223b439a877,train,0,0,
openmoji:1F7E8,openmoji,1F7E8,yellow square,geometric,compact,https://cdn.jsdelivr.net/npm/openmoji@17.0.0/color/svg/1F7E8.svg,437aa9f68a0bfdfe14c70f8706dd39260491950f,73c03b42c6e754dfeaeb4ea05b7ccb792922fb0f,e8e3c76146d38f345489a3e3fcc40cf1bd11a26a,89c2ea99916a93226959dbbfc5829fe9ff06b693,train,0,0,
openmoji:1F357,openmoji,1F357,poultry leg,food-prepared,compact,https://cdn.jsdelivr.net/npm/openmoji@17.0.0/color/svg/1F357.svg,3cb77424ad68058586a382610192c99bb903a397,936e7ece4f83ab57fde0b95de21675212259ba0e,5e60e505b83ec1725f33633958ad5351c792d28c,d99bdbb3cb4f48f2edc154c4130f2f39491d4640,test,,,
openmoji:1F34B,openmoji,1F34B,lemon,food-fruit,compact,https://cdn.jsdelivr.net/npm/openmoji@17.0.0/color/svg/1F34B.svg,e4c8210dee36fd8585d7aba3a67066a130ad23be,6048938e3a9819e56b117e85a74bdd4891736399,5b61764116e06e3b8a1a7b4b2361f79259c46f6f,5de2e0962c2a90645f16727d0c11445023eb94dd,train,1,0,114
openmoji:1FAD7,openmoji,1FAD7,pouring liquid,drink,compact,https://cdn.jsdelivr.net/npm/openmoji@17.0.0/color/svg/1FAD7.svg,e0046494c240b3fea6ecacb53efbfc5a37ef1cb7,e953c6c5304b3bf71ae8c117ebb87cdb74a5bf65,53ade341d8e0d929a0704fd996151f8bb62ab957,3b4f27e5292de46e51d9d24f77c9d5efcd2b17e0,train,1,0,144
openmoji:1F6CF,openmoji,1F6CF,bed,household,compact,https://cdn.jsdelivr.net/npm/openmoji@17.0.0/color/svg/1F6CF.svg,92b5b1322a4a512a8c99ee544e58fe515354d12b,f9ffb8a6167efb2f7f6d21be7549befc8b62aea3,973f57b1a4551dfc6d3ccb5b923726ea707b9397,80e9e140914d16ba12aec61946802c6089a4bbc3,test,,,
openmoji:1F99D,openmoji,1F99D,raccoon,animal-mammal,compact,https://cdn.jsdelivr.net/npm/openmoji@17.0.0/color/svg/1F99D.svg,8ff8b39ff4fc37c333093e04433872fbf8000e02,2a043a066df6f17fb2c8e29825531cd098210cc7,5661c147769aa7819bc6e922dfac090482798478,80198aba766a02cbb476d85cef44574f010d9541,train,0,1,
openmoji:1F7E4,openmoji,1F7E4,brown circle,geometric,compact,https://cdn.jsdelivr.net/npm/openmoji@17.0.0/color/svg/1F7E4.svg,1b6de137aa8f8c7f6b19ea7fd75c0fd5e741cf5b,4847c95c1ab6756fbe0389a3bea1b77bb9d370ca,e23e3d9a0e5aaf6bb997f77c122c7119a4b79255,8ee63e36ec4d51e8911e64f2871a12fc17c25eec,train,1,0,
openmoji:1F96A,openmoji,1F96A,sandwich,food-prepared,compact,https://cdn.jsdelivr.net/npm/openmoji@17.0.0/color/svg/1F96A.svg,716d9a2e2c005732c26808612964cc738dc7b7a9,97c3c314638a9f76b12abc4cff5fcf0b45b4b6c0,776346e20ef78586101ab119d5a0d3ab3cf00f5a,5a79bf3901d4c0b21f86f277d507076d0c41206b,test,,,
openmoji:1F6F9,openmoji,1F6F9,skateboard,transport-ground,compact,https://cdn.jsdelivr.net/npm/openmoji@17.0.0/color/svg/1F6F9.svg,f73474e79b77c0630c990507b203aa2b46fddfaf,ab02424cf461de6f3f7476d6f4409f0e0496141e,8fb527a28f86fc1bcef881b14bbf764f8d68b62e,13ae8d2707a8a76a3d340e2e82085dd71bbc9e8a,test,,,
openmoji:23F3,openmoji,23F3,hourglass not done,time,compact,https://cdn.jsdelivr.net/npm/openmoji@17.0.0/color/svg/23F3.svg,08d5f42efa7a1e39c8fe3ffecdbe0ac9bffcb07d,73a7801667aae4846882e934b34aeb0b507adefc,2347bc089d8f75181ff89e2481b09942da8b5f5f,23d83a270da3c928957085ad01554de049a6ff6c,train,1,0,54
openmoji:1F3A3,openmoji,1F3A3,fishing pole,sport,compact,https://cdn.jsdelivr.net/npm/openmoji@17.0.0/color/svg/1F3A3.svg,1b984533e58f21ecfecc7a8e5089f1027c43a0da,81d15fc82a02e0ed957dc879679f9196ad94121b,6912762008bf46451e8cf8e3d7b6a3f9a6a4dd77,52b87c21564fb4c9122b1ddc02d4bc361bcfe928,train,0,0,
openmoji:1F94B,openmoji,1F94B,martial arts uniform,sport,compact,https://cdn.jsdelivr.net/npm/openmoji@17.0.0/color/svg/1F94B.svg,63e31b5f9df8d091eef0d791c1480b922db3866c,369f2df81be9e1ca67f73cf0980864456a35ce49,573796f937a8d3802aeda72b0c93c6e3f3aa6dcf,113d849c99a8e8161a3ee34485fc04c3d89461bf,train,1,1,
openmoji:1F3BD,openmoji,1F3BD,running shirt,sport,compact,https://cdn.jsdelivr.net/npm/openmoji@17.0.0/color/svg/1F3BD.svg,d953b431a459f3022505e706ebaa95ac81ed2f69,7e8628f69804e3c38d6adbc694e41b5b767fa2f0,fbce395ddbdf8a93cf72ea86c645581e5657649b,ae0ec1054e2d6676f1cd5d7afcbd415e7e28b789,train,0,1,
openmoji:1F94C,openmoji,1F94C,curling stone,sport,compact,https://cdn.jsdelivr.net/npm/openmoji@17.0.0/color/svg/1F94C.svg,cfa12b140a0dc3b68086c065b10fd89d1ec491d6,539d66af35d5759da6d591b7437d44f64fd5fe62,47d54183f841ee63df062aabddb9fc8d18aff560,b92d8bcb04ccb1e4f45e20536c483f1f2c268b63,train,1,0,165
openmoji:1F424,openmoji,1F424,baby chick,animal-bird,compact,https://cdn.jsdelivr.net/npm/openmoji@17.0.0/color/svg/1F424.svg,93fc1479ba6897193bf446d80c4673ced68fb8fe,268ee3f82ed02d1f38075e4be7158f2bb4a6e3a8,96b6e395699e83a4b4727b129836f8cb5fa60149,9d914813f4e11bdb87dbfb8d49d5cae13021426a,test,,,
openmoji:1FAB6,openmoji,1FAB6,feather,animal-bird,compact,https://cdn.jsdelivr.net/npm/openmoji@17.0.0/color/svg/1FAB6.svg,ccc57a1fd7554ba82adea6844cafefaf86aaf4c6,0b7c7c50dcb4cd6fd4d6652802dc371c30b0e9bc,53f630f7d3dc90d1ade209cb6dd05ae6587156c7,ec67dae008a8693877476b2bb57a94e25a344f60,train,1,0,
openmoji:1F682,openmoji,1F682,locomotive,transport-ground,compact,https://cdn.jsdelivr.net/npm/openmoji@17.0.0/color/svg/1F682.svg,4089ed23468a4bc9b65ba424185e683722854c95,ec7b06cd5b1ae8a815bf0500a68a03bd6f0e6b1e,cfdc36df5c55cfdbeb55268a5de90958994a3025,c46599cb2c38921b45fb86ca777e8b2626de9732,test,,,
openmoji:1F3E1,openmoji,1F3E1,house with garden,place-building,compact,https://cdn.jsdelivr.net/npm/openmoji@17.0.0/color/svg/1F3E1.svg,5d3790b9ee69267c572193710d52f495ee3e0a56,30207d379be744c5f9edd23160bafb97ed63f774,e8675d55ab50354106b3bf52eb05039925eb7327,983f24589a307ab5c8e71e04a77c331e999ba299,train,0,1,
openmoji:1F567,openmoji,1F567,twelve-thirty,time,compact,https://cdn.jsdelivr.net/npm/openmoji@17.0.0/color/svg/1F567.svg,4f39b42338e5925cfef149a0dbab64ad57a20d1c,b113a5c4e72c461c45b52ad9541653410df9f718,ef8ddcfb803b917b73d72ef3d0193174b976b9d8,30ca23604ec984bc6cb899b37df915940e691199,train,0,0,
openmoji:1F688,openmoji,1F688,light rail,transport-ground,compact,https://cdn.jsdelivr.net/npm/openmoji@17.0.0/color/svg/1F688.svg,7197d15a71eef8677c7bb26dfae987bf4019479c,891d97b66b908a7f6a7547a12c977398017e6824,4d84965f40936452604550c78e3ea97aee462346,257fedde9340d9841523931d4ba2956edc512e5a,test,,,
openmoji:1F318,openmoji,1F318,waning crescent moon,sky-weather,compact,https://cdn.jsdelivr.net/npm/openmoji@17.0.0/color/svg/1F318.svg,3d498892fba238cf9021abbc696d505ec5b801af,30d52192503d49f3e63b41845eaa1aec8c5ebee0,b639bb589dfb88dfdf0f3cbe60f7f31bc21b8f6e,c54da6e1f384cdb80251bed3370377bb38796564,train,1,0,
openmoji:1F7E5,openmoji,1F7E5,red square,geometric,compact,https://cdn.jsdelivr.net/npm/openmoji@17.0.0/color/svg/1F7E5.svg,fe0033f72a04bf9d10e6ac40b8abad5fbdcbf152,73c03b42c6e754dfeaeb4ea05b7ccb792922fb0f,b986296f32713417fe08f6be38d21d4c6f5741fb,c94f28fe94e434cb4b4001196c64f6edec7be274,train,0,0,
openmoji:1F9BC,openmoji,1F9BC,motorized wheelchair,transport-ground,compact,https://cdn.jsdelivr.net/npm/openmoji@17.0.0/color/svg/1F9BC.svg,b4807fb38a26510e9e84225a9c1d7fe35539e364,8fbecd44572f62d6c9d252a14af5f033161fe823,aee83f0f101cbb542f0f79fa85a8c8d4423658c1,99c659ca2f69db651e89251244ad94b936953d98,train,1,0,
openmoji:1FA9C,openmoji,1FA9C,ladder,tool,compact,https://cdn.jsdelivr.net/npm/openmoji@17.0.0/color/svg/1FA9C.svg,660779083800c073c2036efe69b28a2a5642516e,d310b4693ebd80086e1dcefe8c28c4f9ab99c4b5,a1f5901053a2e41b1817fabdf48397c25fca3baf,1bd71b5d6f14739bed437903bee028d99099f95b,train,0,0,
openmoji:1F6E3,openmoji,1F6E3,motorway,transport-ground,compact,https://cdn.jsdelivr.net/npm/openmoji@17.0.0/color/svg/1F6E3.svg,89a9f482334b434963388efc628a507783137100,805bcf767cb6adbce1298953cb6ee974c584224b,60212f05746a026f6ec4484469bfbe4d64e85cad,d9e6bb9b16145f90e3f6ce8cca22e0d0f55e12bc,train,0,0,
openmoji:1F351,openmoji,1F351,peach,food-fruit,compact,https://cdn.jsdelivr.net/npm/openmoji@17.0.0/color/svg/1F351.svg,5cc5ee076dc835f286c445dbeae63108205dff66,70f38f434cafb24d89bb46beb37f37ded541df75,5545c84519cd9d12c48dcc897281024325d0dcb8,94d644bf0451484829be4ea2592156bdee1efc42,train,0,0,
openmoji:1F32F,openmoji,1F32F,burrito,food-prepared,compact,https://cdn.jsdelivr.net/npm/openmoji@17.0.0/color/svg/1F32F.svg,1b1ac978246b6c7604eaa9d4e40c0d76203d60c2,d10b61df13e3bb67fbf2dc1ba92e3814ada27389,64a29ca868cf5cc057fe98047e9ac82a41ca9db2,8b8c3127cf8b4e9867b22a1d543c7ae5b90c7e31,train,1,0,199
openmoji:1F372,openmoji,1F372,pot of food,food-prepared,compact,https://cdn.jsdelivr.net/npm/openmoji@17.0.0/color/svg/1F372.svg,465704a3bd0860e493888947a4bca66d3ac6a564,1f6dba2816b96d3de19f2da177384325e6818e45,e16c13d70973b89fe14d31a0188e020c37555233,ba1135edd679b63f66bd65b0a1c745a17641dbce,train,0,0,
openmoji:2615,openmoji,2615,hot beverage,drink,compact,https://cdn.jsdelivr.net/npm/openmoji@17.0.0/color/svg/2615.svg,853b2441b14b11835ee0c34c958ff621f89b8372,074cd592c8defe90c708aa63fd663722d8eebccc,b59d3dd4cedb8c2721daf5f5714be5ea232f3b09,a0b76cf58ad68b8ee11625a94befb28cb4cbba87,train,0,1,102
openmoji:1F426-200D-2B1B,openmoji,1F426-200D-2B1B,black bird,animal-bird,compact,https://cdn.jsdelivr.net/npm/openmoji@17.0.0/color/svg/1F426-200D-2B1B.svg,2132cfbb99c5cb54f789fa9687751b50b7d44ba0,35bc28959b3d1fe5c688e3110e4c74dfa819460b,5956aded39a50eff4855a927bd8f717fad893124,1ceaa75ddd11f6a7cbb0a2b5dd16d5fca54ada44,train,0,0,
openmoji:1F3EF,openmoji,1F3EF,Japanese castle,place-building,compact,https://cdn.jsdelivr.net/npm/openmoji@17.0.0/color/svg/1F3EF.svg,1d1ec40991e710fe7bc602823e0cfd855417c779,b5ee5e8c95441a934d2940f037d869e16019a06e,170a713f519d4ceb42f402ba0ce9895e3f6f35ba,04cd478767df47c7b3fe24353e37e1696d39a26a,train,0,1,119
openmoji:1F353,openmoji,1F353,strawberry,food-fruit,compact,https://cdn.jsdelivr.net/npm/openmoji@17.0.0/color/svg/1F353.svg,597dddff35281ac3fba3b0f6e26a4ab81fcbbf1c,c6d572a539e02c3ad1b9d4795d8c6f50e42945b0,54772d2981711e5f893ea8c9869b957b54bf3351,f24c537a02e86e38997c7a67e27f63e6730b28c9,train,0,0,
openmoji:1F3B3,openmoji,1F3B3,bowling,sport,compact,https://cdn.jsdelivr.net/npm/openmoji@17.0.0/color/svg/1F3B3.svg,d8dd475c66e641c82164ab9b891ba521365b7909,4bf0e599a024dbd1cc1137fbd29a0758d92f7394,f05ce71d3858572f89c13be1f722faeee9a75132,cf117de3a3465840f3260b27e7926513d087d58e,train,0,0,
openmoji:1F97B,openmoji,1F97B,sari,clothing,compact,https://cdn.jsdelivr.net/npm/openmoji@17.0.0/color/svg/1F97B.svg,0c0f88dd035a08de35b2810dd23577f752a9196b,c8bd09ba278d9de7a7de0a0a7ce8fd3e468bc78e,74aae6663beb743e5926e044c0e3f0444d881ff9,f93310d0991bc1c16d440105bf996f9bd4fabfef,train,0,0,
openmoji:1F517,openmoji,1F517,link,tool,compact,https://cdn.jsdelivr.net/npm/openmoji@17.0.0/color/svg/1F517.svg,7226861caaca09112a616669d833bbf31819eaf7,72522d4ce1d91b348602d4ade0f056123ccdd4d8,c2fbf3be09ab8ffbdf341c8a9f3d9916d23d889c,18ae6d2bd4a80d6190a85f5845a02b450421ba59,train,0,0,
openmoji:25FB,openmoji,25FB,white medium square,geometric,compact,https://cdn.jsdelivr.net/npm/openmoji@17.0.0/color/svg/25FB.svg,66df721ee8ec14ae60072a49b8da5dfd54259343,9970616f3f72df0907b6d4e2a9ff93cbbe3dffac,8021b189e2f3d5cdccf072f1a9b981eecda9dfe8,fe495deb7729063ce0f63028f655170050f8d25e,train,0,1,
openmoji:1F45F,openmoji,1F45F,running shoe,clothing,compact,https://cdn.jsdelivr.net/npm/openmoji@17.0.0/color/svg/1F45F.svg,b5af91670b3dcfa77a0502d836a1e8b8266ce196,c342c4c96d589eb621b7007f581f7c5b70d6d17b,5193df69dbb01a6bb839f53e9520f4c240f52cdc,52f46d88e452a4b7a037a2ca05c36ddea607bd69,train,1,1,
openmoji:1F377,openmoji,1F377,wine glass,drink,compact,https://cdn.jsdelivr.net/npm/openmoji@17.0.0/color/svg/1F377.svg,d0f26706189bd2d5b3f990cbf2c6eb36ea2d9b22,3f04453f3906775b4307e3a3f95306fb2f2ccbc8,1de34b4723b9b6c30fed3b981372ecb5a62fcd39,5e017b31a2077522446f3348d0ad9af995b18c80,train,0,1,4
openmoji:1F537,openmoji,1F537,large blue diamond,geometric,compact,https://cdn.jsdelivr.net/npm/openmoji@17.0.0/color/svg/1F537.svg,a6467bdb917714309ca4782b9f233757cfae6561,d2ea86646122d396e08d13e6c0ac8641ca4b694d,1df963bbc5ee86828908a1093740c870ca5affe1,0147fa81c03cb6d81ff80ee4c4ae7c6220299fee,train,0,1,
openmoji:1F9CA,openmoji,1F9CA,ice,drink,compact,https://cdn.jsdelivr.net/npm/openmoji@17.0.0/color/svg/1F9CA.svg,db1b38f1a6c2a96558941ec36a6c7440eee62376,4724fbceb678cb79cc1dbea7ec463de6ee878bc1,707c0a163ac827c6f70ee8adb9155d4ed47c30bc,ed70ccd09420d508194553fb1bbb6cd0bbdd136a,train,0,1,46
openmoji:25AA,openmoji,25AA,black small square,geometric,compact,https://cdn.jsdelivr.net/npm/openmoji@17.0.0/color/svg/25AA.svg,64f820b5bff205d7dd1b9d7970370d837d5d5455,b485131b605fb16696e35fede3eea7eb28d0aade,e41349bb5644afeadbb6ed58aa77941a1deefaf2,4435265dfaa8a8fffbeb9764a576317e9a776a36,train,0,0,
openmoji:1FAD0,openmoji,1FAD0,blueberries,food-fruit,compact,https://cdn.jsdelivr.net/npm/openmoji@17.0.0/color/svg/1FAD0.svg,f4d9e02d6dffa91079207b79f8ab8c9ef475baf6,fa9473f9a7963edfb74001271bb6198314deae1e,e687e88286149c802f91a07974b9938cef7e0feb,8bbd04e954d6e60888299183261c29a7194ab316,train,0,0,
openmoji:2602,openmoji,2602,umbrella,sky-weather,compact,https://cdn.jsdelivr.net/npm/openmoji@17.0.0/color/svg/2602.svg,c85f012d81c7f61b462bdc6f9f66349eb2499d23,b18cea8584ae9b4b8ffab9251567504c84c966c7,5de60bdb7dfd35d508be15bbb0565ef968fa19be,45f0c4c3742c979ec5fc5a034232cb7299bd0d7c,train,0,0,
openmoji:1F350,openmoji,1F350,pear,food-fruit,compact,https://cdn.jsdelivr.net/npm/openmoji@17.0.0/color/svg/1F350.svg,905b8ac6c96fec028a796a56bb3483a8372184df,5d201fd405cb81aa882d9ce4e20d9b0940ed8d07,95e19771c6a1c1de07df066697b0ddd2f06344a6,3ecadce9802369e9361fb57bbc8c0b91d18539d2,train,0,0,
openmoji:1F534,openmoji,1F534,red circle,geometric,compact,https://cdn.jsdelivr.net/npm/openmoji@17.0.0/color/svg/1F534.svg,0bfbb53e58b4ae980d8efe68419c9f9c3cfb805b,08644623aa9ea25214ead53f6fc73346646b298d,f8eea952e8d203fd738bd8b261710c2976ee1824,3bea533d8410a76e63c52d0f644a2ea27a454280,train,1,0,
openmoji:1F97F,openmoji,1F97F,flat shoe,clothing,compact,https://cdn.jsdelivr.net/npm/openmoji@17.0.0/color/svg/1F97F.svg,4e5eafb4b89b40e3a4d6d3043305fe73d97a31b6,80eedb5933fe3da439d8ae8bce3a7b76b5664e24,92b7679f11aa96b2213b4a5d546a11db1367b2b4,75a043e9e62cfa3d2d0ec8feeb93834b2412f368,train,1,0,
openmoji:1F6D7,openmoji,1F6D7,elevator,household,compact,https://cdn.jsdelivr.net/npm/openmoji@17.0.0/color/svg/1F6D7.svg,edc2e37f9ea45d28c1449f6bac4978cbc5ae32b8,5b5a515e426784a6fb46f63ad8c1d87a7c767d99,30ca762d036c594952b135b5a2a877c4cec813f5,d83cffa947f12e1a2348a00b1a59606138017d28,train,0,0,
openmoji:1F37E,openmoji,1F37E,bottle with popping cork,drink,compact,https://cdn.jsdelivr.net/npm/openmoji@17.0.0/color/svg/1F37E.svg,b4aaa9dba56b962cf96e54d60596bfb134229d48,0d8ef15e6ba67f553d0c630c1c220cfefa1f20b0,63ffac58dfd44cfafc05ccc326579f56ada589ff,9cefa73897f0c28950b7125c283c8ee6460fc341,train,1,1,
openmoji:26F8,openmoji,26F8,ice skate,sport,compact,https://cdn.jsdelivr.net/npm/openmoji@17.0.0/color/svg/26F8.svg,a6070c8e7bc619bfa7c053cf48c8de87ee4f0898,c011e8a7b2608d67abf1cb9b70e58beb821e8f1a,2248191d1ca85491a4b1d7a203da3a9142cd4f7c,5efe8510f86966eed4eb2c5891bb1cfd59cd31a1,train,0,0,
openmoji:1F685,openmoji,1F685,bullet train,transport-ground,compact,https://cdn.jsdelivr.net/npm/openmoji@17.0.0/color/svg/1F685.svg,e63345926fc89180846bca958c67e401fb781d8b,aeee0e63bf03bee47cd803ed3f2ddd7fd1d7c910,ac98bd0859b62ae325dfbd60c2392e3d1ac6f2f1,e4d2ba045379ba63d62da033e6bac3b9fa7f7a75,train,0,0,
openmoji:1F95A,openmoji,1F95A,egg,food-prepared,compact,https://cdn.jsdelivr.net/npm/openmoji@17.0.0/color/svg/1F95A.svg,9d6ff585b21fd91ecd8e1c02e09bbc5fa5a67583,54ef304cb3f481d5034e42185b9062f50d41684d,70faacfe6fc0c2e68f578f0d385c21e1f845aedc,856d25e299d1df96a6f3300b094f88e16fe28c4a,train,1,0,17
openmoji:1F576,openmoji,1F576,sunglasses,clothing,compact,https://cdn.jsdelivr.net/npm/openmoji@17.0.0/color/svg/1F576.svg,3d89d36e94f6784317a4b1051beefb0759a96691,2ee18814525c0efd03fd1e9fa0a83f5e59507e86,6c702114530b171fe16c2e8fc5f9099935c8033d,7c7d34f283c07c402034ce8f0c65a1da3ec80084,train,0,1,
openmoji:1F9C0,openmoji,1F9C0,cheese wedge,food-prepared,compact,https://cdn.jsdelivr.net/npm/openmoji@17.0.0/color/svg/1F9C0.svg,98b39fe7a51810374c68cec6bad85196fb2fa787,26f9a57e10c21b67900707e58ad53e40bdf661c9,82391e34d0542136fb636cb99d2ff05fbeff6233,6b86efc4e1f9f4d11aa4a32a3890da009e571d79,train,0,0,129
openmoji:26BE,openmoji,26BE,baseball,sport,compact,https://cdn.jsdelivr.net/npm/openmoji@17.0.0/color/svg/26BE.svg,539429f4401b2f0ffcded4a3ea703774bbfc9ec5,a9156387371f3b640f3bd566b0a71d07edfcdf9f,8fb3b074f0ffc3581f304d1e50f117f27b47d4ca,0e6414ab04d6fcc5a31017d37d6fc3f64cad62ce,train,1,0,
openmoji:1F408,openmoji,1F408,cat,animal-mammal,compact,https://cdn.jsdelivr.net/npm/openmoji@17.0.0/color/svg/1F408.svg,65eb03ccfbf5f415065ba2a6bbfc9310be57b3a6,2874a481ee185888e017150dba9aab2e1c7f49c9,790497ba29163b452733b5074efd3c132f635046,fd03c8eb3e88d3abceced9b27b6e27d78f8e2551,train,0,1,
openmoji:1F315,openmoji,1F315,full moon,sky-weather,compact,https://cdn.jsdelivr.net/npm/openmoji@17.0.0/color/svg/1F315.svg,9a53c7484650d6eab72b83f644b264751fb126b5,5447821bc6f58c8b39eb9b995c875988426a680b,128fa07686b7d8fa7c7b983f990277204388d745,690e569da86e00368e8e15b0005a427edffd5266,train,1,0,20
openmoji:1F554,openmoji,1F554,five o’clock,time,compact,https://cdn.jsdelivr.net/npm/openmoji@17.0.0/color/svg/1F554.svg,1a96bed55d2ca356b037ba58422c7c7a341beac0,5f253d6ed24a504d03c8bdb42aef3020fc95660c,61d139b7bb91a70c8d4509276212b69b8612ae4f,8e81b2bd911f2fae90a972bdad395967f8529162,train,1,1,
openmoji:1F96D,openmoji,1F96D,mango,food-fruit,compact,https://cdn.jsdelivr.net/npm/openmoji@17.0.0/color/svg/1F96D.svg,2826b90230dc999d81a362c5d9ed2def1ae8e300,51be0de8067b5ff488e3b71de9b57b35df9678c9,b7e26a32a9f2a60d5969c0c2e06212af9cff10bd,0d39a2a6ca07789e52b8324837f3ea3f2d0bf4c7,train,1,0,
openmoji:1F532,openmoji,1F532,black square button,geometric,compact,https://cdn.jsdelivr.net/npm/openmoji@17.0.0/color/svg/1F532.svg,100612fc1dab0e0e9d04d9c302b06dffc10d7ce5,b313a0ea856f2b8b4a0e797bfd7aef0e555e36b8,889539cfd8b54639fb566354ba174e16cc0a28d0,8823ed46341db53c64c270c7ba126bd693021423,train,0,0,
openmoji:1FAA3,openmoji,1FAA3,bucket,household,compact,https://cdn.jsdelivr.net/npm/openmoji@17.0.0/color/svg/1FAA3.svg,74f3352cbb1c9fb19c02f26f6e321bd547da2b13,86721683cb20b3e3ce98604f8bde6cc5e37aa1cd,a886b1ea1b02ae119dde046509b93e9f19f853f3,99b619e96d1f3d3c4941da01723c3cf95f9dd67e,train,0,1,
openmoji:1F407,openmoji,1F407,rabbit,animal-mammal,compact,https://cdn.jsdelivr.net/npm/openmoji@17.0.0/color/svg/1F407.svg,a93197ddca64eb534ccc2a32b4c17e3707ebf5e2,65c6914264224090cdc65aeccf3cfb9f562bafc3,654a534d1a833a506784bda639d38a7eeab31823,0a51de2a4cfbcf7871523677b9782ad74852da7f,train,0,0,
openmoji:1F9F7,openmoji,1F9F7,safety pin,household,compact,https://cdn.jsdelivr.net/npm/openmoji@17.0.0/color/svg/1F9F7.svg,0ecf79726f1a2c28dedda15896675de320aa1853,a0614ad58678dad56ccc136296431839b977c754,d71fef340ad3a8b342749004cd7cf86764223e0c,7a0c0c5d16eca9cf8e12568e5e39479aa8a71d69,train,0,0,
openmoji:1F9BD,openmoji,1F9BD,manual wheelchair,transport-ground,compact,https://cdn.jsdelivr.net/npm/openmoji@17.0.0/color/svg/1F9BD.svg,06a0955321b7a73e1783e1f95f81787eec7d0ce2,afb7701fb83f0b0c5447b09245cf370d93f3aed8,102306ec93ab8e3719b2a29d7c841368bea94027,3de73f3860a22c3835c2023fca950dc6baabcdcb,train,0,1,187
openmoji:2696,openmoji,2696,balance scale,tool,compact,https://cdn.jsdelivr.net/npm/openmoji@17.0.0/color/svg/2696.svg,8171b0abb0a7bbcdcffb07c8aef7e54630a6e803,bdac8636bd922aef3d92efd18cc58f6ab574ba92,3e883161863cb934dc4ee5671d5f358a801bf920,51edc2425df8956e7cf3c64fd3bd5af199ba847f,train,0,1,
openmoji:1F3DB,openmoji,1F3DB,classical building,place-building,compact,https://cdn.jsdelivr.net/npm/openmoji@17.0.0/color/svg/1F3DB.svg,caa5a9b4f3d6a4e247d1d763bc3628d05ba588f5,235c08df3ce41be31b90f457e48543c4af9418d2,9416fb5a117db2aa03157b06a1c791db41a67b71,a7338ec2fa982c401b72f74df4b0b562db581417,train,0,0,147
openmoji:1F9F0,openmoji,1F9F0,toolbox,tool,compact,https://cdn.jsdelivr.net/npm/openmoji@17.0.0/color/svg/1F9F0.svg,b61112999a08b032bc955e06a5e0fd5fc0880413,9e1f1d5c9c515f3e47fb1ca71f5533523644e5eb,1a658c57e4110ecff90e16dafaac7db18f83f44c,a67d264d6390dedf2b69880e02ee8fd5b161ff08,train,1,1,
openmoji:1F68C,openmoji,1F68C,bus,transport-ground,compact,https://cdn.jsdelivr.net/npm/openmoji@17.0.0/color/svg/1F68C.svg,660b7f14c191e59ff137b460bd9b7b268271d04e,067be37f98fd81641a1dbc5ce758e16f552d921c,cbc480d0bfb672f8934709f94ee0b7d6c16bf90c,7b336e445c130f6f741c774fb86fa724e61718d7,train,0,0,
openmoji:1F963,openmoji,1F963,bowl with spoon,food-prepared,compact,https://cdn.jsdelivr.net/npm/openmoji@17.0.0/color/svg/1F963.svg,db2df4db561e89ed456e7222d325678c5062892c,fb3e88050c6f624feaa61ad8d51ce924078a5f18,f6f827cd60a07426e3637337316c68ad3e3753f0,1c37e91fd13cd48add7633d412b28f867f7c7272,train,1,0,
openmoji:1F6E2,openmoji,1F6E2,oil drum,transport-ground,compact,https://cdn.jsdelivr.net/npm/openmoji@17.0.0/color/svg/1F6E2.svg,9d9a1815f31e6332faf78f46c62a0dc5df60cdda,ddc2d07921084dcdbaf503c6b769c895d2bbe4d3,9de73f9006f2c1a9c00c09572da4d79283dc02bc,087f0f7a92866385b58b3447424e74e3e139850d,train,0,0,
openmoji:1F9F9,openmoji,1F9F9,broom,household,compact,https://cdn.jsdelivr.net/npm/openmoji@17.0.0/color/svg/1F9F9.svg,4bf431ed8947c1520b7aa17077b0118449b54991,a387b23d87d4bb6df4d656293a5c953a154c1ff2,0efd7f2d1716b1040394380f27cb99430198db3e,4e8238f04d71ffe7cbfe0e022bc71860aafc28ca,train,0,1,
openmoji:1F34F,openmoji,1F34F,green apple,food-fruit,compact,https://cdn.jsdelivr.net/npm/openmoji@17.0.0/color/svg/1F34F.svg,997c137599a8af619e3be79dc1f5e99a2cdd13b8,7067602a0530aa3244189ffa5e99a4d1fb4de3b2,55ae2b7a85f02831d314c0ffa26b956b09644b07,c4a11064e88c972c7e9263f7cdd4b89ec751f5e2,train,0,1,142
openmoji:1F566,openmoji,1F566,eleven-thirty,time,compact,https://cdn.jsdelivr.net/npm/openmoji@17.0.0/color/svg/1F566.svg,9c35a97a0dbeca64d32dcbb2cc6e4a2144c0988d,537b28f32edc3f7a346f2ca995ccaff444f8104f,dfce9e5e3a35bd50fe404e836f705bd0fe82d125,bae390ef1084c0412577be91fb6ef68bf7aeebe7,train,1,0,
openmoji:26A1,openmoji,26A1,high voltage,sky-weather,compact,https://cdn.jsdelivr.net/npm/openmoji@17.0.0/color/svg/26A1.svg,75da85328ca1aadc70977bb29d1f2c66fb29ddf6,1e067a6ee87ead4271664d5a13b08819a85fabfc,1304e30b1cc8d186713e04a60a29b7943ee4133f,d3d0e92abf3542613dd869c5d6bca642e997ec30,train,1,1,
openmoji:1F9C6,openmoji,1F9C6,falafel,food-prepared,compact,https://cdn.jsdelivr.net/npm/openmoji@17.0.0/color/svg/1F9C6.svg,2313351a11b157f5b2468aad40053875571992f2,d9f30f44990b590934d793830d1a74643d038f3c,764aebf0c6719ca9342200cfc7e96d533b542958,e57e7696749caf7d5c358b1f7dbb04c7a1c4dfd2,train,0,1,
openmoji:1F30A,openmoji,1F30A,water wave,sky-weather,compact,https://cdn.jsdelivr.net/npm/openmoji@17.0.0/color/svg/1F30A.svg,51dcc0caef1fc38052106aae615cdc2ddf5bb3ed,03bfcd71211dffff4c92a498e6daa173ddd3e28a,922a82d302f0a668ff9c1b77893a2fbdc64bf8db,0adfd0aab6bf825b6cd2efbf85af0954d04b109e,train,0,0,
openmoji:1F9E2,openmoji,1F9E2,billed cap,clothing,compact,https://cdn.jsdelivr.net/npm/openmoji@17.0.0/color/svg/1F9E2.svg,392d953bddb77fb36005e0b1b52461364e8238c2,5ba4fcb229fc7a14156cf0e4e96359707567ce16,fdbee5e1ac8e203a608d03cb49bbd215cb50fd45,dd4a5da2ddee91249c6c26b8e828138b8c8de6f0,train,0,0,
openmoji:1F558,openmoji,1F558,nine o’clock,time,compact,https://cdn.jsdelivr.net/npm/openmoji@17.0.0/color/svg/1F558.svg,7d1df00400fcc839069c9250ccc10019d5aa7bda,6c9a4431f580be1aec8ad37b84be78ff812646ef,ae5f7bf6aba64a91308284911eb1e6b8f6bb028d,0be5cce0c72cc72542ea6dac1bcbd0f7ad167284,train,0,0,
openmoji:1F6DE,openmoji,1F6DE,wheel,transport-ground,compact,https://cdn.jsdelivr.net/npm/openmoji@17.0.0/color/svg/1F6DE.svg,1740746e93aaea00578e6e7bb1195ea8e5159fa7,37e314577535d551832f905f77270e4b7bc45dbe,71455d0d6a2f13c95ae9d4139c6df31351c892b5,d6312b06ecb98f8c43f44971a1d24b68f2137993,train,1,0,
openmoji:26F1,openmoji,26F1,umbrella on ground,sky-weather,compact,https://cdn.jsdelivr.net/npm/openmoji@17.0.0/color/svg/26F1.svg,c2fc6bbe0dbbebb03adf478b6fc163eea7e3af3e,def5fedd91caa83f7e24382a5e5039dbf3561fbd,81aa3b94f7ef0a398ab8d291072060a712a53c66,99e55542ef7ebeecbad4e56fb9e0de2e038f5f8a,train,0,0,76
openmoji:1F7E2,openmoji,1F7E2,green circle,geometric,compact,https://cdn.jsdelivr.net/npm/openmoji@17.0.0/color/svg/1F7E2.svg,df42f625cbe69b01637d832c5b5ebfb9be17fc6b,a722d47e1a498c441017fb3412cebf1c406b1af2,69663c6462fa8b2fa518ec887dfa734acb81e505,ddf19e69a66064ccc02b49032887ae224cd02911,train,0,1,13
openmoji:1F983,openmoji,1F983,turkey,animal-bird,compact,https://cdn.jsdelivr.net/npm/openmoji@17.0.0/color/svg/1F983.svg,3d9ec85ab9fe2a3e27d2739fe8f17e42fc42757b,7393b717fe8923b018422634c0d18780693cc2bd,c50c0437e32c254914b42b879cbf32992bfbf711,b0c75b5f204b780e7b150f13a8d3a68e5bc7110c,train,1,0,169
openmoji:1F959,openmoji,1F959,stuffed flatbread,food-prepared,compact,https://cdn.jsdelivr.net/npm/openmoji@17.0.0/color/svg/1F959.svg,e5907135302ddd8d07b1aee0c1fb9ca028be30f9,5801d52a23f59b6185dd2db72dbb5e2cab9d60ec,f9f832ad0885c7f9cd591e524b4773ccfc04bfed,046c1981f349fa6161d2438488c06220e066093c,train,1,1,
openmoji:1F3D0,openmoji,1F3D0,volleyball,sport,compact,https://cdn.jsdelivr.net/npm/openmoji@17.0.0/color/svg/1F3D0.svg,f945a0fa8924d7691ee39779f28dfd5b98c24596,22df61e97782c4c0453fad7a488d2cdd824d0881,54952aa12efa5abc4eb6a3e8e585231fb64282ba,a98139f0beeb6a0b1b6cc9ac16d793c3ff3bf1a2,train,0,0,
openmoji:1F345,openmoji,1F345,tomato,food-fruit,compact,https://cdn.jsdelivr.net/npm/openmoji@17.0.0/color/svg/1F345.svg,598dbec79ab2effffae3add0ecc0a36ab3e757e0,8aaf4e53abf9bede0d695637e126609b331b98c8,de7c27f172c3efa50af95b3b4248d0eb1a6e4c81,e3bec4b5df25e1892024ee0fa3f03380304c9ea9,train,1,0,170
openmoji:2B1B,openmoji,2B1B,black large square,geometric,compact,https://cdn.jsdelivr.net/npm/openmoji@17.0.0/color/svg/2B1B.svg,c98703772c2ba9fafe19f909b124690493edf8be,c3378ee9f75c0d27b4fa566f93655ff28cdea3eb,24cc63ceed506d08ad60a6b306b21ecdabac0384,b17d308458eb2e8011b2c4192582b30856b17582,train,0,1,
openmoji:1F964,openmoji,1F964,cup with straw,drink,compact,https://cdn.jsdelivr.net/npm/openmoji@17.0.0/color/svg/1F964.svg,878989da5112f6178d8bf34a615597d861496d13,3e0d3fd2b74d24f5b6724b9039a573a12c0cbac1,50873b770505a815745c480bb0c3152a72a2a3d0,2df73ded5e37e573c60c06d7d09e4b2ee87435b9,train,0,0,
openmoji:1FA8F,openmoji,1FA8F,shovel,tool,compact,https://cdn.jsdelivr.net/npm/openmoji@17.0.0/color/svg/1FA8F.svg,948cba18d54f379a1bc674eb3dd7f554be96d8d2,91061a09839974e9645d8e7cfcf7e70c4d9c5b9f,96b3d7f5cbc063d4b460ec76c12f47724aaeb48a,bacb0b2d2e69865588eedd97bd3399be1116899e,train,1,0,37
openmoji:1F454,openmoji,1F454,necktie,clothing,compact,https://cdn.jsdelivr.net/npm/openmoji@17.0.0/color/svg/1F454.svg,986b9243ea42f0f2e4f67ad1fd553c450706da42,a36a5f204a400d3d92b3045f8460cf6a6a444b76,0df024348607538d538eb994f82cc8a575401e46,290e40d8946e3257141c38f64a30d42605a435f7,train,0,0,
openmoji:1F9F2,openmoji,1F9F2,magnet,tool,compact,https://cdn.jsdelivr.net/npm/openmoji@17.0.0/color/svg/1F9F2.svg,daefb91943700892a5447168d00d2b8732f5c04f,7939feda1359aa6117584bb28b72b7dcd9b09ff0,026d0c4751af2978f8fbef1136862f5fbbfca21c,83ff6bd3d4849d15044508e9ea0ae989e9d8251d,train,0,0,
openmoji:1F9FB,openmoji,1F9FB,roll of paper,household,compact,https://cdn.jsdelivr.net/npm/openmoji@17.0.0/color/svg/1F9FB.svg,cffd5a277e92fb22f3e3af5ae235cab80cd85edb,ff45acd9b58841728a15383763e05c1629129dd4,10e6a94288084835555e29a2b47ee39938537739,13ecf435c425b861196342ce084ec6fd1179118f,train,1,0,24
openmoji:1F37C,openmoji,1F37C,baby bottle,drink,compact,https://cdn.jsdelivr.net/npm/openmoji@17.0.0/color/svg/1F37C.svg,526008cf5ab8baad673536b977194dfe8704faa1,6cff2f1b7b9c15cac8ed57de9786aabcac46fa4f,4f6bc61c99c0271b753d3814159f04aa1a322cb3,dd10cff93326cea2ec4a138721f38420b9a05c15,train,0,0,
openmoji:1F9FD,openmoji,1F9FD,sponge,household,compact,https://cdn.jsdelivr.net/npm/openmoji@17.0.0/color/svg/1F9FD.svg,e48b6c3db77d84d06c987415d2fa4c471e2cfe91,cb4dc1a3e38926a2a8d2e540df1c1b8c560b3736,66b77af456f76cbad5245f42412e0c1464da2e34,bfec866e49d22339f562ec9f6bc35bca5d3a31bb,train,1,0,
openmoji:1FABD,openmoji,1FABD,wing,animal-bird,compact,https://cdn.jsdelivr.net/npm/openmoji@17.0.0/color/svg/1FABD.svg,6802f799e8a1d59ec017945d4b616ade5069a04b,1dd23a2c09735c6c0cacb1afdd3cf6d03e773de7,a7880def3f4eef4390db4a59da2111a1cfae08b6,ccfc17b56efb8b385fa10fed4581380c4f267235,train,0,0,113
openmoji:1F994,openmoji,1F994,hedgehog,animal-mammal,compact,https://cdn.jsdelivr.net/npm/openmoji@17.0.0/color/svg/1F994.svg,9850a282db4d2ebee4eb9fd5416ee06d5c69bd5a,2ceb0ed2975ae196240ece24d104b496b6716f69,c3a4fe444d8ad823beb2e9adf3f18ca56d9dd5fc,6fff380774f37eec7d70e05ee214d75e14c0ec4e,train,1,1,
openmoji:1F97D,openmoji,1F97D,goggles,clothing,compact,https://cdn.jsdelivr.net/npm/openmoji@17.0.0/color/svg/1F97D.svg,1dd733937b7316b48b4d8dbac39fc299ad4f2a04,cac4c90e207bf67f04a78a3184a72f84e658a0e5,739ff95831fa9fd1ed46840d7f518c76d585c7d3,bd3373a90305e8d70f861b03f840200c769f0be8,train,1,0,64
openmoji:1F6BF,openmoji,1F6BF,shower,household,compact,https://cdn.jsdelivr.net/npm/openmoji@17.0.0/color/svg/1F6BF.svg,8378a19c78347918d42a8ed7647a83e710274bec,ace9e4dd1c70dbaa69cad3a0704bd5c40ed90e67,6ea6cf94521cd04c55c8017f02a217e49b83e18d,40667c9caf1c7f8f91e0ecd5ad4e74bb5cb7223c,train,0,0,
openmoji:1F99A,openmoji,1F99A,peacock,animal-bird,compact,https://cdn.jsdelivr.net/npm/openmoji@17.0.0/color/svg/1F99A.svg,12aa752e4233aa241c89b7ed03f8e814eadd9501,4e19ac99d230e14075b874123be6703b87a1b071,f123ccc7b26f4a15257a55d923dd75ccc4f8fb5b,27a5b271b3593337cb468cc3cab3e3adaf3f47f9,train,0,0,127
openmoji:1F9A3,openmoji,1F9A3,mammoth,animal-mammal,compact,https://cdn.jsdelivr.net/npm/openmoji@17.0.0/color/svg/1F9A3.svg,8ff9feb8efe22535cb95a613dd46e5ec47e06cae,fd479cb85d11107018f99dd92e760d2582f70575,fdef5c6b0071f33f5c347e1ab609f9501dc3c1d4,f92bd945dd58e4b99c2dac798a53920f3e49200b,train,1,0,
openmoji:1F53B,openmoji,1F53B,red triangle pointed down,geometric,compact,https://cdn.jsdelivr.net/npm/openmoji@17.0.0/color/svg/1F53B.svg,fed5fa0f209a77b4c6c75b824c991e804f1a00a4,c287e90c910838949a9ee8058a05aea4c0724a6a,6b759eb3d0e1fba6d11c0069a86b842c8ce4df73,9d1d7bdfee12a679b361dbbc3dc5a7b0df3b4d17,train,1,0,
openmoji:1F536,openmoji,1F536,large orange diamond,geometric,compact,https://cdn.jsdelivr.net/npm/openmoji@17.0.0/color/svg/1F536.svg,7dac75db1e4c07a1c33f63bf20158c8481047778,29da7994d7a96cc0dc29d59c05397df29f51c09e,e013e5b9a6d2168c93b373a5cab9155cfed6f34a,ba146cb1bb9edf07a1bed909108e387f0c711e8e,train,0,0,
openmoji:1F32C,openmoji,1F32C,wind face,sky-weather,compact,https://cdn.jsdelivr.net/npm/openmoji@17.0.0/color/svg/1F32C.svg,4bb825e3795aa333d13d31ccfd18b8553b4e1caf,93770051f1ae9821378b67b991868534d5953544,9e754eeec2971e417b182ef255526a4acccb6971,ff3c1a6b7b0fd6dc90cd1e1bccb1059390929cbf,train,1,0,
openmoji:1F349,openmoji,1F349,watermelon,food-fruit,compact,https://cdn.jsdelivr.net/npm/openmoji@17.0.0/color/svg/1F349.svg,5104deec7168e75963400c6d288de5a4062bc9f8,e54741d0a3cc0ba8388ad1c549e1861fe0a1cbf6,d39cfc4e6e5e4b743696e8450cbf3e4ce9e26ebc,d8474c9928b821fd11745250d73866bfcef42119,train,1,1,58
openmoji:1F533,openmoji,1F533,white square button,geometric,compact,https://cdn.jsdelivr.net/npm/openmoji@17.0.0/color/svg/1F533.svg,57bc6e3a66f4c50dfdbc664d5c3da268a602f3fd,3427e90a1cf1877b04510e11b01bf0f179b7b15e,c57153a90eec3ce872acf38587edbdd22f2efd55,d2c1b7308169e294a7ec527c1e1298ad60f2fa9f,train,0,0,
openmoji:1F9A5,openmoji,1F9A5,sloth,animal-mammal,compact,https://cdn.jsdelivr.net/npm/openmoji@17.0.0/color/svg/1F9A5.svg,8a8a65bd6aa9e89a737d9632aa7ac365e3a1e399,b97188af107f58b3dd9e7d909eeed4915984d57f,2a4b3ff834db940b97469785ba683feac5c0cfc5,04c1ce30d38902b59952cffbcf3adc1b89ae8ebd,train,0,0,
openmoji:1F99C,openmoji,1F99C,parrot,animal-bird,compact,https://cdn.jsdelivr.net/npm/openmoji@17.0.0/color/svg/1F99C.svg,1c02e660cbc636036ad779abbe4fa5f9d720ce62,9ccf0462a1a4d770d46783ee64e1e96ed90fba77,9757f0ade9f05a18f3772f83d972557ef5650519,e8322e46ff508a59123a994b6e4371befac14bfd,train,1,0,
openmoji:1F3D8,openmoji,1F3D8,houses,place-building,compact,https://cdn.jsdelivr.net/npm/openmoji@17.0.0/color/svg/1F3D8.svg,edd97aa37b792e948a90c1cdc87377ee287e21fe,1297c8c6c7a11b900fca412526a7c2c11bb0ca7a,ae583eda6f88169aec06c06496d9740a19a3b20d,97a7495b496aeb69ae0fed5e94b4598926c22996,train,1,0,
openmoji:1F94D,openmoji,1F94D,lacrosse,sport,compact,https://cdn.jsdelivr.net/npm/openmoji@17.0.0/color/svg/1F94D.svg,ac9cd33009b1042950fffef91812372cc59fcd6e,5b62ca0023b5c34e03df7bf0f94a733179d82650,448c5833d6971f64fd500b246e1ce754c35770e9,8aa4287d1b3ce6f143c04631540f25fb325709bb,train,0,0,109
openmoji:1F3EC,openmoji,1F3EC,department store,place-building,compact,https://cdn.jsdelivr.net/npm/openmoji@17.0.0/color/svg/1F3EC.svg,73816271071ea1e12202580865817a22b47c25f0,b38e1d02d3d505045f5f663f97a1428cf2a69722,834c1587fded29aad74abf378daaee54c0a0a5c0,546da009e53df64c7268fbafcf2ad6fb1b0ee6c0,train,0,0,
openmoji:1F989,openmoji,1F989,owl,animal-bird,compact,https://cdn.jsdelivr.net/npm/openmoji@17.0.0/color/svg/1F989.svg,9ee542654c9abd6db9f82b48db6cf2550ab042ba,4d076bb0385bc9145dc56519b93c8096a7f31563,0b892619208df50c06bab1c43d489b0466a1e060,220dc3ac2a6738e867c00d67aa653c2494399fab,train,0,1,57
openmoji:1F9F4,openmoji,1F9F4,lotion bottle,household,compact,https://cdn.jsdelivr.net/npm/openmoji@17.0.0/color/svg/1F9F4.svg,9027ba186188335ffab3631f789aacb9f8b7532f,0e774c84e9b2e3a45d443c80e7ebd9cca3dc89f9,c03f20025e2378389b16d919cd5012d9fcf56ee8,bba5d68b710bbf1cd58df253b6cfb5f779a0f50e,train,0,0,38
openmoji:1F455,openmoji,1F455,t-shirt,clothing,compact,https://cdn.jsdelivr.net/npm/openmoji@17.0.0/color/svg/1F455.svg,b196a9b6621bdcbaf4aa773777278f92d84f8ac9,ff88936a3872d21233b4864cbd7ed9ccb6c239ac,51b93014a7ee1ad95c4d28f3a06c2990c6a81ed0,3b83e3edf18492fbd57b126aaee4a2576c1fa15f,train,0,0,
openmoji:1F9BA,openmoji,1F9BA,safety vest,clothing,compact,https://cdn.jsdelivr.net/npm/openmoji@17.0.0/color/svg/1F9BA.svg,5965d9ba1fa2e3bea4a54e0b6626f58a7003d6d4,a6020f510db1ba44c8eb162606ebf68c88959f20,4626d631cee25bd787ee6dc2e0f1873752ec765e,e67d756334f5c1ba75f1ada056b8c5b0d5480283,train,0,0,
openmoji:1F692,openmoji,1F692,fire engine,transport-ground,compact,https://cdn.jsdelivr.net/npm/openmoji@17.0.0/color/svg/1F692.svg,cd757acd0806409fae77ca516bf164de22f4dc6f,e803ab5ba486a82b96935babc6920cc00e7c3f21,c6a095ddc278867553f4f999de0769bc9215f57b,665080c444d359f7a8f8a4d694d36b4c4ab0befc,train,1,0,
openmoji:1FAB5,openmoji,1FAB5,wood,place-building,compact,https://cdn.jsdelivr.net/npm/openmoji@17.0.0/color/svg/1FAB5.svg,4a4cff5061af2a7716ec4cb87c5803342cf444eb,6d8c44d55bfc69477744489e82075b9aefdf3966,e11fa7bcb9a199f8afae3242e078e6fb45529f0c,a6399e9558241080295221e099ba80c944331800,train,1,0,
openmoji:1FAD4,openmoji,1FAD4,tamale,food-prepared,compact,https://cdn.jsdelivr.net/npm/openmoji@17.0.0/color/svg/1FAD4.svg,914d05f7f9d2e204632ff49bed7b3639863adeb3,5f3fcff28099766c58ad92ff6fbbb535c81b0bb6,7e88db3e2dd721b23ab49e90f166a70ce119edcc,5222db7a2649db3ba90f4da753770edca8292f6f,train,0,0,
openmoji:1F3E0,openmoji,1F3E0,house,place-building,compact,https://cdn.jsdelivr.net/npm/openmoji@17.0.0/color/svg/1F3E0.svg,08dbf8bb03e0517efffe56a64f12f390d35de7a4,91ed0f8d84a26b43ae3f7731a8fb87a7497f1d23,4ce04737c99b29590a6a5c2e9ae26a642f20dfae,9c8ccab3cd8b1aea63bae5c3ec75983eaa47a4d3,train,1,0,
openmoji:1F570,openmoji,1F570,mantelpiece clock,time,compact,https://cdn.jsdelivr.net/npm/openmoji@17.0.0/color/svg/1F570.svg,773f1f049308ad993d16751d69c6eaa9ddfba476,6e3fa959cb471a867423327ce73fc60881a2cc48,9134902af68683501d95137fda69504439e080db,15426012e8ce879627f6af0bfcfc334cdbab7497,train,0,0,
openmoji:1F34D,openmoji,1F34D,pineapple,food-fruit,compact,https://cdn.jsdelivr.net/npm/openmoji@17.0.0/color/svg/1F34D.svg,5dcd0c86d6508a4088d76b3617bd3f779d2b25aa,bb475dcae4d10a57ee574965891b4059c7518ce1,5851d6bb9da4b8eabff02c4ab0d6c716f12474b5,8ce4ade253669b6318e1c59fc0d54a2890a374c0,train,0,1,
openmoji:1F4A0,openmoji,1F4A0,diamond with a dot,geometric,compact,https://cdn.jsdelivr.net/npm/openmoji@17.0.0/color/svg/1F4A0.svg,96d99427b539bbf1be380a0a9f6b586cf534cc16,4300bb99f5173f794309abd898649cdb4c4e2faf,1f346556873f8e72883a26bd4dcc37dbf0d1ba22,ff168b3e5fcda4f246af5313ad01220d7966dfcf,train,0,0,
openmoji:1F6A5,openmoji,1F6A5,horizontal traffic light,transport-ground,compact,https://cdn.jsdelivr.net/npm/openmoji@17.0.0/color/svg/1F6A5.svg,0d2ffc2714354a27d411b0f9f876c765fb9f1be1,f36fb92f31776e3784de0d604320379eac608bfd,137cdf46c186207334aec0fc1ba2c596a4da772a,e27377fabbe9e833f2380c708829907c646cb7fa,train,0,0,
openmoji:1F96B,openmoji,1F96B,canned food,food-prepared,compact,https://cdn.jsdelivr.net/npm/openmoji@17.0.0/color/svg/1F96B.svg,19d7328ba97f97ba504f342ac6ad9d03eac9f41e,9786a33a4e4e5c096c516d38acacc7ea7d808bb0,131a6f08ec1bf5d7dc70c1ff881d1cc75c079855,4ce85060a0a2299f5fa632c514d372ecc377884b,train,0,0,
openmoji:1F48E,openmoji,1F48E,gem stone,clothing,compact,https://cdn.jsdelivr.net/npm/openmoji@17.0.0/color/svg/1F48E.svg,1659f11a4c1dc6f2ae685a1194acf34c2a07f56d,2c69702692306b05ee8d42b474d096828ff4213d,7aeb3ecb7272f6be347b2befdb8e6d5e17d11bd8,9b6c5630953c1610c80f3aa34f6967a35e33f4ba,train,1,0,176
openmoji:1FA92,openmoji,1FA92,razor,household,compact,https://cdn.jsdelivr.net/npm/openmoji@17.0.0/color/svg/1FA92.svg,72628dbd66c466e17a9cbfb081293df96c732890,84f7b28ea9f622cef708003779c010c0b5ff1c60,9fe12421932b466ebb2883d7bac3f17b8d2bd14b,a276b17c577162b3ebc1ce5831be41428281e146,train,0,1,10
openmoji:1F31C,openmoji,1F31C,last quarter moon face,sky-weather,compact,https://cdn.jsdelivr.net/npm/openmoji@17.0.0/color/svg/1F31C.svg,4cf80f55b46759741b4962e9475da1492835abc1,04954ed67375199e9db5f233b212b77c99424c8a,435a4882bdedf03d3d5aff4b9faf8a9de95198c8,6eded04cb7d6af468842e36a40ce44de11843ca0,train,0,0,
openmoji:1F6E4,openmoji,1F6E4,railway track,transport-ground,compact,https://cdn.jsdelivr.net/npm/openmoji@17.0.0/color/svg/1F6E4.svg,ce3436cf9535963a49083b840eda58bb61e1d447,65ad2581ebb03290914f8b9e34500bce44c1b8be,88b1cd59e98f456ee2786c53fb641237a3ca77cc,413d2787a4f5e76111c64984741bc7e3f46ec65a,train,1,0,145
openmoji:1F6BD,openmoji,1F6BD,toilet,household,compact,https://cdn.jsdelivr.net/npm/openmoji@17.0.0/color/svg/1F6BD.svg,2a28eeb6dd7d7b2c1ad1e6dfbe599d458ac878ca,4260b25015709568f16c6dc3d91eda6c738d8076,a618d6b4e11bc2ec859e6f16c14bc6a4eeab0296,dab1b1cdcb2c2925cef54d25f6c3c9173660be1a,train,0,1,
openmoji:1F6E0,openmoji,1F6E0,hammer and wrench,tool,compact,https://cdn.jsdelivr.net/npm/openmoji@17.0.0/color/svg/1F6E0.svg,40203cab0af315b49f4b470753e38ebe325effe5,444079020e027bdb5040de60baa12f6c96a82757,25e89db7af0fa8030679b733ab82ef52623ef837,1930391e9e260bb3a96876bbd72ca461294dcc70,train,0,0,
openmoji:1F5DC,openmoji,1F5DC,clamp,tool,compact,https://cdn.jsdelivr.net/npm/openmoji@17.0.0/color/svg/1F5DC.svg,d5e0538cb86b6a7aa59d9efe99bab8901093c17d,7b6b0365f5d84f3bb2f10fde8d8f91f878d0a318,d99ef7c6e3d60576725491d7c42ca0d72b1a3e65,2405c03a41aefb95141718bed41c23b968d33277,train,0,0,
openmoji:1F314,openmoji,1F314,waxing gibbous moon,sky-weather,compact,https://cdn.jsdelivr.net/npm/openmoji@17.0.0/color/svg/1F314.svg,67380c7f8b844ba7c29c76a874ae6303fdf64d3e,35e43da02ef5f6bff21c6a8dda7fdbba34c9d74f,fe4d4370f6b5c6a805e6a11876a352806e8a68fe,af83274421f2921a2f86e119708408ed27dd8433,train,0,0,188
openmoji:1F94F,openmoji,1F94F,flying disc,sport,compact,https://cdn.jsdelivr.net/npm/openmoji@17.0.0/color/svg/1F94F.svg,1be551cf39e77aef242ce9f484696f4d4e95eebc,d124b55738715121691cf168d98352037268e515,b90425384c0cb2ce5532226abd16656a96edafa3,f45e7c29e01116a60eb694bf75ec0b0f3d35c40e,train,0,0,95
openmoji:26C4,openmoji,26C4,snowman without snow,sky-weather,compact,https://cdn.jsdelivr.net/npm/openmoji@17.0.0/color/svg/26C4.svg,dc7a38bb268afeca85144eaef6986955882490b4,afec7622cc8abdd0267833e3867017fa850c14cd,083e1d47af8bfbc121b36f0d885379fc6b489e09,75e9eac4d27efd177020693d8b899f31e9c192e9,train,0,0,
openmoji:26C8,openmoji,26C8,cloud with lightning and rain,sky-weather,compact,https://cdn.jsdelivr.net/npm/openmoji@17.0.0/color/svg/26C8.svg,97a33a083d7d22d42717c765e613d27b3476f541,cb640386d7d236a2ca64f361af98f2bc90e0940e,27b6ce537f9ebf71bb5da99e4c484993e49ba58a,60cc14e7d9eaa51dd175c51e8a0a057c8ef07786,train,0,1,
openmoji:1F9C7,openmoji,1F9C7,waffle,food-prepared,compact,https://cdn.jsdelivr.net/npm/openmoji@17.0.0/color/svg/1F9C7.svg,8d20a37330271f924d3adb105110e29893d86059,ea739c61cec8bf217d8ace0c06ce363c3f869e58,a29a6f715b462f29f536778eb786490ed3204645,a98ec52dc151b0d68364a1a0a07600e250d3dfbb,train,0,0,
openmoji:1F95B,openmoji,1F95B,glass of milk,drink,compact,https://cdn.jsdelivr.net/npm/openmoji@17.0.0/color/svg/1F95B.svg,423a35db96b24a66ad257a59ea87a0fb6f3b7c08,c24b6b41d37f0fa587f8a5d727c79e6afb2c0f19,a76e52be7b29f6d7bb87c110115c5fc5e4bad5a4,50c4d86572ba75267c1a1792b52cb28f77d152ff,train,0,0,
openmoji:1FAE7,openmoji,1FAE7,bubbles,household,compact,https://cdn.jsdelivr.net/npm/openmoji@17.0.0/color/svg/1FAE7.svg,106da375ff5d91eef6a68c9b91fdb1dcfe0fe460,72de9970fb046c392dd0c43e4254e19add359ac1,a3d1a1017a9f4c2a281ffc311f810561430d0a6e,9bd4bfbfa4c1500b996fcb5427432910fdaefaf9,train,0,0,
openmoji:1F414,openmoji,1F414,chicken,animal-bird,compact,https://cdn.jsdelivr.net/npm/openmoji@17.0.0/color/svg/1F414.svg,07e39a178fa78e5224afbb98851f193af056b7ee,95b29170bf00788f3ed037b3c0d016da8c3f8427,de7027a2bcd88d152eb183ed12c8f136207cdfa4,a412c6cc2c3a399a23e964fb3e9e45176d0ffabe,train,1,0,141
openmoji:1F68D,openmoji,1F68D,oncoming bus,transport-ground,compact,https://cdn.jsdelivr.net/npm/openmoji@17.0.0/color/svg/1F68D.svg,020eb79e5e3e2d07c45f459a1f90fc2a8278170d,43eb6146d7bb1207dba57d04d6cf1fd447cdc854,f0b3493c14590831e325b33993cad67ff690c0f5,e499b5a0b406be976b41798bafe7091c917ffa14,train,0,1,
openmoji:1F379,openmoji,1F379,tropical drink,drink,compact,https://cdn.jsdelivr.net/npm/openmoji@17.0.0/color/svg/1F379.svg,415da322b7e56395e6ef119f19cd9691ef5c226d,c2b40dbb4a3f44b4558e0f2e12feb7bf7885ed2b,13002e754fd4937a57534ee6c52b3a130481b8b0,71266681e52986ee14048dfaf836d6fa5ade6b49,train,0,0,
openmoji:1F969,openmoji,1F969,cut of meat,food-prepared,compact,https://cdn.jsdelivr.net/npm/openmoji@17.0.0/color/svg/1F969.svg,3c69e36f24e2879f70e6fda8aa292ca63534d524,b14dd2cf3b21fd2fe233a0b6a8a4bcbaa62e46b0,d09ad900863020bbdd93bba959122cd542a37ad3,9daf6f4d07b9ca949c0337ea6fe9df89412d5bc2,train,0,0,
openmoji:1F312,openmoji,1F312,waxing crescent moon,sky-weather,compact,https://cdn.jsdelivr.net/npm/openmoji@17.0.0/color/svg/1F312.svg,5a0d289149239777ba3722a36b245021dc0b9839,6f85fc9a965f4259d988a58954389cbd19c864a2,f3ed827faf56993afdeaa288f4126e5f26a0bf50,7581dd7a71139fd9ad754376b1f8bc22bb9583d9,train,0,0,
openmoji:1F9AF,openmoji,1F9AF,white cane,tool,compact,https://cdn.jsdelivr.net/npm/openmoji@17.0.0/color/svg/1F9AF.svg,daf864a5e9743f4fabcee2fec83696650629f106,3c6359b3999daafb3997ec245318a1072a9a2e26,05e69acf3ac1f1e29f53efa42cc6dbc34d597b21,9c44c7849fc3b5b870d4550de61c348555eca7f3,train,1,1,135
openmoji:1F6E1,openmoji,1F6E1,shield,tool,compact,https://cdn.jsdelivr.net/npm/openmoji@17.0.0/color/svg/1F6E1.svg,0a3f217f74180185f72723938ff406c38647a9d3,65028a13e6f8b65f9708e1b4d7a813f67cd40c26,39eda2aa4ac51a8243627a0c325a09fdfdecb0d5,f6eb35aecdfdc86614623c018890693183e9f950,train,1,0,107
openmoji:1F42F,openmoji,1F42F,tiger face,animal-mammal,compact,https://cdn.jsdelivr.net/npm/openmoji@17.0.0/color/svg/1F42F.svg,e64a63fed51a4f7dfae1c6e040fc9566bc0133b6,63cc52a93b90d990bee8f55257d9e419d796b1cb,b88a898b2e4239075e75a76c8798097d87321808,7f00933b091ac81c6d826087218512296129da11,train,1,0,28
openmoji:1F529,openmoji,1F529,nut and bolt,tool,compact,https://cdn.jsdelivr.net/npm/openmoji@17.0.0/color/svg/1F529.svg,34b5d1a9a2b40c007f9d1a65f688eecd447bc75f,867b0563ed995f5171c28ba704e833552615d819,dffc0475e3ea2bfb8e524916385c053e4014e2d6,ec409f3e87f5730c191510e8ffc6d96cc09ba3c0,train,1,0,
openmoji:1F4A7,openmoji,1F4A7,droplet,sky-weather,compact,https://cdn.jsdelivr.net/npm/openmoji@17.0.0/color/svg/1F4A7.svg,64e00fc4a6cbefedd1c42d262e597e9ed890059c,414347ef75b5d7a7cc7096b8e5d998b6e7a1042b,09d462e438e31012eac8c0dfafe511dc61a3fcc2,60726c6458ae9bce82e7d8f15cc2d1c54b47165a,train,1,1,132
openmoji:1F9E4,openmoji,1F9E4,gloves,clothing,compact,https://cdn.jsdelivr.net/npm/openmoji@17.0.0/color/svg/1F9E4.svg,950812d4f794c53280ed6718e89454479468a9ef,f747ddc623382ea887ea5ce49a5e7806f8511ab9,bd2bc814de31623ccf2d107de30442ab73e52c90,5740b2a8b90b8ea7d1ae78186dc720ce7c813375,train,1,0,
openmoji:1F5FD,openmoji,1F5FD,Statue of Liberty,place-building,compact,https://cdn.jsdelivr.net/npm/openmoji@17.0.0/color/svg/1F5FD.svg,bb15bd1a1a1ecd732ae04289e05602c513a1e5d7,b5a8c252829dceb4d201731723395320ac6246bd,3470d5af45ec2bd0cd6bc4bd56c89761faa8cbfe,923a6c50129985c90bd56c0566cd413ba79998d7,train,0,1,
openmoji:1F401,openmoji,1F401,mouse,animal-mammal,compact,https://cdn.jsdelivr.net/npm/openmoji@17.0.0/color/svg/1F401.svg,53bc6fd4741f6c09724af6cceb61a6c3f9b1709e,6c7411e5599a3f9bdd477957d1bc1ad78be9d0e8,41ea9344a39f876407cfbec01d75b6ada77fc7f9,b2d18c25478317caff9fc506e0d63d1a34cfe804,train,0,0,
openmoji:1F54A,openmoji,1F54A,dove,animal-bird,compact,https://cdn.jsdelivr.net/npm/openmoji@17.0.0/color/svg/1F54A.svg,ef9e0363796ddacaf575f98bfbb94e077d83a731,02cfc7517f2ec32a24a75f2ec88f6753b5b2ce05,5bf9bf2c67ac360516e660c3c5894769c2a36d01,05a941ea6d66bd3c5fae24794da04bb2d151256f,train,0,0,183
openmoji:1F45E,openmoji,1F45E,man’s shoe,clothing,compact,https://cdn.jsdelivr.net/npm/openmoji@17.0.0/color/svg/1F45E.svg,5b44d9665225299665bccda3d215fe93184c8c04,11ed5f14861f1704fc0806432f25b29e349ada64,3e487999418067f27272467ea916dd590397c0c2,9d91454145e6159007e462a3507bc071b2527c8e,train,1,0,
openmoji:1F34A,openmoji,1F34A,tangerine,food-fruit,compact,https://cdn.jsdelivr.net/npm/openmoji@17.0.0/color/svg/1F34A.svg,fa658589760a67e6cb061a2e7e05b0a0c1ed2249,523c9eac4e52eb9d7a34191e1766539c4554b99a,2b6fb0cac38f7811eeda6eb038d02adc7dafd143,9b8fa6a4e89b7448b0b473df37894208b31dab7b,train,1,1,
openmoji:1F550,openmoji,1F550,one o’clock,time,compact,https://cdn.jsdelivr.net/npm/openmoji@17.0.0/color/svg/1F550.svg,36ac8089fdfa687d09ffc1c7d35fb627eb7bd8d7,5d9991ea87d09f2f85d1cceeb91867915434baff,fbadf72d97f748933b9a397078a022f879135c16,28e12f1880c1c74e22f26675411f00537878e6ca,train,0,1,
openmoji:1F696,openmoji,1F696,oncoming taxi,transport-ground,compact,https://cdn.jsdelivr.net/npm/openmoji@17.0.0/color/svg/1F696.svg,b6c60ef8f922f6ab1657c33b4269740e1dbe5a9f,56c6c715b98f89a2760d70d6c0bc732297a7ad78,1ec964d938cda5021c1c66e4606b7b9ad04cd5ba,51a1f7f1b9a42b10723363bbe9002595ad47cead,train,0,0,
openmoji:1F3A9,openmoji,1F3A9,top hat,clothing,compact,https://cdn.jsdelivr.net/npm/openmoji@17.0.0/color/svg/1F3A9.svg,96e0beaf399ba80ffd316f66aad2581ca34cc5e4,ee4112741efdee8430501a0b3f3c7b1a04f3242b,d48e022ef79efc96c982147f5242a42a4a33e19a,bcf6962928374da728a6dd1f0cbb1681171801d0,train,0,0,
openmoji:1F375,openmoji,1F375,teacup without handle,drink,compact,https://cdn.jsdelivr.net/npm/openmoji@17.0.0/color/svg/1F375.svg,ab52a2ded643eca73468360e0920d4a53a605be1,cbe4fe2891af0c54edc721e6e95d704dadbf55ff,3a1c381ab653eb6e6f566529317418208c7521b5,ffd2f5451b4ee2bf00e0ed64e609f127386fd9d3,train,0,0,130
openmoji:1F9EF,openmoji,1F9EF,fire extinguisher,household,compact,https://cdn.jsdelivr.net/npm/openmoji@17.0.0/color/svg/1F9EF.svg,516b719b0d0ec99d9ac19ff99eba3af129fff55d,1734704c5661d65bcc8e890e232077821051093b,eb7bb3c31a5056b6788b4598b9e65b20e0820822,d15862327f8026ea5498cf3a24c3d13d0660f2ea,train,0,1,164
openmoji:1F3ED,openmoji,1F3ED,factory,place-building,compact,https://cdn.jsdelivr.net/npm/openmoji@17.0.0/color/svg/1F3ED.svg,be09c8a0212e29a79523753263d14e507cdb6eb1,2ac4985b7741786da216e5e0269b104c87dbc55c,17a4f970ed72d824e49dc2927f4ce79108767c25,d61a1686989d2a78bbe303ca89fd6f092be71d76,train,0,1,
openmoji:1FABF,openmoji,1FABF,goose,animal-bird,compact,https://cdn.jsdelivr.net/npm/openmoji@17.0.0/color/svg/1FABF.svg,50af7c55f03d49bc49ff6b4c3d01e4846b09b64b,a9a2becf7013d3f0787c292235e96772f315f83d,9b768f4c5cd6952695e80f6483944a11bd8b9466,d3700417664b99bc75063c3e318982faa6a4ec35,train,1,0,
openmoji:1F55A,openmoji,1F55A,eleven o’clock,time,compact,https://cdn.jsdelivr.net/npm/openmoji@17.0.0/color/svg/1F55A.svg,65eefebc79d8b0147106936f05334337760c74c8,1d43ed5af215eca04b3dea661dc0f39817bd6cc2,ea9a6801664e22f7772a548fb381d61a6c0d4e35,9cc168a15f1e0e08e0dd5943ab7e7cc62965c884,train,0,0,
openmoji:1F427,openmoji,1F427,penguin,animal-bird,compact,https://cdn.jsdelivr.net/npm/openmoji@17.0.0/color/svg/1F427.svg,e025c250d32cb9c977d7e5b40ab03974957eaded,687289d2838fda8c06de7fbecf3245858ae61bca,40e675a6e03369d7370310375657afb47b013e61,c4162a810cf42a1e1b3810d6ec12ced2f58b0433,train,0,0,15
openmoji:1F35F,openmoji,1F35F,french fries,food-prepared,compact,https://cdn.jsdelivr.net/npm/openmoji@17.0.0/color/svg/1F35F.svg,20400a719e8fa3c2ff28c5ba74bd708ac26430c4,935c6c0d0101dba158a1b8092ab37d7454d1b219,6f2961b13431d3db5a528144b43619e36bf57b3a,93eb5e4f02b0a3e9a76a1321be5f3ee59e85a9aa,train,0,1,
openmoji:1F958,openmoji,1F958,shallow pan of food,food-prepared,compact,https://cdn.jsdelivr.net/npm/openmoji@17.0.0/color/svg/1F958.svg,79bceae5be6e20ad91c296d4a38482d5d1b271a5,83cf913c475a062988e71f537411e66de0ffd95c,3a3eb85a4417fcb36d7c31f4eed673f84639b070,7a5c058329d21f19f50971cd5c1cb747abb6a917,train,1,0,157
openmoji:1FA9F,openmoji,1FA9F,window,household,compact,https://cdn.jsdelivr.net/npm/openmoji@17.0.0/color/svg/1FA9F.svg,def2bca0671ec9ed70d7a1e7a5b62b0de76ab562,0c4aec3287728661fd4ec41e496cbfef6eef21dd,69c2a7948477179640accc16eb7ccd689c908ae7,4e2ad59b20b5032e86f94ff3762ebca6a2fecf88,train,1,0,122
openmoji:1F393,openmoji,1F393,graduation cap,clothing,compact,https://cdn.jsdelivr.net/npm/openmoji@17.0.0/color/svg/1F393.svg,0dff6646b285240f70389f586f8d91e9f2820564,8bfeee72d45b60251ffc1a49ae3762508260c89e,b082aaa6f7dbe859e39849a1ee2470026586eee5,2186432464687bd652f58434d81fcc9be702c817,train,0,0,
openmoji:1F373,openmoji,1F373,cooking,food-prepared,compact,https://cdn.jsdelivr.net/npm/openmoji@17.0.0/color/svg/1F373.svg,a4032c65807696b4fe0f59842b209c42e38b738f,f5c68cc2fceb22d68575cf460fbb345814a03910,382f9ebe72ad1968ec31360fa759a8c1b924c995,bee6af906a14685ab561af9479fc0d9c4a3e0248,train,1,0,45
openmoji:1F7E6,openmoji,1F7E6,blue square,geometric,compact,https://cdn.jsdelivr.net/npm/openmoji@17.0.0/color/svg/1F7E6.svg,1b43cb4b4349fff0a8620f92d449cc480493337c,73c03b42c6e754dfeaeb4ea05b7ccb792922fb0f,a8b836eec2970d9f62b120c47d528e802f4fec93,36f24b98aeb4b072827b63393587fcbcef15ee65,train,1,1,
openmoji:1F6CB,openmoji,1F6CB,couch and lamp,household,compact,https://cdn.jsdelivr.net/npm/openmoji@17.0.0/color/svg/1F6CB.svg,6624b23af7d0931c9e446d42b2bd93bf66083934,143eda965ce583deebb5bb2ff6e2e22b990bdb45,2acdd18ff22cdad5988053d90b1fd8b34ac11d1a,08040cdf3029d5756c012ff72e63a50c41a042be,train,1,1,66
openmoji:1F528,openmoji,1F528,hammer,tool,compact,https://cdn.jsdelivr.net/npm/openmoji@17.0.0/color/svg/1F528.svg,6dcca1cd1910822347f64b242ad7f953588b5182,c79c2d919f7d9e0845fe6d8ba100632576e9bbed,f3c99576b8a5131441616378d894ab3bfe13867f,77e6578009389a63f2af5af233b38691dfc17fd4,train,0,0,163
openmoji:1FAD2,openmoji,1FAD2,olive,food-fruit,compact,https://cdn.jsdelivr.net/npm/openmoji@17.0.0/color/svg/1FAD2.svg,f2813ea315177742ffbb33383861e5ce4d8a8e9a,640912e7d191615a7ccd72a4e484fce2305d5b5c,e89c1ef11cd207014ff4b7a1801e6a79eb94d8a6,dde6188797ec0c201fe299dec118190870db407a,train,0,0,156
openmoji:1F943,openmoji,1F943,tumbler glass,drink,compact,https://cdn.jsdelivr.net/npm/openmoji@17.0.0/color/svg/1F943.svg,debf9b9307779bed120c4bbd96b738d0dc2a3648,0183f0c444787ec12a59e6e3760c69b51fe9e95d,fe98b626508e081099271fed94cffc86a5e940df,f5e94b0db020ce8aeadd9e65e293f95cea0e0810,train,1,0,116
openmoji:1F552,openmoji,1F552,three o’clock,time,compact,https://cdn.jsdelivr.net/npm/openmoji@17.0.0/color/svg/1F552.svg,061070eb6d1abcc894f5267e9f95e505f9132406,7a6b00512798d2b9189293c96d17b1b19a48faa2,7ce5be98f1d91922f56f1cded6109b28f7fc8e8c,dd57311d7ffdebfc74ba85993e0c8d5cdc2658cb,train,0,0,
openmoji:1F6A8,openmoji,1F6A8,police car light,transport-ground,compact,https://cdn.jsdelivr.net/npm/openmoji@17.0.0/color/svg/1F6A8.svg,9eedb021cfa2452bf303e89ad8fe68b5ef98a8bb,0f272b5fe3ab6ea3529f255e4494227a51f9abdc,a012efaaa49ee38c2d5ccc1eb8391918f63a1d73,890383bbd1472af154b5f53c736fdb6f204a30f0,train,1,1,
openmoji:1F426-200D-1F525,openmoji,1F426-200D-1F525,phoenix,animal-bird,compact,https://cdn.jsdelivr.net/npm/openmoji@17.0.0/color/svg/1F426-200D-1F525.svg,7d070e8925aedaff8ced2ef26a5665005603a3d7,d027c8a336ecf2ae6f9c036d2d3dda1ad05d86e5,f745c72a9408f09fa27af105a3d6cda2767e9bbf,a46e1b930d2defe4f1ce4aec5617f0b3da6ce3ba,train,1,1,1
openmoji:1F3E9,openmoji,1F3E9,love hotel,place-building,compact,https://cdn.jsdelivr.net/npm/openmoji@17.0.0/color/svg/1F3E9.svg,0b96b3f0e7beb6de3ab97d3b2f435a5c1ec0e0fc,720c187da3b28564002ca287f93e3ed6a0c24921,e7eedeb4aef2827a832763ba786ef2fc3e81f0a2,ed6f6e2430819cb1de1cbf64e4256d522d66d277,train,0,0,
openmoji:1FA9B,openmoji,1FA9B,screwdriver,tool,compact,https://cdn.jsdelivr.net/npm/openmoji@17.0.0/color/svg/1FA9B.svg,a4016dc3c6bdcf9cb74e7ed678596af68cf94796,f1edcde2d67c4c8372b306eb2ae7cb726b04e2c1,a0e8c4a9ee87aee3a4c9419c88293caafa0e62bd,c2442b7b549882bb6f481d636a92f162223894fb,train,0,0,
openmoji:1F42A,openmoji,1F42A,camel,animal-mammal,compact,https://cdn.jsdelivr.net/npm/openmoji@17.0.0/color/svg/1F42A.svg,4c62cc32737a6f85555a7628ec5ed5186f741348,b487167139a20a804dd834be8d6e682f1cc24da3,82e2d995e54fd390ab3f8493d020c330edc211a6,03a7e0b213be91c884920393213cc0a8fc0c6ca8,train,1,0,
openmoji:1F3EA,openmoji,1F3EA,convenience store,place-building,compact,https://cdn.jsdelivr.net/npm/openmoji@17.0.0/color/svg/1F3EA.svg,5e1464169d68d0ed7897364ad203d18e0dba083c,12efdf802be3c4b9a9251a6a1879f7d7c38c34c4,15d8bdded354c60bc465863af35ab7a485c3c031,c4e983c5db581b132a2d7284d210e5e5fb0b501b,train,0,1,7
openmoji:1F98A,openmoji,1F98A,fox,animal-mammal,compact,https://cdn.jsdelivr.net/npm/openmoji@17.0.0/color/svg/1F98A.svg,2f2b49c1b5b43977008deae9e78ffb2519ba678f,2d99ba6500633b4d54b7ce001557458d42c96460,73e0ed09ec5db23889ab63f02d5e297b7eac25c5,97ea3ea77bd6e35489b1086674a8e1b7bc06606d,train,1,1,
openmoji:1F986,openmoji,1F986,duck,animal-bird,compact,https://cdn.jsdelivr.net/npm/openmoji@17.0.0/color/svg/1F986.svg,fbbc44c70bd437a58babf4b1bb909aeae39e18ed,cedd85a7cfcf3b8444f856b678b29961f48a4d63,7a26795219dae5988b0b310b6fa91dabbf949ef8,9b03db554eb34cc2f38670fee9687a5e17270674,train,0,1,197
openmoji:1F6F4,openmoji,1F6F4,kick scooter,transport-ground,compact,https://cdn.jsdelivr.net/npm/openmoji@17.0.0/color/svg/1F6F4.svg,5b53d832a38d4b722ff9db40a2aca4ac8cee545a,f3298668fddc842b0c66e3ad99926b18ad76b6f6,ba3970671300ceaa557f04d9d51e9577e882db11,365f45419d79cd60e6629303c18cd29f856b38fd,train,1,0,173
openmoji:1F3D3,openmoji,1F3D3,ping pong,sport,compact,https://cdn.jsdelivr.net/npm/openmoji@17.0.0/color/svg/1F3D3.svg,68be5119ce545ffe38054a2f105074fb926b1f1b,d4f57cc6be565f200282c4cdacaa6c93e6689715,87d2827f18fd2940d4909b1bfad830fd860d1a8a,da588e8a79f3f04a190184efab635e6c0fc29d84,train,1,1,
openmoji:1F55D,openmoji,1F55D,two-thirty,time,compact,https://cdn.jsdelivr.net/npm/openmoji@17.0.0/color/svg/1F55D.svg,3d1f669173dc355d5882ae9cfc345b6926ab44b3,46fc1cd9bf8774a5d68bbd1b278174627b05faed,4e7dc34e2c3e2c1e859cc0408af299b2c5140bbb,2dd8648eb6a65085335f036a6c8ed90b6b7519a6,train,0,0,194
openmoji:1FAA4,openmoji,1FAA4,mouse trap,household,compact,https://cdn.jsdelivr.net/npm/openmoji@17.0.0/color/svg/1FAA4.svg,b934f11ddb0c5143e4e5b9953747d1fcb1fc5a8c,79ae519fb6c79781bb974e2496eacdbc7a93766e,21395429b8c04da4f5d64b75dc742f04a35f7c82,7d51fddc37e0fc0d1f5e972d7e9a3ce940a15929,train,0,0,
openmoji:1F425,openmoji,1F425,front-facing baby chick,animal-bird,compact,https://cdn.jsdelivr.net/npm/openmoji@17.0.0/color/svg/1F425.svg,891fa59ce9df34e22e57733f6403a589b52a3284,a0d8e2a6a8b44b27285221874f15189c8adbc1b8,34aaea948affe452ed2edaddafd36972fc9f9e54,5375144f19bc0b4f7b43a5a36364a7f2450bf504,train,1,0,
openmoji:1F94E,openmoji,1F94E,softball,sport,compact,https://cdn.jsdelivr.net/npm/openmoji@17.0.0/color/svg/1F94E.svg,c2ea136968e8292fe83e1a3401abe341847e4d31,24893782afd36d5a488d897ee0936ce539d6bb02,654f4c43ceda1da44e531d236e63b9d6253e8f63,026a407ffc327c06d02302bfc13ef8cccc6698b3,train,0,1,
openmoji:1F418,openmoji,1F418,elephant,animal-mammal,compact,https://cdn.jsdelivr.net/npm/openmoji@17.0.0/color/svg/1F418.svg,4f154de9b2f6694d5e28eb32a4e97a85171fe745,819c06c672f40b9747813c9b3ca92c48c590f933,6d164fa8a666e32da2f6e78a552b8664965e3fab,b700916442726721455fc9fb936524194152366c,train,1,0,
openmoji:1F435,openmoji,1F435,monkey face,animal-mammal,clean,https://cdn.jsdelivr.net/npm/openmoji@17.0.0/color/svg/1F435.svg,11278720fda97fb18477beae20331fb449341483,7d871d095c7569f9713f7baaf022073162259f40,e5238062f46e58d4463ad9884f7e06e2d67b333a,0f35c7080b90f853110fa1d70cbd3b0bf5c7a26e,,0,1,
twemoji:1F435,twemoji,1F435,monkey face,animal-mammal,clean,https://cdn.jsdelivr.net/gh/jdecked/twemoji@17.0.3/assets/svg/1f435.svg,9c3fe4b53cd80f6133482730f99740400825e93e,bd48906e2506f79a8b30c5789ff7e4d373691d4f,ec596a270a051969a7894d27f2a502996fd5e682,0f6478a03b234266cb9a1ebbdc7b46aeb25b914e,,0,1,
fluent:1F435,fluent,1F435,monkey face,animal-mammal,clean,https://cdn.jsdelivr.net/npm/@lobehub/fluent-emoji-flat@1.1.0/assets/1f435.svg,1b303a84442e266def2e94f603b8e7a616b6c72d,209cb64d2f822092b9943a5f5e9ab123726c9b26,9d9114a492cd3f934a6a0a5eefeb4acd2fb6c7a1,6ba8c45826b4da8201c940ff3c59b882b8dea97b,,0,1,
openmoji:1F412,openmoji,1F412,monkey,animal-mammal,clean,https://cdn.jsdelivr.net/npm/openmoji@17.0.0/color/svg/1F412.svg,a03c27bd2d71adc27bcd59d047bd046cc784690d,a97cf2b92b17680164305578da3cac3a99ca69f5,0c16d1db6f5b9c74e8dc9e68604aae12488b7b9a,dfd7d1fb02c36a2e1d98751c3dfdd8748435c2c8,,1,0,196
twemoji:1F412,twemoji,1F412,monkey,animal-mammal,clean,https://cdn.jsdelivr.net/gh/jdecked/twemoji@17.0.3/assets/svg/1f412.svg,108ba034a72be8c90ddeac3ebb9d1559804bcf9c,8fb3215fd9bf6b6db74172e56fa212f08971472b,eac659d6c75f3603d53d76fd8e60898226d20c9f,dec36627782aeda5875b541201adc8dcd0134a30,,1,0,
fluent:1F412,fluent,1F412,monkey,animal-mammal,clean,https://cdn.jsdelivr.net/npm/@lobehub/fluent-emoji-flat@1.1.0/assets/1f412.svg,50ef1278da94242acae958ee44dd28b64bbde991,c9669a40ceafd0ce0e2ee710a513c02c5e3d52d7,b6276ac83bf264e5532f4f8ee029ed51e33db95d,5360ad75eff83eb7977a79a386de24c06319683c,,1,0,
twemoji:1F98D,twemoji,1F98D,gorilla,animal-mammal,clean,https://cdn.jsdelivr.net/gh/jdecked/twemoji@17.0.3/assets/svg/1f98d.svg,16c2643991e4e69d8732eea7a2a6e75de011443f,260fc0742041b48d94b0037d73dd80c83ec0deb2,3bc400abb4a8bf2523bf8e2ce424c53e4a7aa080,3f230e15b0b4fa1c8f06f1449bae2b0dfbabefc8,,0,0,
fluent:1F98D,fluent,1F98D,gorilla,animal-mammal,clean,https://cdn.jsdelivr.net/npm/@lobehub/fluent-emoji-flat@1.1.0/assets/1f98d.svg,9ff3a055a0418c5ef957d96af62243bc0637a140,36cfb21641e305d581e5871b54ce122ad590548a,05e8e50a92afeb033dc910d264ca54059853ca92,91cf37978138a6b010b0fb38e1a083bf1c9245e8,,0,0,
openmoji:1F9A7,openmoji,1F9A7,orangutan,animal-mammal,clean,https://cdn.jsdelivr.net/npm/openmoji@17.0.0/color/svg/1F9A7.svg,3bfbe18909baea16ee27b1228f2999d94c4dda71,031877448e89f8c2b640da895e2a86333319dda8,5a74a57bc2291dc0207d5bf1c765dcea0b421c3b,1b0897a07ea2fc81c0ca0eb190abd3d99ed3670e,,0,0,
twemoji:1F9A7,twemoji,1F9A7,orangutan,animal-mammal,clean,https://cdn.jsdelivr.net/gh/jdecked/twemoji@17.0.3/assets/svg/1f9a7.svg,8c0af2c8d4c9103ec123ed8a3e31201126a15c7a,34e5953b3f8e757d829542d28794c39cdd265568,4752de14daf6d1f57cc60616f8b84029fc9369ad,dd456e66fbd9576ebaa2c4213446aef3ea665cd8,,0,0,
fluent:1F9A7,fluent,1F9A7,orangutan,animal-mammal,clean,https://cdn.jsdelivr.net/npm/@lobehub/fluent-emoji-flat@1.1.0/assets/1f9a7.svg,c1b5d0f319d80ce2b578145a2a6cb090bd9823aa,509124cd81f75905dfd146dcea240de49f3a9d68,c859f222f399b8664c77968020302f57e4e87062,ea9ba289e32d8d14a278a2c05e50f4c32a1c26bf,,0,0,
openmoji:1F436,openmoji,1F436,dog face,animal-mammal,clean,https://cdn.jsdelivr.net/npm/openmoji@17.0.0/color/svg/1F436.svg,3c7435f4f877ed69d164e66346be326dfed9162e,cfc0b61f1f796a9560f89e3ec5331f6ee1ea9ab8,6890b6ee7ef71aa84b6ab2f74439bb2d653e031c,a778335fd9b5a63d1e0cec9dcc7cb3f7cf722ba1,,0,0,
twemoji:1F436,twemoji,1F436,dog face,animal-mammal,clean,https://cdn.jsdelivr.net/gh/jdecked/twemoji@17.0.3/assets/svg/1f436.svg,d6cbaf0dc39e4724891a09ab5b888421ef935d75,eeb800169cfd8fdfe13f122e7852f3fab24f6a9e,6cd6cfbe0133fc177e4083bed810197f95824bea,2c08ab75c932553ed89f49fe88a4b003e28c1def,,0,0,0
fluent:1F436,fluent,1F436,dog face,animal-mammal,clean,https://cdn.jsdelivr.net/npm/@lobehub/fluent-emoji-flat@1.1.0/assets/1f436.svg,80e608a18593a2905698baac8e81339488bc01ae,b80fca1f90d9dd3d9dd5dd33544486d7d2d10b28,4fe49c70a6825e10dec3a7c2bf42591749b3b266,a8adf6523fcb2ef52bf3d875a2342711e0abac22,,0,0,14
openmoji:1F415,openmoji,1F415,dog,animal-mammal,clean,https://cdn.jsdelivr.net/npm/openmoji@17.0.0/color/svg/1F415.svg,8639d016934035dd8b4ca06089c103b7361ccbfe,7bfcb776c881d6c9c1373b92ef66482d0804c1ff,affc2f6c9b8623bce5665809e69593ce6973b8cd,2b2b7f5952ab8fc7f8b7b5c4713104e209487bd5,,0,1,
twemoji:1F415,twemoji,1F415,dog,animal-mammal,clean,https://cdn.jsdelivr.net/gh/jdecked/twemoji@17.0.3/assets/svg/1f415.svg,3f1f76fe6fb320724799d6c93292e84453e34d89,63322a78f2f9b28d209bb3079a836ac3d012d7e1,b2c1a1a55f1adbe3b6e1e4cc226361398af9864d,2b2831e2793b1ebecf3704c61dd54d5b819a52a7,,0,1,
fluent:1F415,fluent,1F415,dog,animal-mammal,clean,https://cdn.jsdelivr.net/npm/@lobehub/fluent-emoji-flat@1.1.0/assets/1f415.svg,d5893d39b6211e95b6a68aad8461710cc7bbb5aa,f661fd70b2cc372121e080e440955e2e84d6c34f,602f75150ca1cbd6c2d8f63f03ffa9ed5420616a,5d8c167080e29dbc67b8e712053ca8c65865a5a2,,0,1,
openmoji:1F9AE,openmoji,1F9AE,guide dog,animal-mammal,clean,https://cdn.jsdelivr.net/npm/openmoji@17.0.0/color/svg/1F9AE.svg,3d0be916ca1d52b0a98625dde254acf63d54821b,60b50b96576d708573d835c220d79c5f7e9c29f4,778172d1a963f3a687b515b2cc63033ed6c40740,92aae79b4dad1d12c6d4d5f701a32eaf5631d6dc,,1,0,
twemoji:1F9AE,twemoji,1F9AE,guide dog,animal-mammal,clean,https://cdn.jsdelivr.net/gh/jdecked/twemoji@17.0.3/assets/svg/1f9ae.svg,58ba1e9ff35a419948f9d004472c954c54bd0a2c,712b6206dc6588f714a3d9ed07802e31518dabd2,8c6a4799f81ae7baaa03ea57db9f202eee005fa6,16fcfc561976a66a559d633678a4849d86b79491,,1,0,
fluent:1F9AE,fluent,1F9AE,guide dog,animal-mammal,clean,https://cdn.jsdelivr.net/npm/@lobehub/fluent-emoji-flat@1.1.0/assets/1f9ae.svg,48e40b4b87a182f1b8a4472e447c9bb759c5d6c9,94606abba15de15b631c9f996340cd8c08b434ea,61e154ecae625edf5e15e275a9c8de6a71e58f4b,37a96240404418b3702316932cb8b9cfac2dfcf2,,1,0,
openmoji:1F429,openmoji,1F429,poodle,animal-mammal,clean,https://cdn.jsdelivr.net/npm/openmoji@17.0.0/color/svg/1F429.svg,366a3332a5b9459afed1814a19e467dc66e1ff54,c99358c54cbf95a3ce94788a9570e1f26580775f,aadaac941686e181bcd62f536bcff4536276dbab,2e5816ffef35986773f13bdb574d8fdecf809ae8,,1,0,
twemoji:1F429,twemoji,1F429,poodle,animal-mammal,clean,https://cdn.jsdelivr.net/gh/jdecked/twemoji@17.0.3/assets/svg/1f429.svg,487daafd15834a7d84322e00a82250be099d5cf2,ca204fb41a12e545dd3a99104ceb66531359195d,08c0980f6ede8a3d7c34efae8b3ba878d0512e4f,9537670f5b93a9a29441a5e41a95f831dd631767,,1,0,
fluent:1F429,fluent,1F429,poodle,animal-mammal,clean,https://cdn.jsdelivr.net/npm/@lobehub/fluent-emoji-flat@1.1.0/assets/1f429.svg,03f3b5fc8c90be92c7a179cc346c5bee84d4af81,919abc497c99010fc128b880dff9b766b0d5041d,a3400d92a850c4c41310fce27cdea6a01d941787,d9cd949d93fe66fc052db4798db8b9e4526abc33,,1,0,
openmoji:1F43A,openmoji,1F43A,wolf,animal-mammal,clean,https://cdn.jsdelivr.net/npm/openmoji@17.0.0/color/svg/1F43A.svg,1c69db24ba8b54b1ef5d90a2b0f6f176c290a883,4a1d5177a42f7defa489ddc625ecaf91c80306a2,bc49cf0f5bd2ab50a63e0f8aa3ab4c47f2709289,d9364ee867321b9a5ecbfeb962fb4bf3c2e19575,,1,0,
twemoji:1F43A,twemoji,1F43A,wolf,animal-mammal,clean,https://cdn.jsdelivr.net/gh/jdecked/twemoji@17.0.3/assets/svg/1f43a.svg,db2fd061cd9eac9da7ecbda71a3f8728f0d80803,91ece4a70ac4cfd97004dee5c8a41d96bedee625,4736254824e5fd020596d0a4ef3003c33a8138d5,3249e5d351637fef9f22a4e6e16b5e122335b546,,1,0,
fluent:1F43A,fluent,1F43A,wolf,animal-mammal,clean,https://cdn.jsdelivr.net/npm/@lobehub/fluent-emoji-flat@1.1.0/assets/1f43a.svg,62106991cbdc450db4f3b3dbe35302fc856deb38,93088e2824832a9644496aa023fecf34a9c5d1ce,b76169af3494f6c3b344e52757b0c12d46c3f258,64a6791d7705239d7e8882fecb1ff35c412e8b83,,1,0,
openmoji:1F431,openmoji,1F431,cat face,animal-mammal,clean,https://cdn.jsdelivr.net/npm/openmoji@17.0.0/color/svg/1F431.svg,d3701dd1ee029e406abea4195449eeeb41b03dfc,cc9b745d89d1f2808c66f8da5dbf5abb7c1d51de,9f3ae36a54870aaeca5dc4d788c164eb2f8ccf83,10077b36abbb30364577af403d46c45a27e8094c,,1,1,
twemoji:1F431,twemoji,1F431,cat face,animal-mammal,clean,https://cdn.jsdelivr.net/gh/jdecked/twemoji@17.0.3/assets/svg/1f431.svg,3476ffaae0ec65fa2670c629937636a8f9a80909,9276e877b1662032bd7e2f54b0b5d37662fbc247,d781c99aa867086873bc991c4ba8c2a30eda6c09,b942806a1599e89c2ff70b603d227e337bb8d45b,,1,1,
fluent:1F431,fluent,1F431,cat face,animal-mammal,clean,https://cdn.jsdelivr.net/npm/@lobehub/fluent-emoji-flat@1.1.0/assets/1f431.svg,4b5c30ccdf7416384d70d8071568b0b482203957,e230a201c79c2bc26a7cb2248e2e38db751215ca,7d0283b6d40ee6f900be55c7277c0b6769bff3b6,bbe292c5465113938ef3e19f2895768e5cfbfedc,,1,1,
openmoji:1F408-200D-2B1B,openmoji,1F408-200D-2B1B,black cat,animal-mammal,clean,https://cdn.jsdelivr.net/npm/openmoji@17.0.0/color/svg/1F408-200D-2B1B.svg,5febf557da987b232588f28c7aec350beb1b8887,3d72cf4a2d0657984af0f6bda4b01c31ef3313b4,f2c361b5cf76956665ebde0530543703fce1401a,8f42a582fde5d52364d16a50ffe303ab467544dc,,0,0,
twemoji:1F408-200D-2B1B,twemoji,1F408-200D-2B1B,black cat,animal-mammal,clean,https://cdn.jsdelivr.net/gh/jdecked/twemoji@17.0.3/assets/svg/1f408-200d-2b1b.svg,0196a33afa76947c981b1eb85a816b326a53908a,054b4c7f95800e47e42f7d46e866ef56fa0d599a,df2423ea580b811e99f40ab17d20768abda5283a,99ae1d2121cf6f3c54f6b9f053f3dbc128cf0557,,0,0,182
fluent:1F408-200D-2B1B,fluent,1F408-200D-2B1B,black cat,animal-mammal,clean,https://cdn.jsdelivr.net/npm/@lobehub/fluent-emoji-flat@1.1.0/assets/1f408-200d-2b1b.svg,a741f25c93ef8b66148fb02a71e93c89f2d995c3,5555ed056eba28443b537ce60ca07860747c95d5,945471fc7cab1c1b5c912eaf70fa97fd7531677a,d48a9dd677a0b4191278dab98be44aaf4dbb36d1,,0,0,
openmoji:1F981,openmoji,1F981,lion,animal-mammal,clean,https://cdn.jsdelivr.net/npm/openmoji@17.0.0/color/svg/1F981.svg,e8ead33e1024c4bce0904208030fa90ecac708e4,3e6fcd66d9899b155f34ea89c42c1e12d3fad19e,d11e2c6807df94534b24d9db011fbefa1657ecd0,4dea3382a8e04470ff461d4fb2d9669566056029,,0,1,
twemoji:1F981,twemoji,1F981,lion,animal-mammal,clean,https://cdn.jsdelivr.net/gh/jdecked/twemoji@17.0.3/assets/svg/1f981.svg,f6ca3c8681f761635b1da976640dd77b6d4f683f,faf03738c4e4c21e1a5850bf474510dec8a9291d,b23e499c91d37514410c570fa68dbea7c04a86d2,4b5a36a00402792f4f5c50e09792e1b7ad4315a8,,0,1,
fluent:1F981,fluent,1F981,lion,animal-mammal,clean,https://cdn.jsdelivr.net/npm/@lobehub/fluent-emoji-flat@1.1.0/assets/1f981.svg,5829a69482dbca2fd3773bdae4ef063de0d55341,c640b6456f8044ac0ff4ca1dfbb90796f83238f2,6cf28201de15b10730af90800f0be4c1b8704f2c,037385af61b5e338dca4139b3ed8b36b0bac23ee,,0,1,
openmoji:1F405,openmoji,1F405,tiger,animal-mammal,clean,https://cdn.jsdelivr.net/npm/openmoji@17.0.0/color/svg/1F405.svg,8e6e9727c9902f0bd53b359aa5b427d89d8020cb,b8ba5203011a97c0091438f603e42b19f52e1b3f,d79991e12d72d0609234422034b7a358f7cdbdac,277e55194aff95e7dab8376ec4edfb6b77d5b959,,0,1,
twemoji:1F405,twemoji,1F405,tiger,animal-mammal,clean,https://cdn.jsdelivr.net/gh/jdecked/twemoji@17.0.3/assets/svg/1f405.svg,3518c0f0b21c913d760a1d742e95ac57d8f11144,018fca3676738f26323898831183eb7f63c65f57,1afe1a008c803e8c8db19193aa5b613e44742715,2fd001fff349b079842b2922c38d7553ef74bdaa,,0,1,
fluent:1F405,fluent,1F405,tiger,animal-mammal,clean,https://cdn.jsdelivr.net/npm/@lobehub/fluent-emoji-flat@1.1.0/assets/1f405.svg,4391e08125be770c3ef3d2c3210d0106b8293590,7014305e5e9ad7424a64c1db0780219ffdb69579,2096c633d6f931c57784962bc4975f13e62dfa35,da4741017c7244211f22bc0936664633936c15db,,0,1,
openmoji:1F406,openmoji,1F406,leopard,animal-mammal,clean,https://cdn.jsdelivr.net/npm/openmoji@17.0.0/color/svg/1F406.svg,5426c57d9a53d8eef2752a04d8cd021cc3d8a7b7,1efa52f9306758533d61ee0a342f1acaad112ee4,d5a23067728c963069e38573afa683f16b5de013,66ef5c7766a9d946b7322a2981ac0483f6f6688b,,1,0,
twemoji:1F406,twemoji,1F406,leopard,animal-mammal,clean,https://cdn.jsdelivr.net/gh/jdecked/twemoji@17.0.3/assets/svg/1f406.svg,6f86001fa9df643008e062864fde8a7c0ad1af57,bfdfbbb7ff02da457f76ffbc6ff8c0a2d78e2ff0,69549d497bbd24ecdc9bffdbcc25daaba8730daa,d448bb0711beb25048ba2f50185aad78d3303d3b,,1,0,
fluent:1F406,fluent,1F406,leopard,animal-mammal,clean,https://cdn.jsdelivr.net/npm/@lobehub/fluent-emoji-flat@1.1.0/assets/1f406.svg,6121c10a02b7c4930fae666efe03a15250a0b2a2,da4f2259fb93c7b22bc7dcc007a8ecc820b76535,15442396a54f70992b0bfec17b588930fe1aff2e,a1d94da883fa6635a5ee21fdbe5845038777f494,,1,0,
openmoji:1FACE,openmoji,1FACE,moose,animal-mammal,clean,https://cdn.jsdelivr.net/npm/openmoji@17.0.0/color/svg/1FACE.svg,e28733ba13a355d16dec45d823268efdc00da536,09081e05290b04ec82faf08d49b09648edfc85c7,f5ed2304f9eca411481b4b9312861ba45c848eca,284eec0bd44162f7e8dea621ffce1d70c30ac3d2,,0,0,
twemoji:1FACE,twemoji,1FACE,moose,animal-mammal,clean,https://cdn.jsdelivr.net/gh/jdecked/twemoji@17.0.3/assets/svg/1face.svg,3a5ec0ae688a24017eaf313e695a2409dcbff0e4,d7c8f04501e702ac0fd8b747c19db40ad449f076,24c9257523148fe364150f15e5643f78c93e2799,09f77997200f2443d7730e8716dc06bf7e606094,,0,0,
fluent:1FACE,fluent,1FACE,moose,animal-mammal,clean,https://cdn.jsdelivr.net/npm/@lobehub/fluent-emoji-flat@1.1.0/assets/1face.svg,7687d771bd3da14eef827102b5abe0daf80ace7d,525f243487774d38e318a0446aa552188c1ef999,74957f82486ef13a8ce17ab9dc28dae951b5ac8c,3fc6cb46ae8db8419d4ac4ed94d62dd713b09e8d,,0,0,
openmoji:1FACF,openmoji,1FACF,donkey,animal-mammal,clean,https://cdn.jsdelivr.net/npm/openmoji@17.0.0/color/svg/1FACF.svg,0ecc1ffb4cc54016f831ca0e30034a296354e045,160daa8b89325523394aaf9bdd3d927aff63957c,e7b4012d952ea7f0c2b2e94b73c3d2e239a923a9,1de3c07d040efe0304f1d26af8bc03c8f1df0232,,0,1,
twemoji:1FACF,twemoji,1FACF,donkey,animal-mammal,clean,https://cdn.jsdelivr.net/gh/jdecked/twemoji@17.0.3/assets/svg/1facf.svg,0e2235c42948239766a96c7ac74ec776d926ac96,59b9c659c910d5b9499acc29b70c580225d22b20,17e1e7913c7d7bb06b7e32eb31d57dc4fddab96a,0cb6b7f6248ad00aadbe41193fec8bb94ab8b113,,0,1,
fluent:1FACF,fluent,1FACF,donkey,animal-mammal,clean,https://cdn.jsdelivr.net/npm/@lobehub/fluent-emoji-flat@1.1.0/assets/1facf.svg,10f1da0579f03e114462f9be52ef0d91cb56ebaa,da53d56b20989e9f1484716095541e5e0e5c4c8b,7168e9c64c46cf255652c4c761cf968bd4948537,a1842b70863bb5a7b0b305735a4ffc6ff46d95d1,,0,1,
openmoji:1F40E,openmoji,1F40E,horse,animal-mammal,clean,https://cdn.jsdelivr.net/npm/openmoji@17.0.0/color/svg/1F40E.svg,800b1521979c61254130c8f0eac2603ca49a2608,3d3e68ce74ff2a5d6ed76bdce854c91de75d6de5,5caf7b4074885d2e058dc88fec40f82b0c5beb0a,414b91028f66f8bf58c3986977765657740a56a8,,0,1,70
twemoji:1F40E,twemoji,1F40E,horse,animal-mammal,clean,https://cdn.jsdelivr.net/gh/jdecked/twemoji@17.0.3/assets/svg/1f40e.svg,9dbd58e26adcecece9988be61282951e0017f96d,d45519fc809c577a7e39f1701e0c48e420a97a26,4b1ffaff5eb052eeefc58aae6999a157fe810174,9eb73ae65ab442261a223fdc4274da671c840752,,0,1,
fluent:1F40E,fluent,1F40E,horse,animal-mammal,clean,https://cdn.jsdelivr.net/npm/@lobehub/fluent-emoji-flat@1.1.0/assets/1f40e.svg,0b065c6254ecaf33bb59bcc5f904daa97d7f776c,2fec77cba6c58c1c6249c8dd47b8f5d75a53a6cb,6a28bb46f4333d81e904a7fc3642ae881aa8f8e6,b596cdd091e5e42563689d8632698c7f478220e9,,0,1,
openmoji:1F993,openmoji,1F993,zebra,animal-mammal,clean,https://cdn.jsdelivr.net/npm/openmoji@17.0.0/color/svg/1F993.svg,027a58810ea59d22a22211d37409b66e7cc58c98,d897f4e468cb705197717415490d29b37af79b9b,013b7a95c7165581fe0c183297a7e0996a5284c6,a40d9dfe4630a54c242060ec190dd4609e609615,,1,1,
twemoji:1F993,twemoji,1F993,zebra,animal-mammal,clean,https://cdn.jsdelivr.net/gh/jdecked/twemoji@17.0.3/assets/svg/1f993.svg,15230b1537879979ad5217979cd8bf27283fa33c,5d799bedad9e164f0538613675ad197098dc19d7,f2bef647dc6b0aa2a8ea1d7df1d1f7749b979b94,007340932f5d4e2fef001bda1fe790dadb83f6ea,,1,1,56
fluent:1F993,fluent,1F993,zebra,animal-mammal,clean,https://cdn.jsdelivr.net/npm/@lobehub/fluent-emoji-flat@1.1.0/assets/1f993.svg,f685f1fe18b2cc7641ee700d1148438c1ea6211e,1293b73585a3e8b2896f8750167ecef659f55baa,84adc33ea39005ce4bd2a561015678e41510ce73,94235ba56ecb05e08ed6be699d967e8b57e7e39e,,1,1,
openmoji:1F98C,openmoji,1F98C,deer,animal-mammal,clean,https://cdn.jsdelivr.net/npm/openmoji@17.0.0/color/svg/1F98C.svg,2af8a1a6287efef52d49f5b2b8fe8d3a9ff830c3,8061a7a0a0d2c2b5e641f394b9cc590b3511719e,744a3e75689b4d57c7adbe7f267d6daeca84e0ea,b8f88fc9a4334eaf628451f768daeb8d2f92daea,,0,0,
twemoji:1F98C,twemoji,1F98C,deer,animal-mammal,clean,https://cdn.jsdelivr.net/gh/jdecked/twemoji@17.0.3/assets/svg/1f98c.svg,177f732101b9007931908b5e1f720cf8f704dc3c,d983c778dcf09911ab2ae772d9e1a2a94b65b692,bdde314b411ddd8138c4518b377cf30e6232026b,e80fb0e77f2d7819c92da76d855778c58fae8da7,,0,0,
fluent:1F98C,fluent,1F98C,deer,animal-mammal,clean,https://cdn.jsdelivr.net/npm/@lobehub/fluent-emoji-flat@1.1.0/assets/1f98c.svg,0087b8e834b68688b4211b2d63bc785af76f9a2b,9a3743d7978579f444cc63ebffb6e12ad46f60ab,cdbc3531036c6e71eb0570e78b1081bfcead5752,f6935eeea1fbb19a6fd7e0608ec9cce75d61fe6c,,0,0,
openmoji:1F9AC,openmoji,1F9AC,bison,animal-mammal,clean,https://cdn.jsdelivr.net/npm/openmoji@17.0.0/color/svg/1F9AC.svg,43d90c2cfe2e2c689a23d3c703f525afa7fd34d4,3754262f4fc9244db2901c96fe54dce66be3b628,d17c54cc8991972a91721b93301a49a73aa501f9,b9fc1c88da35ecdc41b8f77fabb774cffc46dd90,,0,1,
twemoji:1F9AC,twemoji,1F9AC,bison,animal-mammal,clean,https://cdn.jsdelivr.net/gh/jdecked/twemoji@17.0.3/assets/svg/1f9ac.svg,ea54c69223fed53b79391ce4d51874b66a507549,b06c53b8fa07415150a8bfde431b4f1328e0dd99,25555a0c2e245a5ba2461b69e4fb0414ace75dea,0f12f2eef25fd3b035fdf8529b19bffbb0c88da5,,0,1,
fluent:1F9AC,fluent,1F9AC,bison,animal-mammal,clean,https://cdn.jsdelivr.net/npm/@lobehub/fluent-emoji-flat@1.1.0/assets/1f9ac.svg,5f6855f7a7e97f37b1acfe68dbd1412db0177db5,7a31a5d7522158743c19e40f6dad4321d0e888d1,2657a7d96757e6ead485f6d4a53a967d2c4b2b29,8dfc1d3728327b043102e1b5948b4aa29b3894bb,,0,1,
twemoji:1F42E,twemoji,1F42E,cow face,animal-mammal,clean,https://cdn.jsdelivr.net/gh/jdecked/twemoji@17.0.3/assets/svg/1f42e.svg,6190b69891377c6ccfc52f3b1ab7a350837c9484,38bf75bc8f31ed9933d065c6f5161e7612b4693f,eadfda0353032fdc0ba8227d60885462fb868036,8b95e91013e78809d49c924dd04f5dbc3bda76a7,,1,1,
fluent:1F42E,fluent,1F42E,cow face,animal-mammal,clean,https://cdn.jsdelivr.net/npm/@lobehub/fluent-emoji-flat@1.1.0/assets/1f42e.svg,7f99cdfc362e8780f6d48ed781a3347b2e2cb703,2ed8b6cd3d0a954e2854da00c7cc7a6f462f41c9,786b13986871efd2c387b756e5a9d0487317743b,b2abe1f16d897776f690fcb9044a0d7fe4909d3b,,1,1,
openmoji:1F402,openmoji,1F402,ox,animal-mammal,clean,https://cdn.jsdelivr.net/npm/openmoji@17.0.0/color/svg/1F402.svg,d038b579fc8ce713845208042f477468dd86f81f,38829e7dec56fffe19b1637d8cbd01db6fd441ec,38797de12a65e4fea1d6023ac7337f9b836d6e4b,f6bad8a863e5c17781603860103346c04419a412,,0,1,154
twemoji:1F402,twemoji,1F402,ox,animal-mammal,clean,https://cdn.jsdelivr.net/gh/jdecked/twemoji@17.0.3/assets/svg/1f402.svg,6ac8cc6272d8d2410b9d732afe0ddfd67a15a793,00b3c72d3e0808ab44f910c7e98c662e5b8714ac,2698bf1f230de310f069cb006586ff55f0300981,e044e13c7515d0bea0e18f67bb0e103349e3671a,,0,1,
fluent:1F402,fluent,1F402,ox,animal-mammal,clean,https://cdn.jsdelivr.net/npm/@lobehub/fluent-emoji-flat@1.1.0/assets/1f402.svg,41d9f44a66d455424e7b9402a31939d3f7968869,2cd060fda91d8748e8da20d2058050247a79effb,eae78b32aa786c4ac0ca512775869e929bcb13e6,8e3af2ce281c3b21336313dd23701dd10b30dc48,,0,1,
openmoji:1F403,openmoji,1F403,water buffalo,animal-mammal,clean,https://cdn.jsdelivr.net/npm/openmoji@17.0.0/color/svg/1F403.svg,a4436e00f2a662e91f2e7839b48ac08b03894dca,ef6fa28d06b4585a1ac4f2bb1af994f447653cda,e03bc571ccf464a0c6759b6bacdbadbd8ae6256d,cf1576d89f69f607357a50ff91ce667957606c70,,1,0,
twemoji:1F403,twemoji,1F403,water buffalo,animal-mammal,clean,https://cdn.jsdelivr.net/gh/jdecked/twemoji@17.0.3/assets/svg/1f403.svg,e184b3e8d8d9dbd9e008a9a595df9bb154af05f5,45f8c53c7972f861d48d3cda87be4c6ecf6c54d5,69261d64a0cea1fe1b39a9723ca1737c17ef0d23,08d751026f36359e3c671224b80fd76510817466,,1,0,
fluent:1F403,fluent,1F403,water buffalo,animal-mammal,clean,https://cdn.jsdelivr.net/npm/@lobehub/fluent-emoji-flat@1.1.0/assets/1f403.svg,b21fe3360521535ab0e1c5d6fee7fbdf292568cb,3d10f162fcc1ab0cde473d0afc971ef4a90eb0c0,b445291cc37922f8b3f186c530f2df3e0a701130,51fadc6149861fd115718d965814860611c9bbb5,,1,0,
openmoji:1F404,openmoji,1F404,cow,animal-mammal,clean,https://cdn.jsdelivr.net/npm/openmoji@17.0.0/color/svg/1F404.svg,99f52f4191e3701077b63ed9bafa384894340112,801df5b8863ccacaaddaa0c03560367dcd2026d9,82441d04791a8ca585ca09642c6aeda2017e9f7e,f2a05690c1fb59dbd313fa106ec5b590531dd330,,1,0,
twemoji:1F404,twemoji,1F404,cow,animal-mammal,clean,https://cdn.jsdelivr.net/gh/jdecked/twemoji@17.0.3/assets/svg/1f404.svg,c6baec138ee62ff13c5b34194297e74b94eb00fb,4d0fc9841bb2f0afccb7a3d35de92a14477a5b2a,38122151c42759beb29d300b2ec41b50b8ef9185,afaa752dd18cc34a2cb6d56a9dc4ea3719fce9ab,,1,0,
fluent:1F404,fluent,1F404,cow,animal-mammal,clean,https://cdn.jsdelivr.net/npm/@lobehub/fluent-emoji-flat@1.1.0/assets/1f404.svg,f896806547169a58f1c6639eeba9599f9fa3ad1d,a3306651e1c8d7251de4ad5505623db4fa65b2ac,c9b6cc2a03c58cc5801823282f311c3ad5ac876c,bf22a49fb39ed29623a3760c596186b157b8e9e2,,1,0,
openmoji:1F437,openmoji,1F437,pig face,animal-mammal,clean,https://cdn.jsdelivr.net/npm/openmoji@17.0.0/color/svg/1F437.svg,b5728a9de144a5c8e77f360708d2073866986f71,4f12229daf0572b50cfa4ab9458ebf0323d919ec,7c937a44a6520b167201ba6b55e3f88065255d14,7d010f15cdc3bac4503965707fb757c7ad8a9b44,,0,1,
twemoji:1F437,twemoji,1F437,pig face,animal-mammal,clean,https://cdn.jsdelivr.net/gh/jdecked/twemoji@17.0.3/assets/svg/1f437.svg,48f24c2d8461431fe67f7d505579c1955b3c4a44,ec7d86ba845ce5172f5aa0798cda955ec196d501,a108b6d904c52c9ed23b4d5346d561c3e4b3e977,5825a7e568d7ccbd23df1148833961fdfee6bdd4,,0,1,
fluent:1F437,fluent,1F437,pig face,animal-mammal,clean,https://cdn.jsdelivr.net/npm/@lobehub/fluent-emoji-flat@1.1.0/assets/1f437.svg,c494c5deb51089fe86a32145ceafa5e57af3340d,441366c73f930b072644942c5f54e6d846f8b211,17667097eb025f3202b7fb663e3ae76310b01b29,d7170186f88fb38757883fb1f727308ecd69bcb7,,0,1,
openmoji:1F416,openmoji,1F416,pig,animal-mammal,clean,https://cdn.jsdelivr.net/npm/openmoji@17.0.0/color/svg/1F416.svg,c3ef1b5048c999b125a652a6a9d56b2d83b2a0aa,eea9b415c51ec91f6db9ccde3e0377d21a3ff89e,e94a4a9da322d5f559ad08c67e419988bb8f719f,2735049db1838216758989583c2d5101bbac17d3,,0,1,
twemoji:1F416,twemoji,1F416,pig,animal-mammal,clean,https://cdn.jsdelivr.net/gh/jdecked/twemoji@17.0.3/assets/svg/1f416.svg,e2685cb5e8c64a27243bb82401f7b33b55e8445f,82116314242f345f2c45698ded04592d28e2ddb9,e449846624a36f37559b45e1030a5fd10da4dc3c,62d71015381cc22359bc7a33afc510338614302e,,0,1,
fluent:1F416,fluent,1F416,pig,animal-mammal,clean,https://cdn.jsdelivr.net/npm/@lobehub/fluent-emoji-flat@1.1.0/assets/1f416.svg,59a3a2cfd98896869370e6c9ac57a8fa6eb09ab3,a761bd1e9a62799aa747a7bfbad595125e0351a0,06605d5d87f329db14cb302e7c3dbef08027ff7a,3c26a2b0e2171e19b83e6dfb75474406ca654c6f,,0,1,
openmoji:1F417,openmoji,1F417,boar,animal-mammal,clean,https://cdn.jsdelivr.net/npm/openmoji@17.0.0/color/svg/1F417.svg,5c337e0f0e3dcc48f4ce8fcc8a3d753f145ef47a,c2b1a1770c01e298d6ea88ff1b05981405fc55bb,ecb71f6c2bf06da4c9d71401e0a9a7b303db9de7,83a3fae3fc0644a1f014ded856a6cc4e47b2df98,,0,1,
twemoji:1F417,twemoji,1F417,boar,animal-mammal,clean,https://cdn.jsdelivr.net/gh/jdecked/twemoji@17.0.3/assets/svg/1f417.svg,2fe6775c1cc106ecd95622867c2aff2dbcc923d3,752a4b563d5e172ad0b74eb84de88389b906d549,e9d29fd4741957ac322dff571ac8662b068ef681,9a8b8b207e7075527864df3fbcb4c17956278c29,,0,1,
fluent:1F417,fluent,1F417,boar,animal-mammal,clean,https://cdn.jsdelivr.net/npm/@lobehub/fluent-emoji-flat@1.1.0/assets/1f417.svg,8636306ab690a16c0e10b7b577987cfc731be0c5,172c5b77e6727a81651a8bd7b40b446cc0c5d98a,cb2411ab8951b07724fc58b16656ed810492b9a9,dc0a5305b320c186c6b196c73af03d026f84bf45,,0,1,
openmoji:1F43D,openmoji,1F43D,pig nose,animal-mammal,clean,https://cdn.jsdelivr.net/npm/openmoji@17.0.0/color/svg/1F43D.svg,6baebb6d6d278cfbb12ae2c16d1ae98e4e7682ab,bbb99d3251c8009162e46f5af6ff69ebbe0851d4,56f517e91869d0bcc5f8fa143857693cba23a15f,c7bb79deebbd6b100c126a65ce055e1028a6ffa8,,0,0,
twemoji:1F43D,twemoji,1F43D,pig nose,animal-mammal,clean,https://cdn.jsdelivr.net/gh/jdecked/twemoji@17.0.3/assets/svg/1f43d.svg,f3b054fb49ed75f5727aabebc0d490a191180d4e,1c7a6d07ea3e495b85b6dc6729f68d5f755c4315,74e2543d9f415594d49d7d30f0f112995f230adf,35cb240e8b792488b1171727f02145b79f19aa7e,,0,0,
fluent:1F43D,fluent,1F43D,pig nose,animal-mammal,clean,https://cdn.jsdelivr.net/npm/@lobehub/fluent-emoji-flat@1.1.0/assets/1f43d.svg,88ad13e981ed24dc292bfdab217ee8ea87b40ce2,7a83a87330d3ab49a4514e864207e399e1b1c172,f4828e80fefb49ef22ac539b1787d47e84c532f3,76547faee573830212a59242305377a4cece9264,,0,0,
openmoji:1F40F,openmoji,1F40F,ram,animal-mammal,clean,https://cdn.jsdelivr.net/npm/openmoji@17.0.0/color/svg/1F40F.svg,eab30173363bbb1045f936dbf413184b552f205e,02e4252c911da2375e898652e2074226c12c7c38,c65bc3ad6d0cb99d6b4ffd99a593dabf279f470c,e973913510a30708cf65e317afa8ae60028d18cb,,0,0,
twemoji:1F40F,twemoji,1F40F,ram,animal-mammal,clean,https://cdn.jsdelivr.net/gh/jdecked/twemoji@17.0.3/assets/svg/1f40f.svg,a23b91b52ed39a6af97e8794532e8f44a70ed452,3310d6caf3452f9eeec65d7cc3f4952cdf973673,d4c31a85765f0a680a35127ed6b61459918a63e9,b1e676bdf6e646fa6d00f92e15d4a55d7a23b9c6,,0,0,
fluent:1F40F,fluent,1F40F,ram,animal-mammal,clean,https://cdn.jsdelivr.net/npm/@lobehub/fluent-emoji-flat@1.1.0/assets/1f40f.svg,8cf1f5d97d15e2519e964b1c3cf68c77ba621cb8,b19e7e24b937fad4aefc7ee59e586e4b4591d9ef,ae543a430636fbdec62caec6385b2e1cce82ebc8,1e8ec82d665ef15ce8f1ec5a9c4a3cb49b7869a4,,0,0,
openmoji:1F411,openmoji,1F411,ewe,animal-mammal,clean,https://cdn.jsdelivr.net/npm/openmoji@17.0.0/color/svg/1F411.svg,7e91ba5259538fc5af4321d37fecaf16b932fb58,46ce4c3289d212d8826e09c1c2c0724b2e2c6e38,098ade0b119c80268e8b3baa2ff531eeeec8e8a3,c51899aa38bc686d45e1968fb0334b110e6e3c3c,,0,0,
twemoji:1F411,twemoji,1F411,ewe,animal-mammal,clean,https://cdn.jsdelivr.net/gh/jdecked/twemoji@17.0.3/assets/svg/1f411.svg,025c3dc3e532daa50276b1f62bff8c504fc73e98,2c28d4f0966c40ddd38b41326764e49c3a646e31,7f1c823c3c178c28ffaacc60cd45fd1203c33d18,589dc2d7b4b81dcc6f8c753b054c52561255ae3b,,0,0,84
fluent:1F411,fluent,1F411,ewe,animal-mammal,clean,https://cdn.jsdelivr.net/npm/@lobehub/fluent-emoji-flat@1.1.0/assets/1f411.svg,86ee7efbe80a52ba569c709217a5486035d8104b,3fcf9db9f64efed7918bdc6ea8388ae2c2cb6350,92b4e67a7790d6276aa7ea7430a65e9502e5e5a4,bc5c54606875f38f1d01fcb86f6e768749c5767a,,0,0,
twemoji:1F410,twemoji,1F410,goat,animal-mammal,clean,https://cdn.jsdelivr.net/gh/jdecked/twemoji@17.0.3/assets/svg/1f410.svg,7533d3e01bb3e8508a8701375958a819351a9d89,f7f79fcb232fce8cb8e705121a8a4f316514f44c,7f0262a7e3a86cc6d9a356a025a1cf155563c186,d1c42d66cf87cbd0069007952eb48e2cb25829eb,,0,0,
fluent:1F410,fluent,1F410,goat,animal-mammal,clean,https://cdn.jsdelivr.net/npm/@lobehub/fluent-emoji-flat@1.1.0/assets/1f410.svg,f526053bca4fdd9dd1bb3efcc77fb0f410127bff,67c6050e242528b0f84eab2affb31b14b84a71ed,131497b17af8816a9103cd7d478757697f91a711,09af2c0dcf67fb2e71c63b8871e21e63055a53e9,,0,0,
openmoji:1F42B,openmoji,1F42B,two-hump camel,animal-mammal,clean,https://cdn.jsdelivr.net/npm/openmoji@17.0.0/color/svg/1F42B.svg,98dfa49bdab57c228ea69830f483fccfa5302836,bdf548ce0fdf183484efee93c7e22cf06ab14af8,7cc79a5f4a739ec26fa3b599fc974b8a29cd503e,a2cba63cde20aa8cec24a86217d52661465d2563,,1,0,
twemoji:1F42B,twemoji,1F42B,two-hump camel,animal-mammal,clean,https://cdn.jsdelivr.net/gh/jdecked/twemoji@17.0.3/assets/svg/1f42b.svg,8257fa724ba8e9d8e40dfa6b0da9021805e730c6,c33d52352c0fce7de1f0485e498feeba9e17eedf,c0e6d84425a328772c4f2556cf492f6e784d87cd,797e7f3c96719c36bfefdad458e4e93171199a6e,,1,0,
fluent:1F42B,fluent,1F42B,two-hump camel,animal-mammal,clean,https://cdn.jsdelivr.net/npm/@lobehub/fluent-emoji-flat@1.1.0/assets/1f42b.svg,be3e7454db81970bf4552a9d67ce223e847017e5,cf0c5ac7acfd5f11302170d47a10966d82d8d41f,d2335c9734a088e1c1d37aa5492a2d023eda992f,a7a8a50aa7b8ed8f6e10f651f4f3c69ba4293f47,,1,0,
openmoji:1F999,openmoji,1F999,llama,animal-mammal,clean,https://cdn.jsdelivr.net/npm/openmoji@17.0.0/color/svg/1F999.svg,d572eb747d9d08b5efad4497e2e32d2d8ea9b854,053d21eca1a399474d475b74f85b206ba2266844,e01229f2f24a4b6cf79aa9f745e36e397051a0f2,c3b21b2fcb31aeff3aed4fecbccf732c2ed02e67,,0,0,112
twemoji:1F999,twemoji,1F999,llama,animal-mammal,clean,https://cdn.jsdelivr.net/gh/jdecked/twemoji@17.0.3/assets/svg/1f999.svg,786681ee68819aa6485657a61f4b955ecaf24339,ab969ed5dd346f223661a89b90192da866b9f289,021f934536649ddb895864807ff0e28219c29433,03559a6c0f7ccad47a301985c77a5d71065708f3,,0,0,
fluent:1F999,fluent,1F999,llama,animal-mammal,clean,https://cdn.jsdelivr.net/npm/@lobehub/fluent-emoji-flat@1.1.0/assets/1f999.svg,ea649d48710aaee9fe21613f92e88fa70294e4cb,04d5203ad061960c6d768068fb37b82fee5efcea,5ccee7c8935a4d9c24a1733ec940878072f3e0c8,ca813d5e86f3af822f395f6955bad3e3f37cd7d6,,0,0,
openmoji:1F992,openmoji,1F992,giraffe,animal-mammal,clean,https://cdn.jsdelivr.net/npm/openmoji@17.0.0/color/svg/1F992.svg,2069c183735c12c7f23d42c5ee8bfcdf14294515,8db13d8468893f5ed27b0ab6fb2c6a000ceaa79a,65b3c0a8c9b54a84868e64a0fd3ea7a31bd47145,79800f1c6de8f1274b2268eff2701d63d3022d0e,,0,1,
twemoji:1F992,twemoji,1F992,giraffe,animal-mammal,clean,https://cdn.jsdelivr.net/gh/jdecked/twemoji@17.0.3/assets/svg/1f992.svg,a730978f8ffd94e5ad0b5f794a91977d319620b8,286fc2063363319ade24a605064bcda520243dff,03d4cc39e5ded481765b75ed89c3f5c2a9ba7abd,2c340eb162aee5a8076950849e42128ba26c647d,,0,1,
fluent:1F992,fluent,1F992,giraffe,animal-mammal,clean,https://cdn.jsdelivr.net/npm/@lobehub/fluent-emoji-flat@1.1.0/assets/1f992.svg,9d084dabed75fcc524a41ce5f20d59675a2cafd4,3b90a47e79d559dd4f68b3aca0795b34cc689bf1,1a87eaa529f4bb9cc781f5a838096c21c6308534,9a31b1cfe1147b80220d299438fbc449473f5a8a,,0,1,
openmoji:1F98F,openmoji,1F98F,rhinoceros,animal-mammal,clean,https://cdn.jsdelivr.net/npm/openmoji@17.0.0/color/svg/1F98F.svg,fe8ea9ed155e93d7479424be446a92bc5cbe99d8,1e6da522221894e8936f1a57102af8a563688f05,e13f77abf3c854b67d3447228ae5630c93432377,940a512d358ae1e2cd2b03827eb89214a82fc3e0,,1,0,
twemoji:1F98F,twemoji,1F98F,rhinoceros,animal-mammal,clean,https://cdn.jsdelivr.net/gh/jdecked/twemoji@17.0.3/assets/svg/1f98f.svg,fdc4b8edc8c7802bea7ef47ad5d6f0a07cf805c1,ce6fc2ffcb41a68a4c79896ad71eefed3684447a,61fee760250e82b471f3de53888b535adc6b9a83,b0d5c2c76b936a4eebe6dfd7d7b56738b8621a4f,,1,0,
fluent:1F98F,fluent,1F98F,rhinoceros,animal-mammal,clean,https://cdn.jsdelivr.net/npm/@lobehub/fluent-emoji-flat@1.1.0/assets/1f98f.svg,612180316f717558984b6c8605cc618e9718cc51,0f3de2436ac43b1cc31d4ade160f3b9f77c3878b,c529f271c3206a02ccdffa6176d02ba6839c3449,3bfb1f1d6f72afb0eb513c6659ca6bc2d1227714,,1,0,
openmoji:1F99B,openmoji,1F99B,hippopotamus,animal-mammal,clean,https://cdn.jsdelivr.net/npm/openmoji@17.0.0/color/svg/1F99B.svg,799cbdeda00274afe0ea67d2417dec1c8d78256f,044b3bd293233a5baa241eb37f62136bf6dfd355,76f08c7ff6a845c28d30358141204226b87eb283,e165551f63ecd02118c9fcf947fc6d3a12aca38b,,0,1,
twemoji:1F99B,twemoji,1F99B,hippopotamus,animal-mammal,clean,https://cdn.jsdelivr.net/gh/jdecked/twemoji@17.0.3/assets/svg/1f99b.svg,9f4f302625fa69ba47307eea6d445d330f0d12cc,a067b1b8c13725ecc2afb698a38fb256888fc578,59b1215b3d1837b4d86a72d8e256f826d56dc5ac,925a5d79a24c52e45c0e925f81486c32b9764c24,,0,1,
fluent:1F99B,fluent,1F99B,hippopotamus,animal-mammal,clean,https://cdn.jsdelivr.net/npm/@lobehub/fluent-emoji-flat@1.1.0/assets/1f99b.svg,d3549b6a6f115cea233f34c1533c2fff943ae6e3,718a3ad7076488d04e449107d26aab8f7b7fbd3e,21a359898607ffe096e19e7d630916f743a8077f,45c5fd3711a32ef307e66db6e8ca6113df94786d,,0,1,
openmoji:1F42D,openmoji,1F42D,mouse face,animal-mammal,clean,https://cdn.jsdelivr.net/npm/openmoji@17.0.0/color/svg/1F42D.svg,9494fc9057a07f0ee862d7ff19f619c62661eeae,ea547a32bf8f9951362603200b043ae79b468005,d0d7a6535ec7b00362e21e95673052122734f5c1,5ce04b8aea8246a04226d3a26f60e5fb0e000b29,,0,1,
twemoji:1F42D,twemoji,1F42D,mouse face,animal-mammal,clean,https://cdn.jsdelivr.net/gh/jdecked/twemoji@17.0.3/assets/svg/1f42d.svg,653908b27b03c94226bb84b285a6c161478cd1a2,01c1f493a0dfafaf4e983340952cbe8b4dfc6e36,2c1e9f82d1ff57d8d25a8eb712e3c7a9724e69ad,e02c320d25e7b5781b9d1530962e38fc1624c460,,0,1,
fluent:1F42D,fluent,1F42D,mouse face,animal-mammal,clean,https://cdn.jsdelivr.net/npm/@lobehub/fluent-emoji-flat@1.1.0/assets/1f42d.svg,049f0def81b299b36d48a665eea2c448ade2013e,ba60bd1a908bbb7f218f2882c8e4cb9a9d06b96f,cb0d7418ad0275a6cd62a83eb472ef704134b978,e07ae0675d2126aba5f35436003e561e6d531097,,0,1,
openmoji:1F400,openmoji,1F400,rat,animal-mammal,clean,https://cdn.jsdelivr.net/npm/openmoji@17.0.0/color/svg/1F400.svg,5a1fc655d68e4e46ada201f30aa7ea9dbcc69f34,07db769d0b858b1b8c0f6edf46737c169da82758,eae65942a7b990267b789c3c26a6e239292a9b95,02cc9a60cf2389fabf18d0b6126fb09232b457d5,,0,0,
twemoji:1F400,twemoji,1F400,rat,animal-mammal,clean,https://cdn.jsdelivr.net/gh/jdecked/twemoji@17.0.3/assets/svg/1f400.svg,0950da62d20b53cf9027c577b630ff2237fc2972,97d7c047f6b76dfd5e977ef87dfd3572ed43d599,2a5affe6a57fd3c9b6c300b7945b51a38eff379c,4ff92dbdb9a60ab07da99807da075d98f509bfbf,,0,0,
fluent:1F400,fluent,1F400,rat,animal-mammal,clean,https://cdn.jsdelivr.net/npm/@lobehub/fluent-emoji-flat@1.1.0/assets/1f400.svg,98ce9214fb4c9b5bc8f993b13c738757c813ed94,fea03824cec46e5f312c4e797d2b6bd70b739647,4e1ecd6107f3a069ddf5add52f3f59b5bf3dd9f3,1b4b63d0c3cfff00191553b4d3d20bed8fb8b1b0,,0,0,
openmoji:1F439,openmoji,1F439,hamster,animal-mammal,clean,https://cdn.jsdelivr.net/npm/openmoji@17.0.0/color/svg/1F439.svg,36205540ac203981728016ca653629dd1e287721,99214869d8d60369e82d6a897d2f5d7424d3234f,24c91c3e2102423752d424b51f66bf0c68871564,19c4e568ff0978048fb0d9bae2b74074543b48ef,,0,0,140
twemoji:1F439,twemoji,1F439,hamster,animal-mammal,clean,https://cdn.jsdelivr.net/gh/jdecked/twemoji@17.0.3/assets/svg/1f439.svg,c679a33c94f3cad310f11e144947314bd9ea7b0a,63f062fadebf2d566ee930e73a8a694178aaefd3,0fad1b01e8f369626980c9d0581879378990e55f,524cf7448acbde12471b6bbf72a5ea80a49509b5,,0,0,
fluent:1F439,fluent,1F439,hamster,animal-mammal,clean,https://cdn.jsdelivr.net/npm/@lobehub/fluent-emoji-flat@1.1.0/assets/1f439.svg,0b803ad57d6d1d7ff3739bcc4a2ebf58c2d1023c,2d27047af81d8edfa918bc7a8a36bb9392d139ad,39d0a42c8481ca350064789400a241706cd410f5,b2e8cf0216fddcfb4f6c73840aa292488d7443b8,,0,0,
openmoji:1F430,openmoji,1F430,rabbit face,animal-mammal,clean,https://cdn.jsdelivr.net/npm/openmoji@17.0.0/color/svg/1F430.svg,4c411c38aa56e2c81134815ebdc2be3746734d21,e4740107eceeab69e79e4c5d60411d512fc6dca2,6fb37745e7cd95020f5d932b585fa5c103625d6f,96784c6ff951f11f4b52a00652c08e87b66a2ca1,,1,0,
twemoji:1F430,twemoji,1F430,rabbit face,animal-mammal,clean,https://cdn.jsdelivr.net/gh/jdecked/twemoji@17.0.3/assets/svg/1f430.svg,39719bceb91369586e8ca65576be03f1ef217266,787e518d99295576f8fd1d05433844c2f93a9b26,4b33afea82f54613b16f33331c129205500d1634,efb92368affd5613c02110d65b6bc0d0ff5a6e80,,1,0,
fluent:1F430,fluent,1F430,rabbit face,animal-mammal,clean,https://cdn.jsdelivr.net/npm/@lobehub/fluent-emoji-flat@1.1.0/assets/1f430.svg,a6252f4fa0efb0617fb7c20e5978a899b6cb78d8,83d9ddc49f390d03eb0de75febee13a3b9ceafba,4a6417b47f52fe44ff8f153e11152d2bf1582737,d37e4ec354e82229a6219865c56f3a0898ba9997,,1,0,
openmoji:1F43F,openmoji,1F43F,chipmunk,animal-mammal,clean,https://cdn.jsdelivr.net/npm/openmoji@17.0.0/color/svg/1F43F.svg,58368be13082783646a9485207b55a53a9174f4d,f9315c5170c44af199b583bd2cceca6e5cce30a1,1ad73d8b55d90d2c18ac6e141f356e3a71998661,ee686ad1ebec2adf6b8c9e164e61dbc283a796c2,,0,0,42
twemoji:1F43F,twemoji,1F43F,chipmunk,animal-mammal,clean,https://cdn.jsdelivr.net/gh/jdecked/twemoji@17.0.3/assets/svg/1f43f.svg,216860049a46dac864fb9f29407b86559d437472,040a7f6a75dad3fa4f44af3f9dc31dad3a576656,9f50762db4bc9e2ac56de783fa8b38cce7de4898,58b0c97227b553726da4ea653c8f7abb767eaa20,,0,0,
twemoji:1F9AB,twemoji,1F9AB,beaver,animal-mammal,clean,https://cdn.jsdelivr.net/gh/jdecked/twemoji@17.0.3/assets/svg/1f9ab.svg,699532b94196223b3a1f075d297e1594622f385b,bcf0b75742e00d5e9e8a107790335c72600e1f97,5049a397b82d161318605bcc70bfc123b0e59292,6f7527555e0da30c1abc1c87d2b3599a192ffad7,,0,1,168
fluent:1F9AB,fluent,1F9AB,beaver,animal-mammal,clean,https://cdn.jsdelivr.net/npm/@lobehub/fluent-emoji-flat@1.1.0/assets/1f9ab.svg,d3a39d60fb4d07d364b7a721751638dd587afa6a,4c98daf7f4446939d5bc46d9c0477b5436484246,a6e6361de225a595b54cfcebb3e05b9bc4eb71bc,0b9fef1492917acb6f9e693cfd885277defe5a5c,,0,1,
openmoji:1F987,openmoji,1F987,bat,animal-mammal,clean,https://cdn.jsdelivr.net/npm/openmoji@17.0.0/color/svg/1F987.svg,33c67dcd6aa309a8fcf481e236c4e8e015711b60,9d2cd5d9cc3baad1bc5d3ca4614d14d0914a2874,e4778d1cafecde6abdb50ca9b0af5f28ecad9a1f,b52c50131efafe2e9625740188844a1e077220c1,,0,1,
twemoji:1F987,twemoji,1F987,bat,animal-mammal,clean,https://cdn.jsdelivr.net/gh/jdecked/twemoji@17.0.3/assets/svg/1f987.svg,af6e8f31cc7837b5b78afa562f797c176b1ceeb6,1fe1a4d031a8e153a45065ef6dd2dfb4d08b8393,fb91e41256c67c1a7192d5f178b232ed1c9f8411,c0ca27bbeff6b9898a629322bc4f8d9a932bb325,,0,1,
fluent:1F987,fluent,1F987,bat,animal-mammal,clean,https://cdn.jsdelivr.net/npm/@lobehub/fluent-emoji-flat@1.1.0/assets/1f987.svg,5450f9504f5c7b9e753072750a83e8612ccad532,6b6166a5fdca7f9e59cbe29e13952ce433cfb8e2,83304080804b06a93d245baab7655723a9bf5635,043c2ce287d99c0ad071560829df82977e8aac76,,0,1,
openmoji:1F43B,openmoji,1F43B,bear,animal-mammal,clean,https://cdn.jsdelivr.net/npm/openmoji@17.0.0/color/svg/1F43B.svg,d4379535b6c88e8b50c17143ac60377c7fdb2469,6231374061d229043daea5bd18848cf6b2dc9b78,1edc213e7d704e7210b4c4b94ae4cb4ff034d2bf,3a98f1ed57242548d382f412858c13aba3a38f0e,,0,1,
twemoji:1F43B,twemoji,1F43B,bear,animal-mammal,clean,https://cdn.jsdelivr.net/gh/jdecked/twemoji@17.0.3/assets/svg/1f43b.svg,9bf8d62a45b2ea90c5155587fc35320e52201a87,b1b8f74664c79d5c49a8dcd6df520bcd8754430e,9d548efdc44f78b2ee87de9586817002c69126ea,1264efb897c3a72c4da69492dd6260c9f8934c41,,0,1,
fluent:1F43B,fluent,1F43B,bear,animal-mammal,clean,https://cdn.jsdelivr.net/npm/@lobehub/fluent-emoji-flat@1.1.0/assets/1f43b.svg,88a9f57f2a9bf766d5b99a9ecf98e5a31fdca984,33125a0af0445f5f2218989bd40ba7bd3a6b3d54,38124a2ed2db505f3233003057ea0bd02b4e6742,37cb5712f8d602aaaf1462efce700fa27e7863c4,,0,1,
openmoji:1F43B-200D-2744-FE0F,openmoji,1F43B-200D-2744-FE0F,polar bear,animal-mammal,clean,https://cdn.jsdelivr.net/npm/openmoji@17.0.0/color/svg/1F43B-200D-2744-FE0F.svg,91bccc8a2a6791e619c44e03807016f286b69ace,c97dd4629efcdb748d3bf928a8f4d8e34c03dbec,486236aa0e87cf7793e2f444957ffa1da8dc485f,347901402af7f37ff08d56e3999596615770f1da,,0,0,
twemoji:1F43B-200D-2744-FE0F,twemoji,1F43B-200D-2744-FE0F,polar bear,animal-mammal,clean,https://cdn.jsdelivr.net/gh/jdecked/twemoji@17.0.3/assets/svg/1f43b-200d-2744-fe0f.svg,03a6107622b879a8f051504c886f92e09d526662,ce8c029c7318863d08e8eaddbc16347c2c166724,2a404a9fa1ddce95b0ee121e67df3809334061d2,ff5a7a4d7edf401eac40fe63e51e5b001427151f,,0,0,
fluent:1F43B-200D-2744-FE0F,fluent,1F43B-200D-2744-FE0F,polar bear,animal-mammal,clean,https://cdn.jsdelivr.net/npm/@lobehub/fluent-emoji-flat@1.1.0/assets/1f43b-200d-2744-fe0f.svg,14c8a68138a60ec32a7329f69efb2f699aa3b200,74817a89988028ddb1e99ea2e83bad337d0203b3,4671440df0bb9c159582ef24d41eaf81e243e912,6cff54d47bf006708d93b0f2f7f2a643e7c672d1,,0,0,
openmoji:1F428,openmoji,1F428,koala,animal-mammal,clean,https://cdn.jsdelivr.net/npm/openmoji@17.0.0/color/svg/1F428.svg,33651e1f126c718992fddc90723bb55f96474849,dfd4f63361dea23da167467ce0c43a0307ec6647,3d3d9a27854b7b3fd567f0271b5449523eb99953,750978ff8c88b15181927884c781de2c1bbb7347,,0,0,
twemoji:1F428,twemoji,1F428,koala,animal-mammal,clean,https://cdn.jsdelivr.net/gh/jdecked/twemoji@17.0.3/assets/svg/1f428.svg,1dbe7fb83eedc8dad62a4d01ead06451ed916c1f,25b81e6929b030c439f6a533b7aadf6728803eda,734eb5468babd57019b652dd1e8d88623e685b74,0cdf0817c231a1272195bc21610ec003b227ce3e,,0,0,
fluent:1F428,fluent,1F428,koala,animal-mammal,clean,https://cdn.jsdelivr.net/npm/@lobehub/fluent-emoji-flat@1.1.0/assets/1f428.svg,4d9500325e204ae454011cf58bf2d7a028175939,a4d9a28d63be94179a8124aec5b4fe11c14a3b8d,79531358611c5d2a6aaae0adfc1a9533031967b3,2430d4ddc60b4df00d9195a29262229ae48d9169,,0,0,
openmoji:1F43C,openmoji,1F43C,panda,animal-mammal,clean,https://cdn.jsdelivr.net/npm/openmoji@17.0.0/color/svg/1F43C.svg,2f570b7ec31581f37a608824ed942268150bb0c8,1ac8481164052aebf94cd8beff8ab8a32a536fbd,39bf2345d327096497fd9a69b2948d4b947885cf,2ea6b94cc9e28377360a4c2273abfc7bbe5a2820,,0,0,
twemoji:1F43C,twemoji,1F43C,panda,animal-mammal,clean,https://cdn.jsdelivr.net/gh/jdecked/twemoji@17.0.3/assets/svg/1f43c.svg,8f57fd069df773b8d25ebfd618ec96beeed19a07,c64f2919ac961c89d6f5ca064d10a862639835e2,7dd73acb9b20a64d9ce0db01d2b982ad44300c2f,18bc4b714e92cd68149f3e0fd08e52d9b0e18a76,,0,0,
fluent:1F43C,fluent,1F43C,panda,animal-mammal,clean,https://cdn.jsdelivr.net/npm/@lobehub/fluent-emoji-flat@1.1.0/assets/1f43c.svg,4a6009145c9009557c30f404ee7a184fe8fcc731,b02769c933b6364d9990f0404d67e0cc9c929d81,fbaaa8370106f8ed9360577784b3c8ee8cace7ef,a272bbff9b578dfcd76c1b0b14186e1099e1bf54,,0,0,
twemoji:1F9A6,twemoji,1F9A6,otter,animal-mammal,clean,https://cdn.jsdelivr.net/gh/jdecked/twemoji@17.0.3/assets/svg/1f9a6.svg,055a17c29c0e2bc4187236f08c029f577f34ae35,3a02b5ba48b4de61ef22570c2fca2470f856fcaf,595a68a3f9da3b738bcf4285cbafc1614de91b83,c4ad7b285f23c6de4585aa4e5f7fbbc417569548,,0,1,
fluent:1F9A6,fluent,1F9A6,otter,animal-mammal,clean,https://cdn.jsdelivr.net/npm/@lobehub/fluent-emoji-flat@1.1.0/assets/1f9a6.svg,09a263c95c3ff44b2a675ea4b68ee8e03be0b56c,56c647fab9a111fce90c2b8c8fc7ac8b7c7c2e34,f7b5b2e39795d202924aeea9d5868cd091067902,7c428f7fd1d09f67ee135538784d6bc01e486174,,0,1,
openmoji:1F9A8,openmoji,1F9A8,skunk,animal-mammal,clean,https://cdn.jsdelivr.net/npm/openmoji@17.0.0/color/svg/1F9A8.svg,665c4cdbd935c8e236b9254134a4b4244f04dbe7,a5281483e4ef42dbbe543c9f38488a58d1fac1eb,c6e2668d79b5b5be24593b082490f633c771941d,adbf6004df1f4df5201338666dff8a0f15a2b0ec,,0,0,126
twemoji:1F9A8,twemoji,1F9A8,skunk,animal-mammal,clean,https://cdn.jsdelivr.net/gh/jdecked/twemoji@17.0.3/assets/svg/1f9a8.svg,36ba5c985d2509f7a9553a2586055978f86390f7,0932fe9afe82e6f0ffe993e6e623016abd5a7ee0,ae799280347acbd37e157f30e31a28730d374df0,fa3afb18960abf599232c5d0e27ee4f77be7919d,,0,0,
fluent:1F9A8,fluent,1F9A8,skunk,animal-mammal,clean,https://cdn.jsdelivr.net/npm/@lobehub/fluent-emoji-flat@1.1.0/assets/1f9a8.svg,9c04ca114a43487de111f2a065958f8e1f1006af,900bdc87d1eb4e8695337b6b22a7dcaad31f8b12,30d82f050af0bcbca72c89ca0f75c0ad8475907c,74897dcab4a77689320d828e252af7f3229f9d3b,,0,0,
twemoji:1F998,twemoji,1F998,kangaroo,animal-mammal,clean,https://cdn.jsdelivr.net/gh/jdecked/twemoji@17.0.3/assets/svg/1f998.svg,ade1dfe936a21d5e13dae5ae4596b86387826896,41694f4102a267e28ec80b9cce3a391341e24888,0ff9a4f634f7059a4dbd1639fe83c3c327b483fb,455f7fcbe04f26571dde28bfc6e9f9d428af04a9,,0,0,
fluent:1F998,fluent,1F998,kangaroo,animal-mammal,clean,https://cdn.jsdelivr.net/npm/@lobehub/fluent-emoji-flat@1.1.0/assets/1f998.svg,ac4d9bf639aa608b2d95f8b8f8aaf9311d95b8e2,caacad0bf773a1a4bdb0ec4626c3bc388d4166e3,0507ce5f3fa3e5a3f54a1a2f71178107054abc43,38c13d7d2a8e58b70de56ca56c5789e28f924f4e,,0,0,
openmoji:1F9A1,openmoji,1F9A1,badger,animal-mammal,clean,https://cdn.jsdelivr.net/npm/openmoji@17.0.0/color/svg/1F9A1.svg,d211428ada22185f772bd67c959d75480fa37285,b89098cb4cbb8e284c6d7b750aabee82b1349a2a,f56e288dec13132faafa59c4d67d80e37d3b7ccd,29315dc4f422a2dc654e75d1587f6c7765bcdca0,,1,1,
twemoji:1F9A1,twemoji,1F9A1,badger,animal-mammal,clean,https://cdn.jsdelivr.net/gh/jdecked/twemoji@17.0.3/assets/svg/1f9a1.svg,4a12ac2c854b7396f86a8bf8aa34a2a1fbf3b727,8092171a28f8d8207458d88a7b6b7021ba42188a,6c6f99e2dc94ad856817c21f809d5f987aa988c5,a0a966a84aca29796dabeab5581ed7bac0c1e6cd,,1,1,98
fluent:1F9A1,fluent,1F9A1,badger,animal-mammal,clean,https://cdn.jsdelivr.net/npm/@lobehub/fluent-emoji-flat@1.1.0/assets/1f9a1.svg,7a7a905d40f20915101f7211fd3cf8d06e79f007,85142186c1e3ec3eceecce205433ac4519bf023f,310870bf2a601c9514ea46e294356d506a79aa6e,a12a9f1eb3896cf7ee10faeac39c404fb6e141cd,,1,1,
openmoji:1F43E,openmoji,1F43E,paw prints,animal-mammal,clean,https://cdn.jsdelivr.net/npm/openmoji@17.0.0/color/svg/1F43E.svg,d9bbe0b4d26447669f7183400f88d1244515a45d,c417e2b2ee08ced7197582348c0f9f7c7ed0b381,015647fbd5851045aea695c69f5629e49bd5dcc7,162c326725ebe3f83abd4eb1827d64586d27251b,,1,0,
twemoji:1F43E,twemoji,1F43E,paw prints,animal-mammal,clean,https://cdn.jsdelivr.net/gh/jdecked/twemoji@17.0.3/assets/svg/1f43e.svg,3b638edf193dccd6d5c7571119b57d130020a8c0,67a05a605e59e35f1efe65f21efe3de504e7ba00,a2786ab779f84264424c1cae791ac47c6809f567,0e37880377dee10949b1d7baf4938275d2cd0f95,,1,0,
fluent:1F43E,fluent,1F43E,paw prints,animal-mammal,clean,https://cdn.jsdelivr.net/npm/@lobehub/fluent-emoji-flat@1.1.0/assets/1f43e.svg,c342255430e8561d0fac2743dfbc1669c3915234,e91517a1f88f5e3de36dfeb2058a5661510fd2ef,9f438b423aa6e480f293b12d2ba71bae12e0868d,576442dcb18bf6ba5f358fe147d77f16e5ecea19,,1,0,
openmoji:1F413,openmoji,1F413,rooster,animal-bird,clean,https://cdn.jsdelivr.net/npm/openmoji@17.0.0/color/svg/1F413.svg,01b4392fa582dca908ae9bf009ffd8dba3633eb1,e646764b82aece61fdd95414332a813298f879ce,fd8e94467c5a033dc4ce1c64e919985470de0639,76dbb105c84dbd2a52fd7f8692faa43d5c86e6f6,,1,0,
twemoji:1F413,twemoji,1F413,rooster,animal-bird,clean,https://cdn.jsdelivr.net/gh/jdecked/twemoji@17.0.3/assets/svg/1f413.svg,1bc65b2eed8de5555f9770c05a3c5c504fdd6898,9a08efd5914d2172b4d23ed34ed5b8e43f18bc3c,63891e7924ca8e26bdf0fcee210bb89090509883,c9513ceb12fc5adb41175c704daaf20ed76942b8,,1,0,
fluent:1F413,fluent,1F413,rooster,animal-bird,clean,https://cdn.jsdelivr.net/npm/@lobehub/fluent-emoji-flat@1.1.0/assets/1f413.svg,d677c23fdaa548a5373bc4823a974a58afdca31b,487030a43dd1a78f2c703593615d184add353386,69c645af5b8380f60d6a52123a4bf7784386b214,97d76da72a9d10f12c44660d0b2c6331ef8ffb8d,,1,0,
openmoji:1F423,openmoji,1F423,hatching chick,animal-bird,clean,https://cdn.jsdelivr.net/npm/openmoji@17.0.0/color/svg/1F423.svg,839906c471c36a5b725a600bf1016ecf54c6b5fb,4238e34ed5d22d8c48697e67bac8c8723fffa4cf,a45cee0fb0f0f8e62890ab1698e674117aced793,d99f8ed50db9b3c84d1efdfb0279cec94b23c81f,,0,1,
twemoji:1F423,twemoji,1F423,hatching chick,animal-bird,clean,https://cdn.jsdelivr.net/gh/jdecked/twemoji@17.0.3/assets/svg/1f423.svg,159601a8fc788e87ed28ec87dbc839db50d0865a,0e547ce08582b0e8d71c59e17f009ac2c5d63531,d10141da54dbfa1bf58a191b2d3bed9230b26281,a2591ba18c0c699ea3d6cc2a5fac37c55a156a47,,0,1,
fluent:1F423,fluent,1F423,hatching chick,animal-bird,clean,https://cdn.jsdelivr.net/npm/@lobehub/fluent-emoji-flat@1.1.0/assets/1f423.svg,6b5032509ae5c3d9b8043a522e531bc89fbf1915,6f85fb4384ac5e9ede439af63b40a793ab3a327a,ee7d175dc2c4a4bcc1b2d4684e3629356eb374ad,0f74716cd4df2bb7d236d804e3d79ac0e958947c,,0,1,29
twemoji:1F424,twemoji,1F424,baby chick,animal-bird,clean,https://cdn.jsdelivr.net/gh/jdecked/twemoji@17.0.3/assets/svg/1f424.svg,00d654a8d440e7d284712dcf03423ffd333a895d,93098ce98933ba34755520702bba57edc43c05ce,c2b6fe0cc59a7a402e37058dc2293c04ee5f8ffa,6bde9aba41f62aa615e2ca97d567c0d4a7ada911,,0,0,
fluent:1F424,fluent,1F424,baby chick,animal-bird,clean,https://cdn.jsdelivr.net/npm/@lobehub/fluent-emoji-flat@1.1.0/assets/1f424.svg,465a03588dd9fac747aade0c29afd6a0f9a06975,bc8a049403cd9ff211679d9c80295426234f73b5,883caa0a28778b2f60128f1ba0d55b70395d2aae,3b152d0639d19a883b40a90c35ad020fd240e8ba,,0,0,
twemoji:1F426,twemoji,1F426,bird,animal-bird,clean,https://cdn.jsdelivr.net/gh/jdecked/twemoji@17.0.3/assets/svg/1f426.svg,fdea53edd0f43d77dfcee8f908bd145aba69ec4d,4d773fec71082e863eaf45a16a9898752d69e9c1,9185b7a0daf5eb6a51d1bf088eb2e268856e9060,3c9fb832ae1ad9d0996a56436a4a961264919435,,0,0,155
fluent:1F426,fluent,1F426,bird,animal-bird,clean,https://cdn.jsdelivr.net/npm/@lobehub/fluent-emoji-flat@1.1.0/assets/1f426.svg,27a1c58ea9017d8f9f205f7ae1a68b4490994d28,edd18f775ae0e9f822f535b0f8cc6e618d265f97,4c468f7f4861b9fa0aaf28e5f39c3101cc56fcf8,13f6c4b6b75801d11da71234bddebcb6a8d7f7e4,,0,0,
twemoji:1F985,twemoji,1F985,eagle,animal-bird,clean,https://cdn.jsdelivr.net/gh/jdecked/twemoji@17.0.3/assets/svg/1f985.svg,febb48828e41d1c9a003191970efcf1cfdd9ade9,bf47c9e2c91c9a76e06a6c412b523cf50ebcafac,d845e0ddae6f793c22427f0c9ff20f9b8c1d7de9,12b81c1de98d03d2de796683bfb222a45a259afc,,0,1,85
fluent:1F985,fluent,1F985,eagle,animal-bird,clean,https://cdn.jsdelivr.net/npm/@lobehub/fluent-emoji-flat@1.1.0/assets/1f985.svg,f5319ad78a38e6b5ef3c1938f0f49bcab7e2f2f0,790a3e88a463260f5bb2293a249d690676e20a3c,35809fdc7897ac32aa3c7ba823ebb60bea4fb041,9146674f3fca00afc370112dd1170bad5171a957,,0,1,
twemoji:1F9A2,twemoji,1F9A2,swan,animal-bird,clean,https://cdn.jsdelivr.net/gh/jdecked/twemoji@17.0.3/assets/svg/1f9a2.svg,8c2dcc5b15b9db0872d2590dfe22b37a8ed5b080,ef79fe70ce4e8e4aff8ef74af973988d4488d499,43303e981c45cae7d521153e3f152dd23120d4b1,754d3a8c3f284e1841b4a86506b3248f0f1d9bcd,,0,1,99
fluent:1F9A2,fluent,1F9A2,swan,animal-bird,clean,https://cdn.jsdelivr.net/npm/@lobehub/fluent-emoji-flat@1.1.0/assets/1f9a2.svg,a0f1ea2e58cae4e4b224622a405b62b38283a078,977f4a58ff4229662c449d76ff8b086c3929715c,4ee47f7e0ef577ce7f6f472b56a1936c32ae1326,bea2e2e145dec025dc455a2ca430f98ab468dab9,,0,1,71
twemoji:1F9A4,twemoji,1F9A4,dodo,animal-bird,clean,https://cdn.jsdelivr.net/gh/jdecked/twemoji@17.0.3/assets/svg/1f9a4.svg,01aa45ad323a8c8da55fbef86c43cf27df0219d4,d18ab365e78be30fa4093bb05c280482aa102f59,97cca2f4b2f651cd71aa279a7aa8c9493733a292,90b514bc2b77a01ea90533064da9c752633ff844,,0,0,
fluent:1F9A4,fluent,1F9A4,dodo,animal-bird,clean,https://cdn.jsdelivr.net/npm/@lobehub/fluent-emoji-flat@1.1.0/assets/1f9a4.svg,8db756ed92849d1732ddc65e6b323feedf837702,422b56971786d34418460b0386e59cc368d1324b,87a63cf80c961c6dd9ecd2ccb7d8da78176e5c11,5da671e2295d9bc9a68dd6ac0f825684fc17d227,,0,0,
twemoji:1F9A9,twemoji,1F9A9,flamingo,animal-bird,clean,https://cdn.jsdelivr.net/gh/jdecked/twemoji@17.0.3/assets/svg/1f9a9.svg,74aaad5534d84e3cd6117d6547ec6dd9acd27193,a73e394a422643a40f449f2aa316abab9940fe9e,b0b651d7514440b38357bb0ec1452006f07e5854,68dc1b07867a412609612e3705ee9ce325c3fd6d,,1,1,43
fluent:1F9A9,fluent,1F9A9,flamingo,animal-bird,clean,https://cdn.jsdelivr.net/npm/@lobehub/fluent-emoji-flat@1.1.0/assets/1f9a9.svg,d99c6fed33b8e6d76b961aa746b90160dadc13ac,ca010b043a2804ed40f9ad06b632809ecb75e5b8,a2161fb2a8f27c4276686a5196f6a09a79b8fd14,2a059e3509ccfa9911d146123fc18c315a8743cf,,1,1,
twemoji:1F347,twemoji,1F347,grapes,food-fruit,clean,https://cdn.jsdelivr.net/gh/jdecked/twemoji@17.0.3/assets/svg/1f347.svg,4d3ade98b9652b4ca18110e430c22f75f8309a7f,351535251137efe5b76b9ff2adf4181aa0da743e,343f1fad73e2cd40687a24c0df943921d9ad5b50,ca2a240da0d421edece5a1b13004480310aabc4e,,0,1,86
fluent:1F347,fluent,1F347,grapes,food-fruit,clean,https://cdn.jsdelivr.net/npm/@lobehub/fluent-emoji-flat@1.1.0/assets/1f347.svg,6b18fa07678866ea5ce931aa592308c6960736d0,fb955d29ca190cf1ed1a15a0146fb41366a2082e,b38b402489357c9bc3bce509c597183438f047fb,2853d399c10e3e2011b4e24e886150bcff602034,,0,1,30
twemoji:1F34C,twemoji,1F34C,banana,food-fruit,clean,https://cdn.jsdelivr.net/gh/jdecked/twemoji@17.0.3/assets/svg/1f34c.svg,afd701f794d51348b5821c8edd48c4ea0759ccec,4a4077668ca6bb0fb95124cf0d86f9901b982827,f734c53b7e26a36de183a9a91ad1ba55182da1f6,072ca3111d5793094e84575e5ed9fbf3dae8c4a1,,0,1,16
fluent:1F34C,fluent,1F34C,banana,food-fruit,clean,https://cdn.jsdelivr.net/npm/@lobehub/fluent-emoji-flat@1.1.0/assets/1f34c.svg,d99c034971e1a8b0cf9bec5018d1f67c514bcb66,348e3d879964db19fbca728c14ff0804d5f1891e,7769bcb096103aeeedea27a1656a8b0b34e60ca5,e15df895dd27d2a07cf9b975b9eed3b540399631,,0,1,
twemoji:1F34E,twemoji,1F34E,red apple,food-fruit,clean,https://cdn.jsdelivr.net/gh/jdecked/twemoji@17.0.3/assets/svg/1f34e.svg,01ec08450e6dab035ccd8a31e728cbc46fa47938,a2270453529a4dea4b122d9392e7aad8ceed8fb9,85001503a7bec9d11af7d3286a6c5e64017f943f,681d4017983f19bd72cb1e39b3321a968ceca8e8,,0,0,198
fluent:1F34E,fluent,1F34E,red apple,food-fruit,clean,https://cdn.jsdelivr.net/npm/@lobehub/fluent-emoji-flat@1.1.0/assets/1f34e.svg,9e72c08b115438fb153e0cba776435caa6739325,a62bc725148153cb09ae66dcec28ff45846aebfd,05deaff88ec0707a13e8ecd2ac7384323dbe7d73,767924e651c340fa69bac1a1238f6dad1a68c06e,,0,0,72
twemoji:1F352,twemoji,1F352,cherries,food-fruit,clean,https://cdn.jsdelivr.net/gh/jdecked/twemoji@17.0.3/assets/svg/1f352.svg,eef4bc55db0c95fdad85b62a5a08651dab9cef0d,37b9df7f665e6843805991754d076ae3d27c475e,83cc495bdbdf28ce961d2e67e7749f1a6c17cb22,d6895633fbfda048fe90a64ae5da1f86d663b22d,,0,1,2
fluent:1F352,fluent,1F352,cherries,food-fruit,clean,https://cdn.jsdelivr.net/npm/@lobehub/fluent-emoji-flat@1.1.0/assets/1f352.svg,07e215f1011505fc1c1cfd53b207bb74281efefe,2bdb3b8facf2d20b89d069634b906b878638b683,04f72484d892b4258084384d8f8465ea6f7df662,a4a98f5525547c301e3a6f4c14394dc561a21be3,,0,1,44
twemoji:1F95D,twemoji,1F95D,kiwi fruit,food-fruit,clean,https://cdn.jsdelivr.net/gh/jdecked/twemoji@17.0.3/assets/svg/1f95d.svg,1e6bb8a6c57d57d921e2cc9f72a58bfa3bb45573,ec2c5d759a36fe4b3f04f9489c3ab5ff5a00a4ad,0a16655675ea6791f0a3d6c044a5a3d95e665760,ce590fb7272d8dc2dbae3e4b9e1e9653063266e5,,1,1,100
fluent:1F95D,fluent,1F95D,kiwi fruit,food-fruit,clean,https://cdn.jsdelivr.net/npm/@lobehub/fluent-emoji-flat@1.1.0/assets/1f95d.svg,6db8b58d53e747e5d6c86ea29b9ae62778a8956c,1b4a350627e6c74eefef01094094750bf8b525ed,f34e9639dc6a7b30bd138bedf913fc3fd4baf55a,4e609a44871a3bfba963cef2e4f6fe79b0cdc632,,1,1,
twemoji:1F965,twemoji,1F965,coconut,food-fruit,clean,https://cdn.jsdelivr.net/gh/jdecked/twemoji@17.0.3/assets/svg/1f965.svg,6f6ababddd3cad4064b11b59d0ba7b882340adf9,d540d16b74d82cb4e2981f05661b9ac3f4ac0518,ad2faaf2f6806bb06c64d7052eda9169de717eb1,bdc2b86a7753b4af5002f7d780b13428c220da55,,1,1,
fluent:1F965,fluent,1F965,coconut,food-fruit,clean,https://cdn.jsdelivr.net/npm/@lobehub/fluent-emoji-flat@1.1.0/assets/1f965.svg,fda6806d0fd2fe12f7ac4504cfe3770cc13f9d7a,f35fd424b4d009106a35239087540dd42d56c613,49c8db2827b2014f620ef3d7c43bac9ca377cfcb,a773308287e01e21d372cd6dfd072bc624598203,,1,1,
openmoji:1F35E,openmoji,1F35E,bread,food-prepared,clean,https://cdn.jsdelivr.net/npm/openmoji@17.0.0/color/svg/1F35E.svg,4ec969c1ed61541de89be3dc7212001e5d2b7101,0246c12369ce57f2dd1f0e8419a31ff3f222e4ab,8fcdfd2b82785587f51ae1b07a480ff8b3f8f36d,e8e660f95a330f6ca02bca83f4db989be3321a6d,,1,0,31
twemoji:1F35E,twemoji,1F35E,bread,food-prepared,clean,https://cdn.jsdelivr.net/gh/jdecked/twemoji@17.0.3/assets/svg/1f35e.svg,e28e5c638636b23754c8d78b484bb1ab85f5d5e5,ec0f7c0aaed26b3de9d19ee017a652550cd423df,51c9674a69c845316f521aa0badeb2f3c8809ba4,14f9e02acab0485c6f4a34e32d3e4959b09d8795,,1,0,
fluent:1F35E,fluent,1F35E,bread,food-prepared,clean,https://cdn.jsdelivr.net/npm/@lobehub/fluent-emoji-flat@1.1.0/assets/1f35e.svg,a4256776c6bb1a55862fdd65f4a991cec2de03fb,d63be9891c28f0b2e681515de7e22202ff91810a,f5b23464d6095179c9331f326207d776779998c2,f75bfc90cbffa36f9e9cfa8b034d05db62145ec7,,1,0,73
openmoji:1F950,openmoji,1F950,croissant,food-prepared,clean,https://cdn.jsdelivr.net/npm/openmoji@17.0.0/color/svg/1F950.svg,730e60c771d40ccd9b0833275e17349e5fff5b31,27365bafb566bd980781e3313a61dd7a9d44db8e,119be47ecce4a6ec0f343eb6895c71b151bc51b1,dec28eaa45059c9c1fa01ecc1894fbfd2f6292b0,,0,0,
twemoji:1F950,twemoji,1F950,croissant,food-prepared,clean,https://cdn.jsdelivr.net/gh/jdecked/twemoji@17.0.3/assets/svg/1f950.svg,79ed9ef94c60acd4f81097c729bf03da76ddca8a,46bc485bc888e7c8cb5dec4c5677afb12044be99,a9771a56bd784aae7dae939234f00c4a9c0a2eef,6c75fc58f6db22a75354810b32cd9e34a59830a9,,0,0,
fluent:1F950,fluent,1F950,croissant,food-prepared,clean,https://cdn.jsdelivr.net/npm/@lobehub/fluent-emoji-flat@1.1.0/assets/1f950.svg,3f2456a661e4e326a3d8a2adf8e994aa6a00ac9c,5915e0c0e99273702da3a810f23bbe1706201577,78e204584fa3eb07422e1455f3d86e85ee04e824,24724c477488d0a1c72f95b2a086f94af2133c06,,0,0,
openmoji:1F956,openmoji,1F956,baguette bread,food-prepared,clean,https://cdn.jsdelivr.net/npm/openmoji@17.0.0/color/svg/1F956.svg,946179acc3e0aaf8b6a49e7a995846812a97f9ac,a033c3bf293f283b6faad8e416789ac3e8788f4b,711f504f131b67c51804627342c59d8b16248d31,f0799266f9e5d6aca047d1b416077ecc34da169c,,0,0,
twemoji:1F956,twemoji,1F956,baguette bread,food-prepared,clean,https://cdn.jsdelivr.net/gh/jdecked/twemoji@17.0.3/assets/svg/1f956.svg,27fe9c091696b366f0f91877844b32515672dcb3,8cdce944e108584e74fea5bfa180a14db3dbe892,2fed06fee3cadb13a53764bfabf07b0308f70adc,f3d77a708bcb0cfcc4d2e19b7a82b7ee3188356b,,0,0,
fluent:1F956,fluent,1F956,baguette bread,food-prepared,clean,https://cdn.jsdelivr.net/npm/@lobehub/fluent-emoji-flat@1.1.0/assets/1f956.svg,c16c4a9794a98c4f35ad0534f7de17ba233557b7,8d94b581bd281ae73fe5061a952ba6a0e0fef21d,a15cff81775a7b6a5ce0eb7733625b39d1ee4cb9,c613b99de4515c3061e28dca06a4511ca3910b2f,,0,0,
openmoji:1FAD3,openmoji,1FAD3,flatbread,food-prepared,clean,https://cdn.jsdelivr.net/npm/openmoji@17.0.0/color/svg/1FAD3.svg,c095c8d1132b888822bf25571b2326d89cb0603c,00b5a21733f03cec4681f0a06ae90ba83b1226ec,ec9a944ae4e526d77ba07ba6ac38f9bdedf26146,187275e0f5144bb24cc0fda539541a9a7d0d1fca,,0,0,
twemoji:1FAD3,twemoji,1FAD3,flatbread,food-prepared,clean,https://cdn.jsdelivr.net/gh/jdecked/twemoji@17.0.3/assets/svg/1fad3.svg,5769ddb7b5348e5019e99144021c9d10ab37ffd3,deaef2c20474313ead4fce92eb115596201f80ea,443e48cf59982570cd62e38189a726269de6a4ce,3c8c962308e8757fb8f8e10bc23cacfa1ccd487f,,0,0,185
fluent:1FAD3,fluent,1FAD3,flatbread,food-prepared,clean,https://cdn.jsdelivr.net/npm/@lobehub/fluent-emoji-flat@1.1.0/assets/1fad3.svg,9408625994c1d312ba42aec9968d5e30f1c196f6,21ea91453759e64f064975650c9bf7aeee2ec4a8,da93bc63a2a6e2f4f3c8bb2d518db01b3561439f,cba282aca55bcc0c72472025129e18d081813ee2,,0,0,101
openmoji:1F968,openmoji,1F968,pretzel,food-prepared,clean,https://cdn.jsdelivr.net/npm/openmoji@17.0.0/color/svg/1F968.svg,15bb674c47e256eaefd48db5015d70c27349adbd,8880fa510b55addd769550c1c7264b702cbf8bb1,ba4f14c44d26239370c3fa6443a9edd0fb26c1c8,f565eb2c0fcbcf0b83f5d1e50cbf50720260160a,,1,0,
twemoji:1F968,twemoji,1F968,pretzel,food-prepared,clean,https://cdn.jsdelivr.net/gh/jdecked/twemoji@17.0.3/assets/svg/1f968.svg,0674bbae2ba6333b77bce349dc0c58f4cc7d77f1,ab6ea4c4d50bf33b3b0e4fa271c9428beb9ee1a2,8897fcbdcba7467a1d777b255794a12363f5575c,d071410c8b2b1e1694a6152261ef1dc262e9dd00,,1,0,
fluent:1F968,fluent,1F968,pretzel,food-prepared,clean,https://cdn.jsdelivr.net/npm/@lobehub/fluent-emoji-flat@1.1.0/assets/1f968.svg,4f53610241028006105f99a7deb15121856e3b27,8dc11baa5ee3fdbf3979e3576fe4319564faf2dc,60354141b94e56ff457a78e167da5f77ea4b921f,8412b4591ae377293c886c043a975e389a806a30,,1,0,87
openmoji:1F96F,openmoji,1F96F,bagel,food-prepared,clean,https://cdn.jsdelivr.net/npm/openmoji@17.0.0/color/svg/1F96F.svg,ab924c4b434b2c175cf48b8cb3bb2dd820dc5ce0,c2dbd86fc8c0048715f1ab8505741c777634948d,b6537cdf47b70834b351a03a102d9e38ebfe1ee4,70f6967ef9d0a454941dd16907ef976de0001b62,,0,1,
twemoji:1F96F,twemoji,1F96F,bagel,food-prepared,clean,https://cdn.jsdelivr.net/gh/jdecked/twemoji@17.0.3/assets/svg/1f96f.svg,0ec80b33cf254f5a1b57b6523a66c736bacc5457,c238c5c2aa5b4b3e01e9c14f0a99eda82976d698,a5217c1918802ee6fd95a1896445147eb5614e65,8ced8e4b007188d6f86bedda166d86c545e978a4,,0,1,59
fluent:1F96F,fluent,1F96F,bagel,food-prepared,clean,https://cdn.jsdelivr.net/npm/@lobehub/fluent-emoji-flat@1.1.0/assets/1f96f.svg,c9f79c6aafdead2a9ba86fe11e8c4868186e3c87,f5ea7bec48d82a77bc5cdef56b8a8bde756dcb3e,86ff52f5ffcaf37cd1f01a7fd54703b9bdb14451,e2457e6daa197e05ef87aef714da9af7b131cf9a,,0,1,
openmoji:1F95E,openmoji,1F95E,pancakes,food-prepared,clean,https://cdn.jsdelivr.net/npm/openmoji@17.0.0/color/svg/1F95E.svg,0afc38038a41834c1aad88774e87dd51e88a1e6c,60b991acca7d597d35bd4589f1a952bc38d8d66d,80a0951a0200ca0936e3aca50ab2c286b57283e2,04fffd360c04eaadd7d37b8afc4e4c73b3700b0b,,0,0,115
twemoji:1F95E,twemoji,1F95E,pancakes,food-prepared,clean,https://cdn.jsdelivr.net/gh/jdecked/twemoji@17.0.3/assets/svg/1f95e.svg,7e90ff0b9b2cfc4e840cc8d4047a4414a934c901,a189bcc29d8d2348137e63c4e42f94d8f2377658,49cffac5c9bbb979abba6df13c7cf27b62fa9cab,dff965a3422867a5d089639fd880855cef30a2bb,,0,0,
fluent:1F95E,fluent,1F95E,pancakes,food-prepared,clean,https://cdn.jsdelivr.net/npm/@lobehub/fluent-emoji-flat@1.1.0/assets/1f95e.svg,450e20064a5f2b36de8a1797bae2dd4cc814768f,16595187c22b464f157499336f3010af95680432,6778a669bf425eff03cbf51c333530566520f89a,288a616623974fe7c384bd62502e65a41e85dc06,,0,0,
openmoji:1F356,openmoji,1F356,meat on bone,food-prepared,clean,https://cdn.jsdelivr.net/npm/openmoji@17.0.0/color/svg/1F356.svg,c456279829366dcd6f303e9ba129de73d0fe7cf2,b3e4eba453331e2893fc100211dbb69e7cc09ccd,ca8e602382a7c5bace827455463fb246b821671e,e222a0d1fa2341ca99bc9feda53f5d5630daffb0,,1,0,
twemoji:1F356,twemoji,1F356,meat on bone,food-prepared,clean,https://cdn.jsdelivr.net/gh/jdecked/twemoji@17.0.3/assets/svg/1f356.svg,5d5cd4eb7d5879b8f7fbc1925b1ad9973b3c039b,dc6fcaa26574d10af7dbc1ed9bc14d0a9922859e,f1e5e8146ab466dd1de567970bf007476dbf620e,238cfa2631ce536d715a9209116d2b001a44e85d,,1,0,
fluent:1F356,fluent,1F356,meat on bone,food-prepared,clean,https://cdn.jsdelivr.net/npm/@lobehub/fluent-emoji-flat@1.1.0/assets/1f356.svg,d084849c9754746e689aacc5e86570b9d280ff0f,c10efb31f5affa9bce697b680cb1e27cb33afe0f,1419bf9806dbcd1337cf1aec3f89944c3b0b39b8,92e514f8813fb8c979755a677f0131f48203d6bb,,1,0,
twemoji:1F357,twemoji,1F357,poultry leg,food-prepared,clean,https://cdn.jsdelivr.net/gh/jdecked/twemoji@17.0.3/assets/svg/1f357.svg,bf9330a391ab70842b61ab79a06b74d88f92492d,0a96b01c5b2b8b4cdeb6853797192b12a21e525d,ce2ec378fd2490f4bc59879191e8f46fa3e36d76,d3ede40cb82f33900be6046bf9f8b8f2e3d3e557,,0,0,
fluent:1F357,fluent,1F357,poultry leg,food-prepared,clean,https://cdn.jsdelivr.net/npm/@lobehub/fluent-emoji-flat@1.1.0/assets/1f357.svg,fc0076327d5774f479ca46eb950370b36cd64759,a36080ffc2a0872a3a2b509865b3bcf12aaf1c75,4d0dd2e16052a003b55353beb4f627e1532db47f,1fa0814148d966c533114c4ca119d78c7ccc8c1a,,0,0,
openmoji:1F953,openmoji,1F953,bacon,food-prepared,clean,https://cdn.jsdelivr.net/npm/openmoji@17.0.0/color/svg/1F953.svg,522d947a5d8c8d294f0651b9cb7274f48bf845bd,58c6f4a0966c842ccff07bb57c8e4d90b4f0c29b,96502f2248e1d7cf9e69630220a071161589d003,2887c88c6af7f719d35153ce1e5cfd277582fdff,,0,0,
twemoji:1F953,twemoji,1F953,bacon,food-prepared,clean,https://cdn.jsdelivr.net/gh/jdecked/twemoji@17.0.3/assets/svg/1f953.svg,bc09b39dcbbbf2f7d6ee6f62b7116c43873b5202,8d5da3855fb0298fbdee8b619336d1c805b56f03,70e01aed5f15b0a27f149217e89dc3c026a3a9f3,fc642f8fc76c9a079e0e5cb7664f5f3bd2c9067b,,0,0,171
fluent:1F953,fluent,1F953,bacon,food-prepared,clean,https://cdn.jsdelivr.net/npm/@lobehub/fluent-emoji-flat@1.1.0/assets/1f953.svg,2a0febdfc6b60f653010c4f01b6383185037c3c8,818b36f3a0f0f27ba1ac7c392f98a6f04d8d0500,e3372eac8a97ed554d526fdcdad087ffc1661515,bb42bbe418aaa2c54230bf4f753c835692e1da12,,0,0,
openmoji:1F354,openmoji,1F354,hamburger,food-prepared,clean,https://cdn.jsdelivr.net/npm/openmoji@17.0.0/color/svg/1F354.svg,5f2641c4e128d3be058a9f1706b5786b1e98f7e9,cd16f097efb74a396c92877a922b0912037ce092,a00c8fa0e2faca70b8f0084f01f1d419910d59e3,158b0f2b531dfcf3ba9ccc1ead5d26869a925c90,,0,0,
twemoji:1F354,twemoji,1F354,hamburger,food-prepared,clean,https://cdn.jsdelivr.net/gh/jdecked/twemoji@17.0.3/assets/svg/1f354.svg,31fdd737691d1be125c8d4836cefdf3d12c05f93,f2ad2be24557d8c3eb5eabb594ca63f75f0fc025,f53f09a20ccef8ec3be96d1027d3c7389103c87c,c52e6a46b68deb3212a9b95f3922fff54a1077e8,,0,0,
fluent:1F354,fluent,1F354,hamburger,food-prepared,clean,https://cdn.jsdelivr.net/npm/@lobehub/fluent-emoji-flat@1.1.0/assets/1f354.svg,febdbd4ca05717190ed6693a398f7f1c75d263c0,a470998fc2972e76dac7e2776ca26a2e0f1fe556,fd6b4be21ddd52d61b9d09da6e8e3977e2c3bb79,405cf39671f33a1b019480a46b9c34de0af27932,,0,0,
twemoji:1F355,twemoji,1F355,pizza,food-prepared,clean,https://cdn.jsdelivr.net/gh/jdecked/twemoji@17.0.3/assets/svg/1f355.svg,9a82501b5242c30fe0ed947df9ee181aa9a0099b,2bf9f31a2ca5c0ee90efb79b5e6ff730167cbf57,da64374acebb18e4c5c13800a0978ba64fe71eea,498c5d257438045152c9e5e72159680aea2f38b8,,0,0,
fluent:1F355,fluent,1F355,pizza,food-prepared,clean,https://cdn.jsdelivr.net/npm/@lobehub/fluent-emoji-flat@1.1.0/assets/1f355.svg,eeb9104901229f7d81441d6a5edd852bbe162e97,4e639d93c13d095a3f0b43107fe1a8788a14d57d,3dafe310a6068e108fffed3886ca0295b8415440,949d3d9d7da50df9b236167e42a5fb6de91eaac1,,0,0,
twemoji:1F32D,twemoji,1F32D,hot dog,food-prepared,clean,https://cdn.jsdelivr.net/gh/jdecked/twemoji@17.0.3/assets/svg/1f32d.svg,3d4d14e829aba2c86f1989d22d903f878d626be8,9fcd1540bc7ddc0ff7d1fd6e72b3e496b23e0071,836ec5279162f4ed7133161ea9c7fec4690cc799,d859e50c2dddf8ef1e502698429a08a2e08338f1,,0,0,143
fluent:1F32D,fluent,1F32D,hot dog,food-prepared,clean,https://cdn.jsdelivr.net/npm/@lobehub/fluent-emoji-flat@1.1.0/assets/1f32d.svg,0558e868982612fb18c43f7d8e6df2548b4222b9,e1a4000d05039968b3bc8b0d3d545faaad2e0ea5,5e843919dc0290289a01aad537878094137b4517,1766dd7803fdd89d03b5f0a4c099f2ed689cae0c,,0,0,
twemoji:1F96A,twemoji,1F96A,sandwich,food-prepared,clean,https://cdn.jsdelivr.net/gh/jdecked/twemoji@17.0.3/assets/svg/1f96a.svg,0e832e778d4312ec8fce24788b568bd0930e79dc,768b09e083a78026ffb372c19726012058ed40fa,d2cf41844dfd964d8e1fb35f47560cadee4bdd1a,af51549f0bb79a5d6da55f7efd29a94f26d6b3d9,,1,0,3
fluent:1F96A,fluent,1F96A,sandwich,food-prepared,clean,https://cdn.jsdelivr.net/npm/@lobehub/fluent-emoji-flat@1.1.0/assets/1f96a.svg,077e05a7044481dc6193e92e733271a407c80479,89af4e47eb25a16a3ac37fd01325e8a4ed39aa8f,7cf72f125b4fe6fd4b42a9c46f7b69c501e7b5c3,69d88947dbd8ad50062f5c8d33194d040ebcb1e0,,1,0,
twemoji:1F32E,twemoji,1F32E,taco,food-prepared,clean,https://cdn.jsdelivr.net/gh/jdecked/twemoji@17.0.3/assets/svg/1f32e.svg,8de66f2979d7ba352583c5170b3c01cbb2518e63,1503b7ab6ff35656b6a91e1ca9c1aa1100893ac6,2091e1abe0e5baa6dd65fb1348b840f7de0b39b9,a38777484cbb9117ef9f7681abd9c6ff5b4b8fa0,,0,0,
fluent:1F32E,fluent,1F32E,taco,food-prepared,clean,https://cdn.jsdelivr.net/npm/@lobehub/fluent-emoji-flat@1.1.0/assets/1f32e.svg,ab7c4d1f63262d4334d2d462a53c05aae61fa357,2f08b6ce3eb5d2f4afac4c6cd28d150a83628713,a94f5f51591cde071037563cbd460209223f0ef3,5848f608ae9d77b5d21de8208b1ab7434faa906e,,0,0,
openmoji:1FAD5,openmoji,1FAD5,fondue,food-prepared,clean,https://cdn.jsdelivr.net/npm/openmoji@17.0.0/color/svg/1FAD5.svg,df224eabd1ef9146437e3c413dde9231f620b8e0,35772fd5d7f28f89694fa7d25df3ff76eb431859,37cb24b338ef39eaf1d77d7bba8327227e1a9dd5,0c0584d18f2803b967529269c00a87eeaa449153,,1,1,
twemoji:1FAD5,twemoji,1FAD5,fondue,food-prepared,clean,https://cdn.jsdelivr.net/gh/jdecked/twemoji@17.0.3/assets/svg/1fad5.svg,47db2fdfc43d14ce4a1f1991fdd9f96a456e02b3,1e57654fd5c94dd3555a63500bb99c545e3437a2,f380fc068e2f8b0549cd83d9e0573a4040401d78,9d26874b6487f37f4df29374e4fbb5dd4a8c7215,,1,1,
fluent:1FAD5,fluent,1FAD5,fondue,food-prepared,clean,https://cdn.jsdelivr.net/npm/@lobehub/fluent-emoji-flat@1.1.0/assets/1fad5.svg,042ed0bfb915aecaf897e9fae5955f22a3869627,cffe0c865aa1ff052ea68068d0b8695e1c99e699,f3deb25c2d1f00fb711b0556f794d95bd50ed163,aa4602cdff7715b8e2f153667487d41c63b64cc5,,1,1,
openmoji:1F957,openmoji,1F957,green salad,food-prepared,clean,https://cdn.jsdelivr.net/npm/openmoji@17.0.0/color/svg/1F957.svg,feae0507bd303ef60802e8797f4e1e5fddba88b9,d49215a17d347fb9d94d3d3be3edffaedef63ed5,48a94043d5844301be13828316321a46d32ec870,5b79b7166b83c282e1d457d1f90e71c6c9ebfedf,,0,1,
twemoji:1F957,twemoji,1F957,green salad,food-prepared,clean,https://cdn.jsdelivr.net/gh/jdecked/twemoji@17.0.3/assets/svg/1f957.svg,0b3141366a7583d715832c556ccd72a97ea43a1b,959aecb3bc672c06aabb61748d843edd01d3aa1f,fb6c1b04bea00f1d583a9aaae235f587a9493c00,e11d9c2e77dc7cc76351d585099c0a7aa8ca50a2,,0,1,
fluent:1F957,fluent,1F957,green salad,food-prepared,clean,https://cdn.jsdelivr.net/npm/@lobehub/fluent-emoji-flat@1.1.0/assets/1f957.svg,c57d847fd367b9e90061ddf5c542e606beaadd40,f2a54064d5659e81756ca53e847f015bcbaeb4e2,0a0a7dc16d2ae8aef0174a10c79f83fb831fadb2,08f5b7f13d0bd0855613146322a7cfc4cae0e25e,,0,1,
openmoji:1F37F,openmoji,1F37F,popcorn,food-prepared,clean,https://cdn.jsdelivr.net/npm/openmoji@17.0.0/color/svg/1F37F.svg,6f16a703f367781bff7295c8b914366072977864,fe7a485f53d9b22b2314d266f76eb90115c625e6,362f56ca02ea185eee74e0e77c92f6ef32035295,1e348fab78fbaef3430966d65d6800fb19a79d41,,1,0,
twemoji:1F37F,twemoji,1F37F,popcorn,food-prepared,clean,https://cdn.jsdelivr.net/gh/jdecked/twemoji@17.0.3/assets/svg/1f37f.svg,08004a0479d41849ef42eaed8338eed8faf7be53,97f76d6c7f8892a6de84ee428a9fa5858815e46e,9d8310a340aefcc2c7816a283cdcc8b978517cb7,f327a8a29b05044fdfdf80be5000b6bf30428939,,1,0,
fluent:1F37F,fluent,1F37F,popcorn,food-prepared,clean,https://cdn.jsdelivr.net/npm/@lobehub/fluent-emoji-flat@1.1.0/assets/1f37f.svg,fe81f7b3d2d37defde4c9cd574f8ac392eb0ba39,4032e0d2471065c55aab230f9ea31515940dabc5,000a458b8f645e1efd5570e37ca86dfe0fc5a2de,d321e4cbaffa7501709bdb59f63da3a127caf92d,,1,0,
twemoji:1F9C8,twemoji,1F9C8,butter,food-prepared,clean,https://cdn.jsdelivr.net/gh/jdecked/twemoji@17.0.3/assets/svg/1f9c8.svg,c764fbd893f689fc4ccecaa556b87c7b2dbfad5a,c10fd0f0e759c68e84e7dc0db668b2a430761bd2,8b88ff907ac8034eea475c9edd34111c48227099,f0cf49e4ff85a362620a7d57bc1a0981a231b68c,,1,1,
fluent:1F9C8,fluent,1F9C8,butter,food-prepared,clean,https://cdn.jsdelivr.net/npm/@lobehub/fluent-emoji-flat@1.1.0/assets/1f9c8.svg,44e436cede5ea8482f3bfcd80ec9e273cb040751,49b8a4ad4e1f6e5ea921d976e4017e6ed0307df5,3ed3f9fe0cec07ab2ba972b44276dac3146745aa,da22e463f163a89936d0ac7971e1d75e2ea5dba6,,1,1,
openmoji:1F9C2,openmoji,1F9C2,salt,food-prepared,clean,https://cdn.jsdelivr.net/npm/openmoji@17.0.0/color/svg/1F9C2.svg,ef2bd7d07baa6493d1f9e604688c3629f92c5f40,3ea07c9de32a141b0c9e68abd89aceb8e69c0d02,ce60661d062e8bb5996a2137dec25863b96803ea,67e4e95b41ebc5a29afe118734e141614988cd1f,,0,1,
twemoji:1F9C2,twemoji,1F9C2,salt,food-prepared,clean,https://cdn.jsdelivr.net/gh/jdecked/twemoji@17.0.3/assets/svg/1f9c2.svg,b44b2dfc50d7e8bc1668d0976ddc942617b67da3,02b0dbfd8bf37c6d632fa7061d5d26957ec81e85,cd1bd8c4dac6b304ce9222810065ceaf6596e6c9,32886b00e0b094a2e8db4012cb3e298a79f41cf0,,0,1,
fluent:1F9C2,fluent,1F9C2,salt,food-prepared,clean,https://cdn.jsdelivr.net/npm/@lobehub/fluent-emoji-flat@1.1.0/assets/1f9c2.svg,67d4cc3dba57c068814970daec1af4d60213aa04,7b8eeeebd1647c5cf9999ea6d5051b052e3b1a58,18b6762dc22350093a3c74bd249c3fb61bd82fcb,8a163c9f22ce562b4ac54c1abf8fe2e4024c5c34,,0,1,
twemoji:1FAD6,twemoji,1FAD6,teapot,drink,clean,https://cdn.jsdelivr.net/gh/jdecked/twemoji@17.0.3/assets/svg/1fad6.svg,aa17b777adfcbc0a7dadc05f414316632cd2e30b,559b1155ad48b93ce057d41ea6acbc593d6e2b70,8d7fb4573d2a9f355671dc93e8e3df1f00597e39,a7c481050a8dfd4892dcfc65006c5d29e10f673c,,0,0,60
fluent:1FAD6,fluent,1FAD6,teapot,drink,clean,https://cdn.jsdelivr.net/npm/@lobehub/fluent-emoji-flat@1.1.0/assets/1fad6.svg,8f7762d8df35f2639236f4f95a799323f9fbbd5a,c084e72ad7755c975b62d6cd4dda86d9fe4a8b2e,1a669106937e89fc902082e014713a6ee46f4bd2,13da50220fc8c1be6419a19fe6cc38a32d4c1bd4,,0,0,186
twemoji:1F376,twemoji,1F376,sake,drink,clean,https://cdn.jsdelivr.net/gh/jdecked/twemoji@17.0.3/assets/svg/1f376.svg,e6faba7dca84934ede10d48ee07773e583278a6a,f1046e1a76cf658f5d49aa45d496ad98a4a82383,33714245246dc0525f2b21dca46586dbcef3d767,a304c539ced012f64abdf43c8647f6814773026d,,0,0,74
fluent:1F376,fluent,1F376,sake,drink,clean,https://cdn.jsdelivr.net/npm/@lobehub/fluent-emoji-flat@1.1.0/assets/1f376.svg,f8eee26d07c701ba1c88e705edffe340b8a72118,ac90814677017b22345f31e01b3015cc1d23cd2b,a70f24b783b0a80d61cae60ba2bb366a164bc4f6,aaf6780467609febfbda344b123fb156cbb71077,,0,0,32
twemoji:1F378,twemoji,1F378,cocktail glass,drink,clean,https://cdn.jsdelivr.net/gh/jdecked/twemoji@17.0.3/assets/svg/1f378.svg,34d4a9a0b53b34bc5b66a99ad8e7d20314abbe22,ef6929dc44336f381f47c0ad867119a26be30de5,0e0854462638f8a7fa6135b1cfcc80d808bcd986,f8824d6f0043d5792deaadcf6b1cf95ce58ed55a,,1,0,
fluent:1F378,fluent,1F378,cocktail glass,drink,clean,https://cdn.jsdelivr.net/npm/@lobehub/fluent-emoji-flat@1.1.0/assets/1f378.svg,ffb9f0e9b57a232775a6b9c31f6fe2f14536b2af,d5a783b9d4e925a28a1f0948db494fc6ce8103da,9045119c7e15aef445162a97665735b082786299,317d1730aa2e020bd345614ef4cfbfb7e982d103,,1,0,158
twemoji:1F37A,twemoji,1F37A,beer mug,drink,clean,https://cdn.jsdelivr.net/gh/jdecked/twemoji@17.0.3/assets/svg/1f37a.svg,ffffa52663a0efee05be5b68b0d0d7b15580c424,769256a0ec82595a6caa1e3feba25b987a7e2c4d,fad874b81a04b88417245a12df3f49f85390e3e8,dff9d1ae2afa7cd9550b09b7451dd1304133b134,,0,0,
fluent:1F37A,fluent,1F37A,beer mug,drink,clean,https://cdn.jsdelivr.net/npm/@lobehub/fluent-emoji-flat@1.1.0/assets/1f37a.svg,b6fbe98d1aceb734dcca6f965fcf9ebdd91bc3ec,06cf557470a761d15fa678b71e4a8cee7915c0a2,6e8cc9febdd32b68cee8ade10400943c1c6ebb18,398fdd717a6edb8f1f71e9f9ebf62b2b6f3e013a,,0,0,18
twemoji:1F37B,twemoji,1F37B,clinking beer mugs,drink,clean,https://cdn.jsdelivr.net/gh/jdecked/twemoji@17.0.3/assets/svg/1f37b.svg,df3f5bb4657ca7657b1722e5b6f2f6d30e4a2fba,cf21b76ceeab03831fefce331f569087db9260d1,7815cd0573b72c59459ffbbaa34a5fc0d162cacd,ef681d61ec3bd7ad885227416ef866fca6a7476a,,0,0,88
fluent:1F37B,fluent,1F37B,clinking beer mugs,drink,clean,https://cdn.jsdelivr.net/npm/@lobehub/fluent-emoji-flat@1.1.0/assets/1f37b.svg,e4a88c9ffb69e9ee56a0b4df699f7cf313405782,aea09d6bbf0238373db9f0a68fe9d5fbf6a36b28,60201dcc782ef1c98185a1a68da89b82b4b36f2d,760515c2b9246549c4116c5c5691dd09537abe21,,0,0,
twemoji:1F9CB,twemoji,1F9CB,bubble tea,drink,clean,https://cdn.jsdelivr.net/gh/jdecked/twemoji@17.0.3/assets/svg/1f9cb.svg,3251173e4ff22e2945e92b5c332344abd9b0e4cd,f75031007ab403dd3bf5b6900c48f4edcf736da9,b6973b05330d7491bb72df010c42cf0a1f820844,72b671f14f283b5357ffe59edbc5263892d648e2,,1,1,172
fluent:1F9CB,fluent,1F9CB,bubble tea,drink,clean,https://cdn.jsdelivr.net/npm/@lobehub/fluent-emoji-flat@1.1.0/assets/1f9cb.svg,7db7de6bf0f0583614e0d7279cb65f2cd1c48109,4e51697c65ae61c9df2eacb4ab42d2a517eccc9f,b0667bcf7365e943212a3067c977940592caff55,f060b755720b006a103f2b5a5563913a2ac29e20,,1,1,
twemoji:1F3DF,twemoji,1F3DF,stadium,place-building,clean,https://cdn.jsdelivr.net/gh/jdecked/twemoji@17.0.3/assets/svg/1f3df.svg,7a30a5efdc8e72a8f824f7f2e2cacd4875ba9e95,f26ac12e022c31f360fc39f17cd27ace4a5067a8,2e13c7db5814351eb8879af806a2caa349a1b86b,b670f45cea5e4d035cbd57b0beed262f8a4de21d,,0,1,
openmoji:1F3D7,openmoji,1F3D7,building construction,place-building,clean,https://cdn.jsdelivr.net/npm/openmoji@17.0.0/color/svg/1F3D7.svg,a6468f6386438b15149aa5938245b070ce343665,3746b1037e9511162fe4fb788beafb9efea34e43,003737e7e860267f25ec980140fe434487392966,40b9f4a51657932d0186b4e93b7b2b96ceddf362,,0,1,175
twemoji:1F3D7,twemoji,1F3D7,building construction,place-building,clean,https://cdn.jsdelivr.net/gh/jdecked/twemoji@17.0.3/assets/svg/1f3d7.svg,0a070a4c9305817616528b5275d9ec2505af5390,4c53f8474b70f2361b1aa266c0668fce925596e5,a0b38f11f1f9ee46e61f1998f0b17acde9985973,297ebd089b27d5e83e781f82556a0136b6f03f75,,0,1,35
openmoji:1F9F1,openmoji,1F9F1,brick,place-building,clean,https://cdn.jsdelivr.net/npm/openmoji@17.0.0/color/svg/1F9F1.svg,c754021f8e3a30f550e324c8acdf790ee1f45e32,57eb9e92677dc5fda80b183382883074fd0eb51d,9f67ec0044d643634b004018583becb6d9346a5c,aac29f2761f05cb27adac04532415e549c6f847a,,0,1,
twemoji:1F9F1,twemoji,1F9F1,brick,place-building,clean,https://cdn.jsdelivr.net/gh/jdecked/twemoji@17.0.3/assets/svg/1f9f1.svg,2b46471c1641d39aeba7c6c5aa91343575ca60b5,0e29a0fb4eda1b62004d7014d5ebf0587199f448,14874e9e2b7703f90ce44f7b4c6938db0bb872bd,775126c1c7815d8b32dfed63b5ada044dbf0eb2e,,0,1,91
fluent:1F9F1,fluent,1F9F1,brick,place-building,clean,https://cdn.jsdelivr.net/npm/@lobehub/fluent-emoji-flat@1.1.0/assets/1f9f1.svg,10d42e2b9cbad3770b699a91a0ce4fbf489dd79e,fe619a4ec0cf7a895ec9dfe03110b862c37f3ac5,3265e9ba81eacba1890250047f2db46189e6a8dc,aa8e5c142af832c521a56671ce85b1a24dd28b32,,0,1,
twemoji:1FAA8,twemoji,1FAA8,rock,place-building,clean,https://cdn.jsdelivr.net/gh/jdecked/twemoji@17.0.3/assets/svg/1faa8.svg,42d58613ccbc3182c4ff13c39c28eb01d6640666,ec066068241ab0f01d3fb44482e94a0e19c95dfb,ba2c2de44818b4154e0ad8a81264e440cf18d067,4fffb6fb93628db71493e13fa549699e5b46652f,,1,1,
fluent:1FAA8,fluent,1FAA8,rock,place-building,clean,https://cdn.jsdelivr.net/npm/@lobehub/fluent-emoji-flat@1.1.0/assets/1faa8.svg,8fc78f6b0a875d957f7621379bc66cf79c104f3e,a6aa43c3b58ec16d5f9ea2dc81cfaf14601df999,1704d1c5b4eb07273e27d6aa0c78559de03b5627,9803d77f886ec10c5a173ff6b56eb939891b99a5,,1,1,77
openmoji:1F6D6,openmoji,1F6D6,hut,place-building,clean,https://cdn.jsdelivr.net/npm/openmoji@17.0.0/color/svg/1F6D6.svg,8993c0d8d8bc0791cc067a609439451972339f6e,9318452587265f6949ae1fe1707af15fc6a84b35,4b570e4b2e9cca2617420023e41a3b082fc04357,015111880305fb9c3197508c8b589d4c80731244,,1,0,
twemoji:1F6D6,twemoji,1F6D6,hut,place-building,clean,https://cdn.jsdelivr.net/gh/jdecked/twemoji@17.0.3/assets/svg/1f6d6.svg,93d553e121dc947944249d2d27490c3666fdcc45,1d1f6f4175cb4e805282b5d122ff9ade43b5e275,46da1a4624d15a77c7b3028132411b5ba8ecbd7a,f006684e04beba634b039cfc14d2ff22f56c5233,,1,0,
fluent:1F6D6,fluent,1F6D6,hut,place-building,clean,https://cdn.jsdelivr.net/npm/@lobehub/fluent-emoji-flat@1.1.0/assets/1f6d6.svg,c4bc1ed1b3860e9b9a79592eba51f5fac738c0bb,4c6606f4b0f66697f5d398f5edd946225bec81b6,d237de9dd05c6dd6ef3e138a9d7a438a1f62bc53,311b983380f06d2ea43a260751ccd23a749b539a,,1,0,105
openmoji:1F3DA,openmoji,1F3DA,derelict house,place-building,clean,https://cdn.jsdelivr.net/npm/openmoji@17.0.0/color/svg/1F3DA.svg,7b94616f3b4329635e27081e3c454fb390ee90e3,a5e86ccd838bbde2b566a8c696c15d71ab4ecf0a,fb186f57fe1f00c366c26453a0464fe9621cc3a7,18f2b8dd37f695dc77f464766d4c6d25b3e8d139,,0,0,
twemoji:1F3DA,twemoji,1F3DA,derelict house,place-building,clean,https://cdn.jsdelivr.net/gh/jdecked/twemoji@17.0.3/assets/svg/1f3da.svg,9541d7555bf030e577f6ba3e467e3013040c3f13,b6caa1992f4adfe1247db760cf298949335c4516,253fd3f3c6ba53b90a99f8c9228cc5e9e3e2a297,9deb78b98e84545a7ec1dd079432facb959c7596,,0,0,
twemoji:1F3E2,twemoji,1F3E2,office building,place-building,clean,https://cdn.jsdelivr.net/gh/jdecked/twemoji@17.0.3/assets/svg/1f3e2.svg,ac9b877d2f414005786646d39684135f87032460,bfab56c7a9bf11dd468a00b2e9fbb90be0336d14,b093e13493670a74d17b0b29a278c81d9f26657e,f0c21cb489180c00ce86da605071b380659d6e76,,0,1,
fluent:1F3E2,fluent,1F3E2,office building,place-building,clean,https://cdn.jsdelivr.net/npm/@lobehub/fluent-emoji-flat@1.1.0/assets/1f3e2.svg,62945ede8a086a82a3713482485345bc000cd86a,b3265bb18636e20dd924b1d4f036c1d6093c847d,da2315a79e244df883118d52a6cdf3ad8eb85040,778470cbb6d109e1810c161aceb4c908c51b8533,,0,1,21
openmoji:1F3E4,openmoji,1F3E4,post office,place-building,clean,https://cdn.jsdelivr.net/npm/openmoji@17.0.0/color/svg/1F3E4.svg,81731306f8a18596802e7f442f25771be4660341,8305707dc23222f0493f3612eb8607ccc0aa5a52,5177f574befb5112f576f02114d04237a7ec2004,874bfa43438717cac274293829a365dedac8cf1e,,0,0,
twemoji:1F3E4,twemoji,1F3E4,post office,place-building,clean,https://cdn.jsdelivr.net/gh/jdecked/twemoji@17.0.3/assets/svg/1f3e4.svg,2b0bbff5f2c24ef0d1a7e39784b792b8fc0d86e5,42c9387b35cea004ad3e40a87bbc801d2d1cf930,4342028c923b492c99a48f2d849a0f43ced04c7b,cb97f1faed8cd82a89b6bf6aae138639d3016bb9,,0,0,
fluent:1F3E4,fluent,1F3E4,post office,place-building,clean,https://cdn.jsdelivr.net/npm/@lobehub/fluent-emoji-flat@1.1.0/assets/1f3e4.svg,d83d2d7a0b855f6e6352e249e64b92a6e2aa3504,7be64f3ed69828e5f4eeaff7876760dae24eca89,e753849c5e4401eea27462e89d40c50e2d5d99a4,8901e9c9ade026de88ed764b02ae65d88db2cb14,,0,0,
openmoji:1F3E5,openmoji,1F3E5,hospital,place-building,clean,https://cdn.jsdelivr.net/npm/openmoji@17.0.0/color/svg/1F3E5.svg,b5a437762fa6bd32485c303b9243430e71ec2768,9388b05513115e9fa0788dddcc729449da103948,1adbe2363aab3e46d07436abfbe6ef50467b03fb,6c86e8b3887fad3c3c5fc6578e87d276b81616ea,,1,0,
twemoji:1F3E5,twemoji,1F3E5,hospital,place-building,clean,https://cdn.jsdelivr.net/gh/jdecked/twemoji@17.0.3/assets/svg/1f3e5.svg,541b94ba4616206fcef2a8e3c9b651d06dd2fba8,e0e9efc057c70521f04b9f05e07d78bffd22ba98,a0f64f4abdde7b17c12a1c5a364d5f0c38c3c5df,db6a69a3f4fcd62e3416089c910c5ab4d301a11a,,1,0,
fluent:1F3E5,fluent,1F3E5,hospital,place-building,clean,https://cdn.jsdelivr.net/npm/@lobehub/fluent-emoji-flat@1.1.0/assets/1f3e5.svg,1bc2d2064c9b9f44655db2815abf1b2e7260b1c0,a3bf4aed68703792fc026415769d9fc67a278626,4688f2c13794b7bc1499af908ece87ceeb231768,f10d488806fc6699fd00d6fc06a9232e20421842,,1,0,
twemoji:1F3E6,twemoji,1F3E6,bank,place-building,clean,https://cdn.jsdelivr.net/gh/jdecked/twemoji@17.0.3/assets/svg/1f3e6.svg,1d5c9bfad788bd84ef46ff00eb1f7d378c484ba9,a2eae31950e30941740b820bbd32d8bc92c9dc26,3225b22e86c777af34496c12ff8db2ea8e6e72d2,f96aaecfeec5e95140cd0abc9875870b1ea6d2bf,,0,1,133
fluent:1F3E6,fluent,1F3E6,bank,place-building,clean,https://cdn.jsdelivr.net/npm/@lobehub/fluent-emoji-flat@1.1.0/assets/1f3e6.svg,8eb093eb0eb436e34c2a81610416afe79e877bcb,a55f2899a89ee52dad5f03824dadd75021035094,1ae6b0aedea57094fce67a8a359e0e9e4ad42d28,a2a767b070ddbb13263e0b786b230695d84aec9f,,0,1,
twemoji:1F3E8,twemoji,1F3E8,hotel,place-building,clean,https://cdn.jsdelivr.net/gh/jdecked/twemoji@17.0.3/assets/svg/1f3e8.svg,ff425ff53a1d5e0894474597c7a1792ffdaf2513,7baa10d71e71c1ddf275e2b32bb8e372317d496f,f2605c824bf4fc39aa3c133de314f0517ff9cfbc,9893e4eb8d8b0bae95644f4e3a860ada9a010134,,0,1,
fluent:1F3E8,fluent,1F3E8,hotel,place-building,clean,https://cdn.jsdelivr.net/npm/@lobehub/fluent-emoji-flat@1.1.0/assets/1f3e8.svg,177684fd063aceed7469c8750ba866d4cecf1d08,d4177ae21583607ff8aab21d43318f9801d1c99d,0a5deab5d457c8af452004fdbb7382a9bcc3f978,5fa4fc037607244fb7951fc0da7db2a48a68955c,,0,1,
twemoji:1F492,twemoji,1F492,wedding,place-building,clean,https://cdn.jsdelivr.net/gh/jdecked/twemoji@17.0.3/assets/svg/1f492.svg,71c32b97cd72b09eb1123415dde7c5724c0c826b,bac4265a07cb1ed4464829e873b9133076f2145a,7f77e30f4d3873e9bad46a0bf586201e1b5ffffa,ff6a75097cae23cfca4d2b59b609d5b9dcb675ee,,0,1,63
fluent:1F492,fluent,1F492,wedding,place-building,clean,https://cdn.jsdelivr.net/npm/@lobehub/fluent-emoji-flat@1.1.0/assets/1f492.svg,dfb12eb32f9c52fc7b5a3c9ae5ba8b2b0a58a02c,9a4e0019b965883f0a92b54134e2417d2dc63fc9,e43cf0c5b38f3745694ccff92441391409695eb5,4796638ee206c1d457b48232b612cd8e9f2a47bb,,0,1,189
openmoji:1F5FC,openmoji,1F5FC,Tokyo tower,place-building,clean,https://cdn.jsdelivr.net/npm/openmoji@17.0.0/color/svg/1F5FC.svg,bb6948f3c1f1cda24a0f82d3cccf571f1f875a1c,aba4b748f42d76b9f08ece0bd160e21b0d4850cc,eb317cb3c91545c33a4aab8749ce7be1a358df7a,56c3ba4f008785881b8d726d9f175fe923d6f325,,0,0,
twemoji:1F5FC,twemoji,1F5FC,Tokyo tower,place-building,clean,https://cdn.jsdelivr.net/gh/jdecked/twemoji@17.0.3/assets/svg/1f5fc.svg,b9071290cc11031bbeeb2acb177faa9c32bcec76,97753b65176fea69ef98330ea401b64552aec38b,2c172f8d805bedd9a43d1e022d49cc493b34fc8f,86f0b87fb481330038520416fdeff01552d3362a,,0,0,
fluent:1F5FC,fluent,1F5FC,Tokyo tower,place-building,clean,https://cdn.jsdelivr.net/npm/@lobehub/fluent-emoji-flat@1.1.0/assets/1f5fc.svg,26dc024d199c2ccf809e8a900a9e9353ce242910,70d947b2e65bd4245252ff467c6b1f910dd101fb,497b71d3a654ec87a1d054586592a043c0baea53,f1c825c462e7a2f744aa531168412b0971dc3c0b,,0,0,161
twemoji:1F682,twemoji,1F682,locomotive,transport-ground,clean,https://cdn.jsdelivr.net/gh/jdecked/twemoji@17.0.3/assets/svg/1f682.svg,139e2627b312eb8a0a59cb66506dd5305f416f8b,3b74f4aab05ae71a17280e800f1d81960db7929a,e13ba2aeba6ef1de84467de430d1794fbcfcfac0,bdea6f021d149ad7a423bd9e19bbdfdff2645434,,1,0,
fluent:1F682,fluent,1F682,locomotive,transport-ground,clean,https://cdn.jsdelivr.net/npm/@lobehub/fluent-emoji-flat@1.1.0/assets/1f682.svg,379ed09c505149962b6c35ef877b91fc73589913,cf8183547d7e7b5657991669285f3c45abee6595,1918c3cb0e867247edba90f0efb7dabf853382d4,1a809189e176ffe6f52966fb31eaacd8c1f6c731,,1,0,
openmoji:1F683,openmoji,1F683,railway car,transport-ground,clean,https://cdn.jsdelivr.net/npm/openmoji@17.0.0/color/svg/1F683.svg,bbf10eafc0874912e0c2041430bdb36a1989be47,c249b21b87b981dfd4a734599723574bebdb92e8,e7b0804762de671dd98a64a7925e9be405b05ad2,101492ed6ae3d801a428b353d20ec4befaf43458,,0,0,
twemoji:1F683,twemoji,1F683,railway car,transport-ground,clean,https://cdn.jsdelivr.net/gh/jdecked/twemoji@17.0.3/assets/svg/1f683.svg,aee5b6975e3dad2577724c8409744f11313ddafa,2b90497b58e31890810b3c5c7ab0484d6c2a8539,08da8fb7926c3c586fee108a48f05392d79f993c,3c83faff953caeb291a933c009c0a969a7ed044c,,0,0,
fluent:1F683,fluent,1F683,railway car,transport-ground,clean,https://cdn.jsdelivr.net/npm/@lobehub/fluent-emoji-flat@1.1.0/assets/1f683.svg,38a7dbd6c2ecab2c07ed72f2700a57baf9d632c3,3406088f55245e36fc783d1c1d1688f18c578de7,948bca0ea83fded019fea53b6618f9a76bc94318,dff1fa26b9d0b7f355f4ba11f8548ae82cf9bbfe,,0,0,
openmoji:1F684,openmoji,1F684,high-speed train,transport-ground,clean,https://cdn.jsdelivr.net/npm/openmoji@17.0.0/color/svg/1F684.svg,0374c31ab31e46afd48f444ba7045f8274f747f9,d404b28613b5c5816504b51eeab7c17b8ecd13fe,aab5c2c532a47f65f2236c47c578bc2947141f3f,390576ee0f9241d57b0a91272374359b10eb90ec,,0,1,
twemoji:1F684,twemoji,1F684,high-speed train,transport-ground,clean,https://cdn.jsdelivr.net/gh/jdecked/twemoji@17.0.3/assets/svg/1f684.svg,6db9efc16dd1b52ea713e0a25be519cd5bfffd66,a8d89200314f288c57d5e10d4576feebee09fc23,88d52268917baa423bccec05ce52e4749b2feb38,5f21cccb33c77fd95fdb56264fe5bf62f0ed194a,,0,1,
fluent:1F684,fluent,1F684,high-speed train,transport-ground,clean,https://cdn.jsdelivr.net/npm/@lobehub/fluent-emoji-flat@1.1.0/assets/1f684.svg,09a17274b0e9679d59963c2412573e3306d710f2,0e3c41f5157772dccc73e7bb49338bf5c0a8a596,2b388ee99911d6cad24e008e0abd76af0ec4f80c,28fe75a9126ca026aad221edff6219113b0fc84f,,0,1,
openmoji:1F686,openmoji,1F686,train,transport-ground,clean,https://cdn.jsdelivr.net/npm/openmoji@17.0.0/color/svg/1F686.svg,6bf7a7494c1c3ebc61c7d657a8e84815ce91e4a0,14a89ddef2efd3496e274ab6af3efd14ca3f5c19,b5bd5eec1293986aefa81789f74dc57f954bf154,50a62438abaf2cc3f714b059242da22d672b87ed,,1,1,
twemoji:1F686,twemoji,1F686,train,transport-ground,clean,https://cdn.jsdelivr.net/gh/jdecked/twemoji@17.0.3/assets/svg/1f686.svg,1f447320fca79de5dff4069cfb90ba58dc4c29bd,0fc10bee5fc2c5c29a9d86790d36df1808f81a8b,89b06998785e98761ee957f2c40c7f7017b396d2,ad75c8c13bf1402985233bf7d732e4ac4e61a7fd,,1,1,
fluent:1F686,fluent,1F686,train,transport-ground,clean,https://cdn.jsdelivr.net/npm/@lobehub/fluent-emoji-flat@1.1.0/assets/1f686.svg,cdf28ae6cca1f211e4991f3163db3c9f5983e242,0128515afd2989ae1020660049f3f5370ae8dd7b,17c59379c5f676beed61d12732dd9797a1523365,a2fad2d9b6bcd0c666c2e8d5dd8d4f7e3ab510d0,,1,1,117
openmoji:1F687,openmoji,1F687,metro,transport-ground,clean,https://cdn.jsdelivr.net/npm/openmoji@17.0.0/color/svg/1F687.svg,4ea1b7a89cc2afebb52585a4a73e675d771b3996,d375996419c5955c98d4379407e8c10951db96a3,070df5ac570f791d039bf986005821c203e2d44a,f79a825ae87f45db58749d1684645373c2f59010,,0,0,
twemoji:1F687,twemoji,1F687,metro,transport-ground,clean,https://cdn.jsdelivr.net/gh/jdecked/twemoji@17.0.3/assets/svg/1f687.svg,ba773f0720dd8c3bc79252fa13760272516448e5,c76ebdeec8eed359c8c088013a3bde17f3a5721d,3d0c7afbea8a940b0ea73198bd181893a196e4e8,9ed9b0ed88f95aff761a3951bb46dee047922c62,,0,0,
fluent:1F687,fluent,1F687,metro,transport-ground,clean,https://cdn.jsdelivr.net/npm/@lobehub/fluent-emoji-flat@1.1.0/assets/1f687.svg,d8f8c2c9b8d4318252c0634d568171be3a7d99d7,4f23b4e3792c1ce035306bf33daeb2fb4a15f402,09a3dfca6c96b3fe7b3d344534f2e8b88e055025,a0d37d3fcf0c07699cae660791e02f57739b7328,,0,0,
twemoji:1F688,twemoji,1F688,light rail,transport-ground,clean,https://cdn.jsdelivr.net/gh/jdecked/twemoji@17.0.3/assets/svg/1f688.svg,a6c66340900bc3d568930f0c5a11706279d422f5,af0dacb1285fbe9f4eb020e1434ffc3c5a9cdd04,b574f6f646260b5130ee16bda7abf0a26d6bb0ad,fc337aeddcd5b267c157cfa599b5239499dc34f7,,1,1,
fluent:1F688,fluent,1F688,light rail,transport-ground,clean,https://cdn.jsdelivr.net/npm/@lobehub/fluent-emoji-flat@1.1.0/assets/1f688.svg,730742aa954c46071b53daacb8eca93e2c7b18a7,2d36269365a8a22d25fdda70c415dc00526dfc57,d7b78db9ef90d218756f4d59b745794abf364e54,e36d938ba4e7b77347198ca690099cef5ae3d1a4,,1,1,
openmoji:1F689,openmoji,1F689,station,transport-ground,clean,https://cdn.jsdelivr.net/npm/openmoji@17.0.0/color/svg/1F689.svg,ddc8543d8f0ec77428e85a86892ab3aa036062fa,f9653b2f1916d9309d189e63a3f39b51d5436cfb,167135833578b9290a3334f23e6a15e209f94469,fd17c5791da28f4ae84962a5ad6745f13bd78e47,,0,0,
twemoji:1F689,twemoji,1F689,station,transport-ground,clean,https://cdn.jsdelivr.net/gh/jdecked/twemoji@17.0.3/assets/svg/1f689.svg,7c995f8dc0d973e7d3175a497a52d8e064dc0063,de56caaf3fdb284755bb64882c12f9ed50fe7f43,dceb5a8d07028d11abf14a63d99a8d8ec03f4b34,063cf15403f1899ece45b670b67dd3964b8010c9,,0,0,
fluent:1F689,fluent,1F689,station,transport-ground,clean,https://cdn.jsdelivr.net/npm/@lobehub/fluent-emoji-flat@1.1.0/assets/1f689.svg,69ab0d9f798d6ccbff20de8ff818c048057fe05b,16c90d1ffd5929c106b1a34781486edb8f6511e1,a5c78ef4715952d9d5b29baf98bd1b73826c59ff,5f6808705c9096747e50960f8261a92b3a89bd54,,0,0,
twemoji:1F68A,twemoji,1F68A,tram,transport-ground,clean,https://cdn.jsdelivr.net/gh/jdecked/twemoji@17.0.3/assets/svg/1f68a.svg,1d2d9c5a55b3e14762524dfd8e76a0b235ca2a94,45450b92cc7d0cb8fbd57ed3988dae56012a72ce,c2e77d193238937533a1aebccefd31bfce1c11e0,804c0f02486fa7e35e1ecff991fa80329f897969,,0,0,
fluent:1F68A,fluent,1F68A,tram,transport-ground,clean,https://cdn.jsdelivr.net/npm/@lobehub/fluent-emoji-flat@1.1.0/assets/1f68a.svg,5c20c639ccad18e6d916bf48e428f848f13ff0f1,60bc58f8d240bd39e3d9859433d77a618dacd9d1,664f1b8438eb307eec989a74b5343ea58d73e998,9fc2494c84939dabb7bca38ca40dbd2662948b74,,0,0,
openmoji:1F69D,openmoji,1F69D,monorail,transport-ground,clean,https://cdn.jsdelivr.net/npm/openmoji@17.0.0/color/svg/1F69D.svg,da74670804f8c65603ef5a8f4d9b640ee3bc81c5,dc8706669fccff499b1f8175ef147bedb45260e2,fead87ff1b7a6bca0363b190e1903a51f8083385,783cb84dd714d60a518ac38b33a114b596ce8202,,0,1,
twemoji:1F69D,twemoji,1F69D,monorail,transport-ground,clean,https://cdn.jsdelivr.net/gh/jdecked/twemoji@17.0.3/assets/svg/1f69d.svg,436554133c08d8f9d558353a963d58a2f755e76d,c600cdc83a68ede7143ea5663de89daf27c0a915,38c05acd123276f91d1100029165d81499dca6d1,8c3dc236c9ca2d4a67f608e778b6eaa1510e653d,,0,1,
fluent:1F69D,fluent,1F69D,monorail,transport-ground,clean,https://cdn.jsdelivr.net/npm/@lobehub/fluent-emoji-flat@1.1.0/assets/1f69d.svg,1943d46ec4216327ea224025386de024ea1e52ce,e552e00ba9515cb6e4ae83132502c39594678328,99e7c7d6ef1681caebe6a973c18e3aff6fa83957,15835f8778429ce604805d05811af13ebd2f0a29,,0,1,
openmoji:1F69E,openmoji,1F69E,mountain railway,transport-ground,clean,https://cdn.jsdelivr.net/npm/openmoji@17.0.0/color/svg/1F69E.svg,0987017dddfafabf8c0035007968b6e861515e59,6a54284d4f94c636f289a2f2f3fb061f65cdb32a,7d188d0285742eb8b8d73e0684501b54cccec363,28114d8c414b998e4a9b0f3c5acbdac2bd13354c,,0,0,
twemoji:1F69E,twemoji,1F69E,mountain railway,transport-ground,clean,https://cdn.jsdelivr.net/gh/jdecked/twemoji@17.0.3/assets/svg/1f69e.svg,cb450380abe1360f7bac67d0d7e00583fd6bfb30,38481d9f74b0d5e6c5e8dc23a9b63b697e140099,d35b46f8e982a9cdfd627209c00177235b272751,e2ba5fe85c1c4d034ed6a011061ce5ec230aa7c0,,0,0,
fluent:1F69E,fluent,1F69E,mountain railway,transport-ground,clean,https://cdn.jsdelivr.net/npm/@lobehub/fluent-emoji-flat@1.1.0/assets/1f69e.svg,5a2e42af22b521929b974e71576cd12d88b9ecea,7b399db02e3f196aa0dce6790aae5d0e853c29a1,1baa4962bb89be1b2a52d6da8d13a7806dd1c682,204b2de9bf558b9c280e86e59bd4a4d4b558ed1e,,0,0,
openmoji:1F68B,openmoji,1F68B,tram car,transport-ground,clean,https://cdn.jsdelivr.net/npm/openmoji@17.0.0/color/svg/1F68B.svg,fcd0f97a004e9f01f29bf56b980025ee893f9e25,d3c6449468f9656814ccaf32c9ac96a2c76b2557,a7d84339b979bba57e1e4a28615e5435ba9cb64d,3af5a09420f3fc4a1d587608dc747eed85ebd383,,1,1,
twemoji:1F68B,twemoji,1F68B,tram car,transport-ground,clean,https://cdn.jsdelivr.net/gh/jdecked/twemoji@17.0.3/assets/svg/1f68b.svg,052b00755b89c996476c59a4d1af9d736558d447,403ac755469671397e1b4f925ed8a1e56f21f798,e35d616be88eb6c37e8fef936d809d4ead198685,e103017f70142d962b498948f1c6f4072d46badc,,1,1,
fluent:1F68B,fluent,1F68B,tram car,transport-ground,clean,https://cdn.jsdelivr.net/npm/@lobehub/fluent-emoji-flat@1.1.0/assets/1f68b.svg,3dbf42577c950ee0a562b0c8b9fed3dada175bd2,3bcbe1e98323937a798fc716e11c35426d1cf4a5,d6e673860ed35b1dd5a0c4fc429f9e464de049d0,5e5341a1d55d7c33e8864119c9bb7506c56f049d,,1,1,61
twemoji:1F68E,twemoji,1F68E,trolleybus,transport-ground,clean,https://cdn.jsdelivr.net/gh/jdecked/twemoji@17.0.3/assets/svg/1f68e.svg,a2caad2ba8c71f01ec0626e5e999b3cda9e4893a,8ef6c4d7577312b922c9e3cdf930d63e9b83383e,222ac5b13ebe97216c3e17132d3c29d7f8a119f0,af509c18c5113ac8ea82179920c161cc96a492b9,,0,0,
fluent:1F68E,fluent,1F68E,trolleybus,transport-ground,clean,https://cdn.jsdelivr.net/npm/@lobehub/fluent-emoji-flat@1.1.0/assets/1f68e.svg,34ea9dc7035bcb72982200c02745aade96dfa784,0ca493905d410869e2e3c94ac68668dd58bc36e1,0f6ce656ab1945ade10a10ed1c6533d8f8ccf2ac,c2df20c081b835fb908fccf1f3411f68a99c791c,,0,0,
twemoji:1F690,twemoji,1F690,minibus,transport-ground,clean,https://cdn.jsdelivr.net/gh/jdecked/twemoji@17.0.3/assets/svg/1f690.svg,99aaa5c10d85c88ba9546da873854abfd7a94104,1356b368f74d80645e3a47e04be45fe9b2329693,d639aea304c74c56eb56465ce4c421c882be8a96,79492d1773d08a6f5b4f876b3cccdd184a5e2c3b,,0,0,
fluent:1F690,fluent,1F690,minibus,transport-ground,clean,https://cdn.jsdelivr.net/npm/@lobehub/fluent-emoji-flat@1.1.0/assets/1f690.svg,dc6c127bf2a16b1466016fb80d7e387b6e16478d,d59bf8fd2e783380c2905e1f14fdfdad3aba5d87,26e7f2509a70596b18353f5ddd6663157d035050,3941ecb5138d7151b94a91ea4778e859dd438a4d,,0,0,
openmoji:1F691,openmoji,1F691,ambulance,transport-ground,clean,https://cdn.jsdelivr.net/npm/openmoji@17.0.0/color/svg/1F691.svg,29c8c2c43fa43a5a7e196ef10c0892a9dd4d35b6,f21ab4137c3d7c597018ab51cd1d8741de8eeceb,e15f91aa8213c45b77e01bb19a9ec3c456d9d53b,69b65e81df0a0d0d31bc8eb7e0acfc65a91c9dc3,,1,0,
twemoji:1F691,twemoji,1F691,ambulance,transport-ground,clean,https://cdn.jsdelivr.net/gh/jdecked/twemoji@17.0.3/assets/svg/1f691.svg,38bc4841d724f2a873f1671bc2ba35efa82b2d9a,3dd276a378fe427ae9a336c87a70f30cef0c0626,1fcf51b75f2b274bef92c3c8123fcf45c1f49e14,e5457ee3943dfcb1901a7e46f42fc2ccabd914a0,,1,0,
fluent:1F691,fluent,1F691,ambulance,transport-ground,clean,https://cdn.jsdelivr.net/npm/@lobehub/fluent-emoji-flat@1.1.0/assets/1f691.svg,84c748ea98f32dcd60c311a95b0ed1873a5bcd33,0093a6a6a306f32bfc188c9361d17e805538c991,7d417d0f4b3407d32b699fd2a9201fc083b37c1e,39d61e1f71d5cdd69566dc612115e70fd12c30dd,,1,0,
openmoji:1F693,openmoji,1F693,police car,transport-ground,clean,https://cdn.jsdelivr.net/npm/openmoji@17.0.0/color/svg/1F693.svg,08663fa5d7462df9731e128853789bddb0525ec5,8abf61d0eee4447c3651d382c7b2478e58bbba1c,9eadfc066b9c939b2440005d5e970694308cf056,7f25abeb4494f6253fb264e0884fc74988727aba,,1,0,
twemoji:1F693,twemoji,1F693,police car,transport-ground,clean,https://cdn.jsdelivr.net/gh/jdecked/twemoji@17.0.3/assets/svg/1f693.svg,4509a7939ff00d2a695b153eb246f135342e195b,00ae3e0853986ec8cbc9741e56273c0b07a49584,f652e1a6babaad62d4b473470a5d932dbd995a94,bb98ae675e09511f4afcddfa1f7262df4f3f870c,,1,0,
fluent:1F693,fluent,1F693,police car,transport-ground,clean,https://cdn.jsdelivr.net/npm/@lobehub/fluent-emoji-flat@1.1.0/assets/1f693.svg,95477956d93f4949994943683ef2ff6ba9dee3d6,07027b52087c26d3ff354ba2b3fc0f2ae7ecdc4e,d3b56712c197b6fa92b3a4e2a51011605037294b,154bfa3ec3e58178bf273417edbdbc0b0f160447,,1,0,
openmoji:1F694,openmoji,1F694,oncoming police car,transport-ground,clean,https://cdn.jsdelivr.net/npm/openmoji@17.0.0/color/svg/1F694.svg,cf431d85c66df4ab60a69885610defcc878012c2,1836efa1cdf755835691f5cd60d4f21ceebda813,28011bd52a7a5f34e296484b379ebcb59691d056,51fc9dfdf15b11b712c1a716009ad4a19e344faf,,0,0,
twemoji:1F694,twemoji,1F694,oncoming police car,transport-ground,clean,https://cdn.jsdelivr.net/gh/jdecked/twemoji@17.0.3/assets/svg/1f694.svg,5113cce8c582f59cff6ec0a483a23d71d551b71f,4bb8a2c4d86ec20815fa730c39cd649708fc73fb,74fb72a7bc7b0f7afb026e7127ffb86b0cb98d66,94a6b396bbfac57f5b092ca16f8b6c8cb1532a7c,,0,0,
fluent:1F694,fluent,1F694,oncoming police car,transport-ground,clean,https://cdn.jsdelivr.net/npm/@lobehub/fluent-emoji-flat@1.1.0/assets/1f694.svg,a12ccf094687fe1656af48ade47c543cf2592398,c0ecba6a690e021edab30e408b776a988debba79,ee8a4701c1dcf5d449ecbc3e7ab92a267d9325e6,f5d9d2a44c7ea3d1c9de1bb7b43a5bab8203dc76,,0,0,
openmoji:1F695,openmoji,1F695,taxi,transport-ground,clean,https://cdn.jsdelivr.net/npm/openmoji@17.0.0/color/svg/1F695.svg,209613e349738a5fa3d5ffc5abec7fb33ca16e5f,0a65a61f58bf45e08e189aa1bb619bb983bd5969,80ce5d0c3ded3c316a6d6bdc35e2a51822a1e3b9,00f15a821fac6c130901f620756bc3ccb7251056,,0,1,
twemoji:1F695,twemoji,1F695,taxi,transport-ground,clean,https://cdn.jsdelivr.net/gh/jdecked/twemoji@17.0.3/assets/svg/1f695.svg,f9ba1129e550f87c59cc3deb1cb683ecf05364c5,9aab766522f98e5b65891357cdbdfcce2d48e361,cdaf215a508dffb738bc03bfeb8117e7981dcd40,11dae74ee87f7f0e2348c5a9b452ed7349788fd0,,0,1,
fluent:1F695,fluent,1F695,taxi,transport-ground,clean,https://cdn.jsdelivr.net/npm/@lobehub/fluent-emoji-flat@1.1.0/assets/1f695.svg,619d1c576df4735eb8387524288a24acf51e4c30,a16e641d85378321688cf489b5c3633b02d96208,76a85dc10ff2924ca332e610caa2bf109d206142,8903b52770a0633850a2a05587859675dd5f38cc,,0,1,
openmoji:1F697,openmoji,1F697,automobile,transport-ground,clean,https://cdn.jsdelivr.net/npm/openmoji@17.0.0/color/svg/1F697.svg,80252727f6322d591b9b0e6fe843dfb302c09360,42999bfc9275735f60375c3c53a1ad7a8dfd8e94,9a3387152422a82d74018238ff236cc955e7bf72,70c0431f04a5afef4d3d60cbe28885515f75c490,,0,0,
twemoji:1F697,twemoji,1F697,automobile,transport-ground,clean,https://cdn.jsdelivr.net/gh/jdecked/twemoji@17.0.3/assets/svg/1f697.svg,96ac66a293e4de95eb2a6fa26c776cfa564e4451,68138c8939afb059e90615123b8195ac31dcf0a8,a8c150dda1f12158b83133001640fd9330104e8a,fc03e6da95d542d4fbc66d061f2048b85b4f7058,,0,0,159
fluent:1F697,fluent,1F697,automobile,transport-ground,clean,https://cdn.jsdelivr.net/npm/@lobehub/fluent-emoji-flat@1.1.0/assets/1f697.svg,4e885f830a6d31f57907b795afc76200d7a1e9c0,75fa75aafba12e789b6cab53637f8f7050aeb17d,a4b8a7f6df03538c637328fa4d971f5abf6a2b02,29c0f26e41d63ac863054ab57f09f7fa86885bd7,,0,0,
openmoji:1F698,openmoji,1F698,oncoming automobile,transport-ground,clean,https://cdn.jsdelivr.net/npm/openmoji@17.0.0/color/svg/1F698.svg,7a586902744f820fb39d1467a714636e2b093bfc,3d6b61025e03b5f9efaa6cbb38a786e892f22455,c455fb5e320e3510db707306d0e3b9e32ae05008,b3ca5d6e78775d462c2e597f6065a57f9a2b4245,,0,1,
twemoji:1F698,twemoji,1F698,oncoming automobile,transport-ground,clean,https://cdn.jsdelivr.net/gh/jdecked/twemoji@17.0.3/assets/svg/1f698.svg,330b5ec0d2926cc4a58ee3daee20b0513090cef8,6c4623ec85eb50ba548eeba34468bb03ce33f1b3,d21e1a1dd8914bd4b235f0b1646625d0e65807c8,f2a81ccdd74a4dc3709a2104708988bfb3c30f9c,,0,1,19
fluent:1F698,fluent,1F698,oncoming automobile,transport-ground,clean,https://cdn.jsdelivr.net/npm/@lobehub/fluent-emoji-flat@1.1.0/assets/1f698.svg,268f250e5c6b48e1cba072d3cae8680afadf939c,46b0058e44eacf735b08774df304da8b3f858438,32d47b86ac22fc1b92404a1861750f961aa81191,f43b797361d3c28045abf52024016e1b7bf21d9e,,0,1,
openmoji:1F699,openmoji,1F699,sport utility vehicle,transport-ground,clean,https://cdn.jsdelivr.net/npm/openmoji@17.0.0/color/svg/1F699.svg,3bef88e94f368b7f17b3d91bac82c03affdf9206,f8e5ceac82f00cb446c5c989407a3e71db04fde5,62d6ba554919e4f3219eda4e932e615c6adf9c10,fc4856888af19380b5895d254cd5b24930ab2bcd,,0,0,
twemoji:1F699,twemoji,1F699,sport utility vehicle,transport-ground,clean,https://cdn.jsdelivr.net/gh/jdecked/twemoji@17.0.3/assets/svg/1f699.svg,7d542d60bf80462e0ee89deb23954b413f843380,d45392f4643548412b56fe3de1075005cd0ac394,0eb223ccb6811323e4001fde2f12e25d166cbfed,f2f080dbc16a0c3a2bcf2f47b602bad41375650c,,0,0,
fluent:1F699,fluent,1F699,sport utility vehicle,transport-ground,clean,https://cdn.jsdelivr.net/npm/@lobehub/fluent-emoji-flat@1.1.0/assets/1f699.svg,a4c1cf54125a0f930d4ddd376289a186ffe995ef,57bc8a9ea0481680c64ee2c15a6dd5b848535f82,dbacb40c6f3417e26d66759e76417b48b402f512,9dcbac7bbedb17163fd42ccc62d70cdb81110ebf,,0,0,
openmoji:1F6FB,openmoji,1F6FB,pickup truck,transport-ground,clean,https://cdn.jsdelivr.net/npm/openmoji@17.0.0/color/svg/1F6FB.svg,466e1ebf9543b74437f6da2f55a996cc2c82fa2b,d53874b03b63d1a4dca0536758e13ca6e1c88788,8099327adf4f2163ed1e848f7c969ece633a76a5,418000f3ff7bef293a1b97f44bb46a6842f029a6,,0,0,
twemoji:1F6FB,twemoji,1F6FB,pickup truck,transport-ground,clean,https://cdn.jsdelivr.net/gh/jdecked/twemoji@17.0.3/assets/svg/1f6fb.svg,f61213c7747bbc493dae6c457d41c43557fd33a4,44f3c99f328fefc2e94ff53a72d9d47d2ef3302e,0197dc711b304ea8751d029446e9c75ab7078f59,775e0ad90ebd08dbe358c5108c491f56827b50e8,,0,0,
fluent:1F6FB,fluent,1F6FB,pickup truck,transport-ground,clean,https://cdn.jsdelivr.net/npm/@lobehub/fluent-emoji-flat@1.1.0/assets/1f6fb.svg,2fd72ab356c152a413a7fbfa0db3c9af7fa4bd17,3dcc99b15aa1937b2ba37d788d4d8b91478011d2,aa5305875e3b79264094cd5dc934a1b45383575b,f060dd244189577a3edd1f4c05798e888cee9a9b,,0,0,
openmoji:1F69A,openmoji,1F69A,delivery truck,transport-ground,clean,https://cdn.jsdelivr.net/npm/openmoji@17.0.0/color/svg/1F69A.svg,9a3e285eb083d9c42c0146678e67445b21dfde10,3252bfc5bef79b4ca22f4d3eb4c9864971ce65c5,ca7d1337bea08cca6bae8b58c4b414a71d137849,566f075c7dbf7ac8ae0547130d0145a6e522e199,,0,0,
twemoji:1F69A,twemoji,1F69A,delivery truck,transport-ground,clean,https://cdn.jsdelivr.net/gh/jdecked/twemoji@17.0.3/assets/svg/1f69a.svg,808d3a088d32e00c240140f413a0c1329a60805a,98e89cacfdea6f6df6ddee307b7585c2b530d938,e4dbc06e83a2d5bf9b8bb08fba753f7977103f9d,8261031b1eea7f01344e0718c97ddd0766236fff,,0,0,
fluent:1F69A,fluent,1F69A,delivery truck,transport-ground,clean,https://cdn.jsdelivr.net/npm/@lobehub/fluent-emoji-flat@1.1.0/assets/1f69a.svg,53111cd977eb5f4e48d5119092ae1513ba3895b1,492853e97638b56f64bb65d45051a0a733ddc878,4e1b046ac5093df6b287f43d8a392b0b2dfe8f63,246961f6014d2172aa6464eb07ea7a79ebd2ea3c,,0,0,
openmoji:1F69B,openmoji,1F69B,articulated lorry,transport-ground,clean,https://cdn.jsdelivr.net/npm/openmoji@17.0.0/color/svg/1F69B.svg,e0310c5d8945d994067e402e81fd07af6a1ad2f4,38b6bc06d211f463378982fb6550a8600b1618d0,f59365fec824066bb91d105236e214b3838fbf08,cbfd5ec0be3f5b609929db750f3cdaf1154f1a6f,,0,0,
twemoji:1F69B,twemoji,1F69B,articulated lorry,transport-ground,clean,https://cdn.jsdelivr.net/gh/jdecked/twemoji@17.0.3/assets/svg/1f69b.svg,cf7b46ae099108fe52af2fdbcf0a5e2c0cef61ca,62f7771e9ef9d25ac4ce3a94b8a9c007c0fe958a,bfc5baf76b534b4b67e250acf20214ca2085a68b,cd6ec05fcbdbd2e91f3950c9ba0161508985961c,,0,0,
fluent:1F69B,fluent,1F69B,articulated lorry,transport-ground,clean,https://cdn.jsdelivr.net/npm/@lobehub/fluent-emoji-flat@1.1.0/assets/1f69b.svg,45e6ea919e425399e9f8e5a486a78a2bea4b65c0,4eb4ce63c651caec7b1d53cb725980cafc8cfd3b,daac92fc21893d87ffee51dfc59d857ce6245a81,1a4c921bf2d6dcaa3a2678328a7919b16eb35c9f,,0,0,
openmoji:1F69C,openmoji,1F69C,tractor,transport-ground,clean,https://cdn.jsdelivr.net/npm/openmoji@17.0.0/color/svg/1F69C.svg,739fe72b577cde9eba7122648b8b0aab92e44e88,32fe70f0f9d95ddc159257e26fd94edebdab414d,883f86c96a8ac25b55d540f39e84652d88aeda54,2fa6f382fac72fb68c84b23f502f037b43211741,,0,0,
twemoji:1F69C,twemoji,1F69C,tractor,transport-ground,clean,https://cdn.jsdelivr.net/gh/jdecked/twemoji@17.0.3/assets/svg/1f69c.svg,3bc99853b19a0feadfdd480beec9ad593df72a18,ddfd7911453af341edb38a2d8b94c35cd736f394,7321eb61dc27ce20960748d4050e6ba512d40e2f,9634319c983da1986997f47eb3eb84ede82eff2a,,0,0,
fluent:1F69C,fluent,1F69C,tractor,transport-ground,clean,https://cdn.jsdelivr.net/npm/@lobehub/fluent-emoji-flat@1.1.0/assets/1f69c.svg,8030187835bcef32dba3b0a9c3fefb087286fecb,1fce33b829c747289d986f6e5d85b80ed5070f4e,70bd64e9b96ce8ec8e8847061c41055623b60554,ebea502bb56274709bdd5c0630e9920b5e741a81,,0,0,
openmoji:1F3CE,openmoji,1F3CE,racing car,transport-ground,clean,https://cdn.jsdelivr.net/npm/openmoji@17.0.0/color/svg/1F3CE.svg,b2e7322cb76908b79b493e8af9e193af34414490,f4930bc58e34d7c078ffb35936582153da733f61,9bd31650fc014db6bf07e775d22d675d512dc18a,847723dab875e8efe3db67a2a983c093d1021a8d,,0,0,33
twemoji:1F3CE,twemoji,1F3CE,racing car,transport-ground,clean,https://cdn.jsdelivr.net/gh/jdecked/twemoji@17.0.3/assets/svg/1f3ce.svg,6f7eb09c18b1500ad7e10c136c3f0a73db93facd,d38f22f47cd753dade069182f8ab95006dad39b1,8238acedc73f2caeea8db8b2c14b72ea48e77655,37416b4cb60f31ebbce4ab1cac5814599dc6dd71,,0,0,
openmoji:1F3CD,openmoji,1F3CD,motorcycle,transport-ground,clean,https://cdn.jsdelivr.net/npm/openmoji@17.0.0/color/svg/1F3CD.svg,a56496cac60cfb31d27b243cc7593798cdbb5afd,493c115fd6bfac666afb274e5821409aeee8f0bb,03eeaecfa47bfaa4d64f2e82f590145ec46c2d8f,453ffbd988dfe342ed85b8ccafad79642ecda507,,0,1,
twemoji:1F3CD,twemoji,1F3CD,motorcycle,transport-ground,clean,https://cdn.jsdelivr.net/gh/jdecked/twemoji@17.0.3/assets/svg/1f3cd.svg,1cc20066d326ec1bc974eae05d2013f721ea70b5,c1ea250777cce1070338e227edc5a4bf246e45fb,42553a1db0ac7607248e823636a770d835f2da36,f75649549ea6947da760135b86e0fbbeb04b8b63,,0,1,
openmoji:1F6F5,openmoji,1F6F5,motor scooter,transport-ground,clean,https://cdn.jsdelivr.net/npm/openmoji@17.0.0/color/svg/1F6F5.svg,73a092ff759dcbdc125f9e5e33bcf94f46c59c89,321743265a1249d56318a092246b37a9986625fb,ec9cf54d0c6556e879baaed9609e9fc5a3ead27b,4b60f19f29f2c69dbb2435e14c4e0a3d749615cc,,1,0,
twemoji:1F6F5,twemoji,1F6F5,motor scooter,transport-ground,clean,https://cdn.jsdelivr.net/gh/jdecked/twemoji@17.0.3/assets/svg/1f6f5.svg,73ddf044cdc3dc9e7ee99b09249613082e96613a,b4d7b72c236c45e05183b858b2fc152104b3d496,4bf61c56faba30c1b84dedc785971071bc7c4d0a,4e9cc913c131f995f87b9a97e9a73a31a1bf7fbc,,1,0,
fluent:1F6F5,fluent,1F6F5,motor scooter,transport-ground,clean,https://cdn.jsdelivr.net/npm/@lobehub/fluent-emoji-flat@1.1.0/assets/1f6f5.svg,9ea7ada491cd989ef8b0fa18f467731332ff4f6d,f685bb9590c798c98f12bb6c0d6241a36553cc0c,e30a1563c1a250dfc15f1fe5973726e856a18885,7a03463b40fcbc5e708b438ee641ea1158b5cad3,,1,0,89
openmoji:1F6FA,openmoji,1F6FA,auto rickshaw,transport-ground,clean,https://cdn.jsdelivr.net/npm/openmoji@17.0.0/color/svg/1F6FA.svg,0420a586c3365e43a8a52992691845e7bd6b207d,11c3acb6bef9adc17436494a63be8e9ed2fafad1,c5ff6ef1d8979bbd112165961aee9015719e3ccb,d7cb9eef6d216be0a723e7a3a04240d1d61550c7,,0,1,
twemoji:1F6FA,twemoji,1F6FA,auto rickshaw,transport-ground,clean,https://cdn.jsdelivr.net/gh/jdecked/twemoji@17.0.3/assets/svg/1f6fa.svg,4ad24674ca86099f5d12ea701602eb3cf06cb704,2d55159d5bc4eb4fb28fb0667836cc9618dd679c,26a5522749cf0865aea8431983c7f5a87642b686,6fcaffa860337e105a1bda8f7a703cba19afa2a3,,0,1,
fluent:1F6FA,fluent,1F6FA,auto rickshaw,transport-ground,clean,https://cdn.jsdelivr.net/npm/@lobehub/fluent-emoji-flat@1.1.0/assets/1f6fa.svg,e4fc5b9d6676c1ec9f5fa7117595234ccbd39392,314f58f9f0471149accfabf739ba6f1ec8fb88d0,a2f3ab57192c8adbfcbdb7833721638ea85390ab,d96610b79fc69cf3c4da5b84b84b9f50d4202cf8,,0,1,5
openmoji:1F6B2,openmoji,1F6B2,bicycle,transport-ground,clean,https://cdn.jsdelivr.net/npm/openmoji@17.0.0/color/svg/1F6B2.svg,62b66b55d30b534aac8aee953ea22a1b7d47f7ee,fab67ee43be6c262d87a2a364c103d4d8cb2e59d,9ef6e3edd9bc347529275ee4ea7b5e45fbd293b8,9c57238ee4116a8d42eee2f3ec62540263152caf,,0,1,
twemoji:1F6B2,twemoji,1F6B2,bicycle,transport-ground,clean,https://cdn.jsdelivr.net/gh/jdecked/twemoji@17.0.3/assets/svg/1f6b2.svg,7021a4e31af6d06c9fbaf48922c937772ec2f7a9,5c253a9ee5c6e340a0c5993eb026347370451dc8,955941369c4f91a7967ee67c40edd009ea4dc020,e355466948ea1ab90d818ff9717876207c1b1faa,,0,1,
fluent:1F6B2,fluent,1F6B2,bicycle,transport-ground,clean,https://cdn.jsdelivr.net/npm/@lobehub/fluent-emoji-flat@1.1.0/assets/1f6b2.svg,0bb1c584a50531282f62c803f845b17c6af42d68,540ee4173d8d2202465d1edf3710bbe586d2fed7,b429de8a96ec363fc8981d335e96e0b1b1cbca2c,27a9fec39e8b540fce162e11e554cc5cc0e0d652,,0,1,
twemoji:1F6F9,twemoji,1F6F9,skateboard,transport-ground,clean,https://cdn.jsdelivr.net/gh/jdecked/twemoji@17.0.3/assets/svg/1f6f9.svg,bb3053de7c916d6f628723326505735259f9b5fd,a6a6ff56fd76d6d341496b2b558be3db140d5cff,1c858f5075d73584713ca8e2aa1112bd70906852,d944642d63cb6c5831bd3d2c3e618512fb4ff6b2,,1,1,
fluent:1F6F9,fluent,1F6F9,skateboard,transport-ground,clean,https://cdn.jsdelivr.net/npm/@lobehub/fluent-emoji-flat@1.1.0/assets/1f6f9.svg,58399254a86c0c5f9b26e4636013967f78d68c08,b1e5083b7442c77f4ead845a005843cce94f1ab8,917934cc8566076f0f0fd9728aa73f372c6df17f,1b999e918c683e0d98d2d8760d4e3bcad6077aa2,,1,1,
openmoji:1F6FC,openmoji,1F6FC,roller skate,transport-ground,clean,https://cdn.jsdelivr.net/npm/openmoji@17.0.0/color/svg/1F6FC.svg,e4f098b5ac43d8f9562b9377bfb1a7805f2f8d65,7f09beade7739a4347a2804cc99ce16a8a4beafa,60c9c80464f4f82d17771a57c1664f1f9d0a1592,6f2aa2601db6adb5e00290499aab3d8173ee28b1,,0,1,
twemoji:1F6FC,twemoji,1F6FC,roller skate,transport-ground,clean,https://cdn.jsdelivr.net/gh/jdecked/twemoji@17.0.3/assets/svg/1f6fc.svg,6651f35174670b35f9be79c7712dbc64bd2d25cf,a0fb5b0f69c43254a476f099e47d1d305aa4492b,70db828d5d9ed448f2ad384fc1993e8fd07b51fe,f3138240ce15607153e56bf74e4f1a11c4d5066f,,0,1,47
fluent:1F6FC,fluent,1F6FC,roller skate,transport-ground,clean,https://cdn.jsdelivr.net/npm/@lobehub/fluent-emoji-flat@1.1.0/assets/1f6fc.svg,3a6cedfaa6014276a84a88be1f81f1fc7953ec7d,8af6d59d17b0ad01ca9435b29b75bd497f1fba3f,3558fc903f792b1c64308cf359c5c599c71171b5,4567247482d18fcac8218e2a59831ebb7137b298,,0,1,
openmoji:1F68F,openmoji,1F68F,bus stop,transport-ground,clean,https://cdn.jsdelivr.net/npm/openmoji@17.0.0/color/svg/1F68F.svg,e49c1cb37e51a2eaec130c60067ec01f6243a74d,959e337b9f1a921b6c5fd3af492b6a50e0bd5f11,d7c34d669fbf224979751d0695de089cae15de32,3102297c73ac1fd43495ba6783af313f7af8dc07,,0,0,
twemoji:1F68F,twemoji,1F68F,bus stop,transport-ground,clean,https://cdn.jsdelivr.net/gh/jdecked/twemoji@17.0.3/assets/svg/1f68f.svg,13ab949d8fa0971fb6dfc923fe2c2f98fb93ec16,108cdfe52f20cfd1fec0c097d62df0c435e6d15a,4975ed8d7e84812187953cb0b8d8481f5a10a483,15344911902694092a303a514a39c9f5037611ea,,0,0,
fluent:1F68F,fluent,1F68F,bus stop,transport-ground,clean,https://cdn.jsdelivr.net/npm/@lobehub/fluent-emoji-flat@1.1.0/assets/1f68f.svg,b3b852395e18d8f5c95832519366941a4cc57ac3,b9a786c30241455902a02498397990c309aea0ed,e3cfa756c009c4218b1f16aee361bedf2af18271,3d661bd4d6d127dc790db1c5356a42b9d09b8a2f,,0,0,
openmoji:26FD,openmoji,26FD,fuel pump,transport-ground,clean,https://cdn.jsdelivr.net/npm/openmoji@17.0.0/color/svg/26FD.svg,12d67eeaef7c6d9460e9ee97c95647dfa6b50ef1,30f7003044ed6c796bb82f4a0dc23a2389753df0,c18f2d7ad9b4d01d0fd4c56e3c0f5143e858c23b,3b5dbe4f7c4c3ec17affbeaf684ad0e424ade223,,0,0,131
twemoji:26FD,twemoji,26FD,fuel pump,transport-ground,clean,https://cdn.jsdelivr.net/gh/jdecked/twemoji@17.0.3/assets/svg/26fd.svg,6598366397ddd2c50a1811b1681669fea9445151,ec7fbe624df827fccaccd3b1fc0a9ae673365631,30ff02590f96c2ef4af89d93a4b6550f6ef12b2f,4c68ddc76a839eeab9b8a0cb7642b7741fe0a19c,,0,0,
fluent:26FD,fluent,26FD,fuel pump,transport-ground,clean,https://cdn.jsdelivr.net/npm/@lobehub/fluent-emoji-flat@1.1.0/assets/26fd.svg,56f65faa1f703d244468d05a01b587e361e39503,e26a93dc6611d93482bb171fae07ca3693db8957,0d3f2f7b65c948560c8de75c2424357750212d61,4e45bdad3c25b2277510384a776c627e13c3e03e,,0,0,
openmoji:1F6A6,openmoji,1F6A6,vertical traffic light,transport-ground,clean,https://cdn.jsdelivr.net/npm/openmoji@17.0.0/color/svg/1F6A6.svg,5a1290609c8053d0aca12e46f454837df1086da1,d53e95a7c3f51cf2a3587baf435e53e6bccac219,a0cade810dc7e1f0ac6457e56f373d873bee3f65,954fccb090388b46ba63adf54290574c841ad437,,0,1,
twemoji:1F6A6,twemoji,1F6A6,vertical traffic light,transport-ground,clean,https://cdn.jsdelivr.net/gh/jdecked/twemoji@17.0.3/assets/svg/1f6a6.svg,c13aa100f0cf4ad3bf47e1dc423fbe21cb68e611,6926620ab4ce28f0bac0fde5e95c4711a134dc39,c6e15e734f8e2a213ecdd797f417270940fd1f1a,526428ef3b2151a0bb95f5233e727be5f2c37e01,,0,1,103
fluent:1F6A6,fluent,1F6A6,vertical traffic light,transport-ground,clean,https://cdn.jsdelivr.net/npm/@lobehub/fluent-emoji-flat@1.1.0/assets/1f6a6.svg,d17a8330bce0fcfb4946afa6b1c5fe5c7aa6b6c9,530e2693523664534b1bf4729a847301598fda78,deca3102bc6ee590ab8a0024874b8199ab41b24d,c06c470eb2d13bde6fcc34f56a2986cca1eb8ffd,,0,1,
openmoji:1F6D1,openmoji,1F6D1,stop sign,transport-ground,clean,https://cdn.jsdelivr.net/npm/openmoji@17.0.0/color/svg/1F6D1.svg,b0efc23912a38eb12cca6a507ef6062281726e94,813686d5b9dfd900cbbe9b960af2306e8eb2db11,dd115f59b9832652b4fc023d6dd0c987b5ae41c0,6b4cf75466c1389ba05de75ee40341b8b26f6991,,0,1,
twemoji:1F6D1,twemoji,1F6D1,stop sign,transport-ground,clean,https://cdn.jsdelivr.net/gh/jdecked/twemoji@17.0.3/assets/svg/1f6d1.svg,f7b1948b279fd9e5d39074fba3c28fa60a7ab0fa,2fe015b4ed15a46dce26d95bdb80fce25e8db293,054e95ba9c798f94e7df50d681f558923f5e8c2e,e878188393ee5511ec99ab9a2f349cbf8f84f883,,0,1,
fluent:1F6D1,fluent,1F6D1,stop sign,transport-ground,clean,https://cdn.jsdelivr.net/npm/@lobehub/fluent-emoji-flat@1.1.0/assets/1f6d1.svg,428c77edf2a01b683bda14918fbd0e5c2d54b2e3,e9b458ea1781d7d68a671eba656799dd8f794f5d,4dc8ca42540567b60a2be768e1aa05bc62dd0a23,36ad483812445989e3c2412e4144e093f4499233,,0,1,
openmoji:1F6A7,openmoji,1F6A7,construction,transport-ground,clean,https://cdn.jsdelivr.net/npm/openmoji@17.0.0/color/svg/1F6A7.svg,6a6f88ab592e403cc075ed14d6baee7db89c29b5,9bd4d50e190798b9ca13e55a1c88741e1f146321,05abe2acc3ec2343934e224d8cc101a48d0d6663,18a9146e2fa085712075c49cd79b5c353a5d11f1,,0,1,
twemoji:1F6A7,twemoji,1F6A7,construction,transport-ground,clean,https://cdn.jsdelivr.net/gh/jdecked/twemoji@17.0.3/assets/svg/1f6a7.svg,61f5c62e7c559bb0c0ba993b5803ed56defba951,dc5a020b839176ae48764357f1b14d7e1047ba6f,085168902a7583387a119d3cfdbd016a0812793c,126ae26612a28682f2111b870659e2d48a587c6b,,0,1,75
fluent:1F6A7,fluent,1F6A7,construction,transport-ground,clean,https://cdn.jsdelivr.net/npm/@lobehub/fluent-emoji-flat@1.1.0/assets/1f6a7.svg,785bbc36233af2ed6bbdb3e78e7604ef3704f497,eb33a2223e4919d4505efee9fe92cb3f4d4df50f,fca56551fc2c07dbbad1999dfec4a39177448c78,ec1fbd99d5dc862022cbe10f583281c134d609c3,,0,1,
twemoji:231B,twemoji,231B,hourglass done,time,clean,https://cdn.jsdelivr.net/gh/jdecked/twemoji@17.0.3/assets/svg/231b.svg,0db7ba4fcbb6686a488a1ea145d65f32eca43f7a,1a6743c64340ed154d5153a889d0aa29f18ec5b6,cb8846b1e55cf1c6e4a73eb652b3741aba45e252,3ea357bc24148b94c941c650cd8a57fb70984fdb,,1,1,
fluent:231B,fluent,231B,hourglass done,time,clean,https://cdn.jsdelivr.net/npm/@lobehub/fluent-emoji-flat@1.1.0/assets/231b.svg,5059a8dbaa5dcc1f7d97e5aa896f31cc465f6a3c,662437b8232c85d147d25dc483950aa8640e9ace,3d0f22c827988c1c0cc875bc14e1f91306b6e79b,a6f7249c43540eb2ef62cd11cc5aa8eef9155f3c,,1,1,166
openmoji:231A,openmoji,231A,watch,time,clean,https://cdn.jsdelivr.net/npm/openmoji@17.0.0/color/svg/231A.svg,3202cb0085f7b71fa8208f5486ed6359b0c05e7f,cbe9b26659593f50979878ea94d88e21efe7ef5f,90a66a37d5fccf126fd7857511f91ceb6d61ec2e,e7091801f6bee94060923369c97f9cec2d47a872,,0,0,96
twemoji:231A,twemoji,231A,watch,time,clean,https://cdn.jsdelivr.net/gh/jdecked/twemoji@17.0.3/assets/svg/231a.svg,e748617ab7784bab1891d46fa0310a4afdf5d52a,f7d5b442786f87466e51b6534146dec6e865aa0c,67eb16cd2e13eb0ad7b494c049b418b0907479f2,56be5d277211bb75ecb48eef5a727587985e33d3,,0,0,
fluent:231A,fluent,231A,watch,time,clean,https://cdn.jsdelivr.net/npm/@lobehub/fluent-emoji-flat@1.1.0/assets/231a.svg,6208c211944e7c1225af35f2021d013747b33699,8b69ec9722c3c0a87558f96968ca938fc6d2ee2c,b9d0e2fd689ff813e667391b7c16e0354a91bb0f,c6d310d267591db5d817f1a6ef5c575bc2004da9,,0,0,
openmoji:23F0,openmoji,23F0,alarm clock,time,clean,https://cdn.jsdelivr.net/npm/openmoji@17.0.0/color/svg/23F0.svg,4c6525d6a923e8846335e12c2a158fad8b633ed0,2fcf4a32967927052df556eb19d4405bb2fd4e9c,3cb9f2f049f26f020bf830a28182d724ed02f3ea,022a3eb74eca142aa7df503d0cc79eb0955733c8,,0,1,180
twemoji:23F0,twemoji,23F0,alarm clock,time,clean,https://cdn.jsdelivr.net/gh/jdecked/twemoji@17.0.3/assets/svg/23f0.svg,eb033ba90af7810d95b565d860c3d09a03bb9143,8bac9ff99a761ce36d350344292545900cedb457,87e6eb5b4e7a049c92cf1140d512c9ba8d3f2369,69c936ab7b77ebb698bcfc500f5c853f950d932a,,0,1,
fluent:23F0,fluent,23F0,alarm clock,time,clean,https://cdn.jsdelivr.net/npm/@lobehub/fluent-emoji-flat@1.1.0/assets/23f0.svg,2f8f6318a1ffcb2a6f9e3d874ddef4a045af6c24,34ab0493e3d021f238b764cdf8e79b03c3a01019,e8720a45b94fb6ff447ff13724d1ab810eb61770,a62b807806d98194c0509b9494baf9ed7e56d6a6,,0,1,
openmoji:23F1,openmoji,23F1,stopwatch,time,clean,https://cdn.jsdelivr.net/npm/openmoji@17.0.0/color/svg/23F1.svg,2a495cc350f551701f4b3255d9ea469537bcb9af,2aa3ff716118d780700c646eedbf4a023169a29f,5fcad0f0060a30359f63caaf6a93a28d266d7beb,d6ccfc5782abf13a6eaa59966a72fdb901a30eb7,,0,0,
twemoji:23F1,twemoji,23F1,stopwatch,time,clean,https://cdn.jsdelivr.net/gh/jdecked/twemoji@17.0.3/assets/svg/23f1.svg,0486746268e2d67c5e5a97e8b5e670ad9ddfa166,d6713b41c54c057508230f47f3d4ef03c2d24aca,c4a543091f6ab71704fbf4bca1d0f25aad94d2ec,d3e8a1c0e7a15d12ff513af6c54ee13cd5237fc5,,0,0,
openmoji:23F2,openmoji,23F2,timer clock,time,clean,https://cdn.jsdelivr.net/npm/openmoji@17.0.0/color/svg/23F2.svg,be6ce9fbc27994e41e0761c5eedb6e2c99e082de,f6c8b3e00358f0dd0a0ad946bc1444211ed09fa4,d3242291232b7844abe0818f2f8f4efb4d7f1765,fa082bc0a858b3675a38224112ed7b16671e3da2,,0,0,
twemoji:23F2,twemoji,23F2,timer clock,time,clean,https://cdn.jsdelivr.net/gh/jdecked/twemoji@17.0.3/assets/svg/23f2.svg,83d9f6cc49cf3ce40673c2960737e31d90f6a439,480e24e67f0182b015c5365dcaa60a19551acbce,acdb19e62e1564f55c1d052e38e4db7d22249292,1892d92b429a49f62efdab4d183e41b23b23a82e,,0,0,110
openmoji:1F55B,openmoji,1F55B,twelve o’clock,time,clean,https://cdn.jsdelivr.net/npm/openmoji@17.0.0/color/svg/1F55B.svg,a26b1e3f819f69ca541ebf3d09b727702fd95ee9,883a3dadd716350d45c8ebad100d935aaa8cad4e,274b0d72c11315f7b56e47d1707e58ce7f2cc6c5,8882c2b5471d59b07c5fd3b65622db193ec02b3a,,0,0,
twemoji:1F55B,twemoji,1F55B,twelve o’clock,time,clean,https://cdn.jsdelivr.net/gh/jdecked/twemoji@17.0.3/assets/svg/1f55b.svg,3ae54f31b3d6dc29241e81c12878eeb1c47a265d,119f313fa4bdc713c83b59153b729bef66009f24,71c8cfa35ee153ac969a320d6e51804156c4f6c4,3f3be1e48e2547bbdf6722b1e66dd78d7dd20af5,,0,0,
fluent:1F55B,fluent,1F55B,twelve o’clock,time,clean,https://cdn.jsdelivr.net/npm/@lobehub/fluent-emoji-flat@1.1.0/assets/1f55b.svg,1d38666bb844eafd8b59b7d3d60f322a30983277,61b21a7b960a6a306460cb2965de0198d3d28501,b34c50bb23db427d7d282a50ebff19b4dc7a7e6d,b6c3e054991a82fe627c8783ea11a9b3b4e41c06,,0,0,68
openmoji:1F55C,openmoji,1F55C,one-thirty,time,clean,https://cdn.jsdelivr.net/npm/openmoji@17.0.0/color/svg/1F55C.svg,82450ef5d15b9109ef49a9486f4e141d6855f30d,ffe479c2e8d726be79be104e7477f20b4eb67295,3564166be201e3a2fb7f1614be070a4c66342736,bcdfdf3ab932687a0a377aee6ca2d661b9a4e48b,,0,0,
twemoji:1F55C,twemoji,1F55C,one-thirty,time,clean,https://cdn.jsdelivr.net/gh/jdecked/twemoji@17.0.3/assets/svg/1f55c.svg,85c3d41cb81da23285cc94a50a882fdbdb6d8140,9623c2a12b994558223bf501dfe9c62c1b79a587,7bb8cf0fe458e2358cbd3cfe0c28bdd07eae71f0,27a565df72426a198199169d2f4ed4fc6e68a380,,0,0,12
fluent:1F55C,fluent,1F55C,one-thirty,time,clean,https://cdn.jsdelivr.net/npm/@lobehub/fluent-emoji-flat@1.1.0/assets/1f55c.svg,33a218c06f41d890b0f51bd305644c80bd69522f,134e7fa157d9cdda910c3c59b833c8ec2cb16b8a,60e5c29155827a85d5423b1286dc3ea794544c27,19367bc3ad0c031a3642d7e4b2565fe804ab7fca,,0,0,
openmoji:1F551,openmoji,1F551,two o’clock,time,clean,https://cdn.jsdelivr.net/npm/openmoji@17.0.0/color/svg/1F551.svg,a5e24451fc2d7db7147661efad0c8975597c01f7,321abaff52427eefa855cb668896cebca390c810,c2d2befa9cdc63d3aad3b45549e8308e0a3cbf36,ba2193a0cc1cb14029507f6dcc247f14e0dbb366,,0,0,
twemoji:1F551,twemoji,1F551,two o’clock,time,clean,https://cdn.jsdelivr.net/gh/jdecked/twemoji@17.0.3/assets/svg/1f551.svg,05d878503f6169e9ad7979f639beab567a69f927,31d00f7e243a66712410435842841ae0e4cfe446,0c3dea9803e514b3019651cff909c929a485741e,16545216d012f90ab39454ae726fa2acfe84c4c4,,0,0,
fluent:1F551,fluent,1F551,two o’clock,time,clean,https://cdn.jsdelivr.net/npm/@lobehub/fluent-emoji-flat@1.1.0/assets/1f551.svg,a5e5d259bbe4f47397cf96c9f043fe09dbb95a21,5751ddc64bedb4705f7abf5f504d7a7aae0c83e2,645153eb619262ad4883b6095c1df65d24cdae78,cf3ddabf2b873fb47cb179c1da42b0711fb15e26,,0,0,124
openmoji:1F553,openmoji,1F553,four o’clock,time,clean,https://cdn.jsdelivr.net/npm/openmoji@17.0.0/color/svg/1F553.svg,02a325fa0044e7e5ffc293c7c0be5ad41ce1275a,b05a3c91df1cebf623caa399195a09fc5c66a2fc,8d28ac6cf60a7b87f141c40d3e043673c4904e36,f04d7b6ed7835accced4004098379e251a8aef19,,0,0,
twemoji:1F553,twemoji,1F553,four o’clock,time,clean,https://cdn.jsdelivr.net/gh/jdecked/twemoji@17.0.3/assets/svg/1f553.svg,13ec3f296ac0d4a1851f5252426bba3f73c9f778,36eb70b1d91718c7fed6a3e2246e551fdbe34a0d,811cd9eb7b12e28bffe5a56fe18fe511d888976e,5c46b0866e91da57b74288ab0e2188cd8e3986f2,,0,0,
fluent:1F553,fluent,1F553,four o’clock,time,clean,https://cdn.jsdelivr.net/npm/@lobehub/fluent-emoji-flat@1.1.0/assets/1f553.svg,b90ed74b65967b9dee28f70ead8cee10be4c456b,b2bc97e20020fe785f90128b119964160a307739,13f3666f98f6792c3c698a4f0a5a14a90ce9c3b1,bbb46ea55d8eac0c720070df09f017c30e06cdf6,,0,0,
openmoji:1F560,openmoji,1F560,five-thirty,time,clean,https://cdn.jsdelivr.net/npm/openmoji@17.0.0/color/svg/1F560.svg,f33ba392db8de75a7f65da7fb70d18689ba72d79,ff3ef3e71ab35f65533f6abc5784ddb65d792284,f763d15593eb1f1aed2cdbdea392376d61caa3f6,2ce98da60aaf1db3973b057f8386361df2baf140,,0,1,
twemoji:1F560,twemoji,1F560,five-thirty,time,clean,https://cdn.jsdelivr.net/gh/jdecked/twemoji@17.0.3/assets/svg/1f560.svg,cfdce15d77765843707f1635f78de79aebd105ff,0ba86818517a7b33018ea498388c951d2f838f1f,6fa429425382d79b903c4cdf2a759210d3cda28b,c981c7738a5ea0cb9b9d54c79e231ee95822b6c0,,0,1,
fluent:1F560,fluent,1F560,five-thirty,time,clean,https://cdn.jsdelivr.net/npm/@lobehub/fluent-emoji-flat@1.1.0/assets/1f560.svg,ed3f852fe98515d8de4205aaf01182abd2fc5b2d,7bee1dfcc73f4a76f22419cacf01b81a7e091f8d,3d040789ff365a9bdf1893e49eadfb53658e6018,ebb0b39c470084308bf33c6a19472c0b8d972471,,0,1,82
twemoji:1F555,twemoji,1F555,six o’clock,time,clean,https://cdn.jsdelivr.net/gh/jdecked/twemoji@17.0.3/assets/svg/1f555.svg,a5917ab588d2452b30837420814db649ea629e2d,a25b00b549994399a3394ee1e5c179785a0acff2,89fae8c51f229b4d824b4c14b8521152e1e0a5b0,794f4d32eed10e6081d1b94e146d353cbe5be52f,,0,1,40
fluent:1F555,fluent,1F555,six o’clock,time,clean,https://cdn.jsdelivr.net/npm/@lobehub/fluent-emoji-flat@1.1.0/assets/1f555.svg,ac3f56be38d80598ea8d1bbf5fce6f73fb990c02,212509018a771ad2d2427eac9c25d002c391d7db,f3eb6f539a75f0ba4e8b021e450c0234c1a932dc,2408cd54967ae091962985ba4bd715b9adbbcba1,,0,1,
twemoji:1F561,twemoji,1F561,six-thirty,time,clean,https://cdn.jsdelivr.net/gh/jdecked/twemoji@17.0.3/assets/svg/1f561.svg,48d4e7f8264fc508b29d975945cf935797baa886,f249ac262b890717e7b6e72ec567d22033504b93,77681fd40e5aa9fc05ad718dd63831ffbfc04131,5d383a1f66078b23f74ebb5279b3f4b66a2ff014,,0,0,
fluent:1F561,fluent,1F561,six-thirty,time,clean,https://cdn.jsdelivr.net/npm/@lobehub/fluent-emoji-flat@1.1.0/assets/1f561.svg,ebf99ff2ec6f8f0bc5b96f220e7ef926fa26538b,12f9690ac0e6ff3591d6a202968c6ee827213f6a,81a46b60ea1556ef54407013b457371f431ef4be,50309ed6857004318a6c823c278f8c816909caab,,0,0,152
openmoji:1F562,openmoji,1F562,seven-thirty,time,clean,https://cdn.jsdelivr.net/npm/openmoji@17.0.0/color/svg/1F562.svg,886c80f61cb931ae6c7860f426b458c6f35a1a1c,8d0a9844ab229f663aba70da89d9f0952b492510,db2dce3868bda0998483e41da6725b20e8e3d8d3,8cc87a7e0e2c0b95f95552259100ca323b5bedbd,,0,0,
twemoji:1F562,twemoji,1F562,seven-thirty,time,clean,https://cdn.jsdelivr.net/gh/jdecked/twemoji@17.0.3/assets/svg/1f562.svg,c6788f1d85cc2cb51b2ebf6487838f59f1c5d89f,97393eebdd8a7376bcf5e4587ff1a51a0919f053,99214b465cb418e02dbcbedd256ee3bd9576bb48,23996cbc4d145ccc9dc38f88bdb4cdfa29cbc711,,0,0,
fluent:1F562,fluent,1F562,seven-thirty,time,clean,https://cdn.jsdelivr.net/npm/@lobehub/fluent-emoji-flat@1.1.0/assets/1f562.svg,ded167bc1c654eafd0f980e6a4528c721efcf4d7,c36166ca65c030a48f4dabd867c7d6b5ec37150d,a8d7a03dfd2a4b4181739037cb65f1f0456b019d,15d8c27d79ac092884bb6b61541fad4b85e226f2,,0,0,
openmoji:1F563,openmoji,1F563,eight-thirty,time,clean,https://cdn.jsdelivr.net/npm/openmoji@17.0.0/color/svg/1F563.svg,754aa0dab070b2008038060980eae7f1517c4e93,3b9e9e4ddb363a9fd4c2e7d9c64db913de8ed56a,8c182a2fddb04b9b1caed36e3b7e53fa3f1d0f98,240742a7dd08b269014ddd6e190a02a5ce5b0846,,0,1,
twemoji:1F563,twemoji,1F563,eight-thirty,time,clean,https://cdn.jsdelivr.net/gh/jdecked/twemoji@17.0.3/assets/svg/1f563.svg,e4bca80c4fb5e3adf9490f3388f1aaca08f0a072,0978b995f944ba77f1a0834c33d1259e1a4b52a9,5c07a8fbf8d9a296111c483e41e7baf9629d033a,1a7b13974d66426950250c53ac8099db06256a84,,0,1,
fluent:1F563,fluent,1F563,eight-thirty,time,clean,https://cdn.jsdelivr.net/npm/@lobehub/fluent-emoji-flat@1.1.0/assets/1f563.svg,fe16bc7e7c4f39ba9e22389bb4acf5e6642522b6,8ba16ce137a9ee3c230256c888003bb0c514d068,23f1f6efe9c84b622002953d6eef7e9c1a55992b,9f7a38fde8a3a8d6415860e9916ac1029ed416f1,,0,1,
twemoji:1F564,twemoji,1F564,nine-thirty,time,clean,https://cdn.jsdelivr.net/gh/jdecked/twemoji@17.0.3/assets/svg/1f564.svg,b8eefa0e8999cf29441e4aa687e1125cfee99c48,981acfbd2a959f441dc04e5bf1227d3326c05b02,782b5e67a36797885f7e0c17a8258aaea5e5841c,8203fca5d46c66c4d04db392ff09c7caf8134f00,,0,0,138
fluent:1F564,fluent,1F564,nine-thirty,time,clean,https://cdn.jsdelivr.net/npm/@lobehub/fluent-emoji-flat@1.1.0/assets/1f564.svg,34cea9ac92f9cfb6192461127b459d15c70008f1,f0f0c2d3d1b20be575ab836a742d206050a008e8,6c79872cc714228c805c5884e405e518bcefad49,0822258e2c8277bcb1931ec4ab7b3a17da8a36fe,,0,0,
twemoji:1F559,twemoji,1F559,ten o’clock,time,clean,https://cdn.jsdelivr.net/gh/jdecked/twemoji@17.0.3/assets/svg/1f559.svg,ac48629b500f98c9bda5698cd416b474da7836da,c7251770638758bb6663c00a0d1e9422202247d6,93d0041a84e2d22fa0d101bd925d25dcf1aee665,f2851d54cbd7aeb4b63b552c75cba46c96e8521e,,0,0,
fluent:1F559,fluent,1F559,ten o’clock,time,clean,https://cdn.jsdelivr.net/npm/@lobehub/fluent-emoji-flat@1.1.0/assets/1f559.svg,5891bed25281d4d4cfa3149301329a92d359e78c,82d5cf9a135d505fa9da4d79f682d7925f191b20,8284c9c4fba76e7dd0be26e46f1807a84ab46ec0,35dcaeaaf5de3f102100c235142e64dd14d73da4,,0,0,
openmoji:1F311,openmoji,1F311,new moon,sky-weather,clean,https://cdn.jsdelivr.net/npm/openmoji@17.0.0/color/svg/1F311.svg,3210004585367e6ece91111f99193cb7a32074bc,21ce422a44ee56127f375eab0edae7418156f4a0,3d702a07744ee40c10a1ac521c667685d38c77f2,1e1c2d0fb1c85469cf246a2a507dee6ba03c7023,,1,0,104
twemoji:1F311,twemoji,1F311,new moon,sky-weather,clean,https://cdn.jsdelivr.net/gh/jdecked/twemoji@17.0.3/assets/svg/1f311.svg,c8ebf6fdec56687cc6df4d324541067605088e04,3490f0cc43a5083182cb8f00ce3b380e9db09fee,bb6c6db46fdc6cf01ae26aae5589de4793f83d74,3624ac13d3bdbefab63ee9fceec9cc2466164d47,,1,0,
fluent:1F311,fluent,1F311,new moon,sky-weather,clean,https://cdn.jsdelivr.net/npm/@lobehub/fluent-emoji-flat@1.1.0/assets/1f311.svg,1fb119bb0b8393e4fb041c8bea061c52f52811d4,eb1f158a92428bc657ac0b3b18a7586f03f37fe5,5810eadc53e25ff978b926c450a0e01c363807f0,de37e0fe85662379447d7e4f7299ac5a4da37e94,,1,0,
twemoji:1F316,twemoji,1F316,waning gibbous moon,sky-weather,clean,https://cdn.jsdelivr.net/gh/jdecked/twemoji@17.0.3/assets/svg/1f316.svg,e17662b9db85bd7e7c7587323bf26c63773171b6,1ffb32e3a7cdd0d0a27dde41089a1e98e273b14c,64481fde482205bda04a916f94c8437981b55deb,dbdba5eaef58b1a020291f60803bfd0e17b55fc5,,0,0,
fluent:1F316,fluent,1F316,waning gibbous moon,sky-weather,clean,https://cdn.jsdelivr.net/npm/@lobehub/fluent-emoji-flat@1.1.0/assets/1f316.svg,fa1707971f333a6e951ee9dfea5df609dc82be6c,cfea41bbdacced8231e1cdb3898dbcac2cffa995,c0e53b9b64f3dfecd25e515718d0e8ea521d0d79,d47a8f011b70a7cd7d6d13182243ed3bd53eea66,,0,0,62
openmoji:1F317,openmoji,1F317,last quarter moon,sky-weather,clean,https://cdn.jsdelivr.net/npm/openmoji@17.0.0/color/svg/1F317.svg,93723e46e86d85115de9b9984ab66cddb29eb22c,5dda37d74012249cf7572fc5dd8f27014356337a,871bffb195b71dcff72b7072c7bc13c90944837f,2b0ca9309375126bbbb45c6d7abfb92b10264cf1,,0,0,
twemoji:1F317,twemoji,1F317,last quarter moon,sky-weather,clean,https://cdn.jsdelivr.net/gh/jdecked/twemoji@17.0.3/assets/svg/1f317.svg,4244a5edeb3d0d1841cc75c3ec44730f5f19d02b,47dba5883c8268ee39803d1a04a1deff332e34eb,c062c85336da3a5fc649219de2fc3574cb4f1425,b20f5a55fcfe8da554852be2b317e0f8f75eef4a,,0,0,
fluent:1F317,fluent,1F317,last quarter moon,sky-weather,clean,https://cdn.jsdelivr.net/npm/@lobehub/fluent-emoji-flat@1.1.0/assets/1f317.svg,069fa811a38d9e20547f81d9fe0138b5d01366f1,6731f5d6e56eab5c0b00bfff56b49c08f05f414a,c77f40f21f4b8c37434094ff92e15472447e2f1e,434aebc3d7ae5746b031200b2f4b91f2713a32a8,,0,0,
openmoji:1F319,openmoji,1F319,crescent moon,sky-weather,clean,https://cdn.jsdelivr.net/npm/openmoji@17.0.0/color/svg/1F319.svg,d04bc844eb9e62852f00b45cb02b71d74994483b,62119ffee123bb8e8c7df0f5b712cb4a3fec83c8,839f349b5c22aa421ebff27e04ce41727bbfad49,847bd5a8a5bc2eba212e17e676cc62f1b987f71f,,0,0,
twemoji:1F319,twemoji,1F319,crescent moon,sky-weather,clean,https://cdn.jsdelivr.net/gh/jdecked/twemoji@17.0.3/assets/svg/1f319.svg,003dc4fcc310a3464db0fe982665597f65a0116b,2fea261c166055448675201b2c9a8f30e64af96c,338e346bea87a7486e02dffd0bbad39f166bbe31,2480e74e760a3dbb501c948d07d190be2cf7ba2b,,0,0,
fluent:1F319,fluent,1F319,crescent moon,sky-weather,clean,https://cdn.jsdelivr.net/npm/@lobehub/fluent-emoji-flat@1.1.0/assets/1f319.svg,5bc1ee3dacea12ddb127abadac9a4912f83b4c9d,c40f7d58de420670298f3c587b9e1bbede1aa58c,4ef87b686814a19502b1d47f915aafc7ed348347,cace8db40aab9f3dc00a8472a9c5d30832859deb,,0,0,6
openmoji:1F31A,openmoji,1F31A,new moon face,sky-weather,clean,https://cdn.jsdelivr.net/npm/openmoji@17.0.0/color/svg/1F31A.svg,00c8711a793950e3384cc6d4c11acb07cb84fc67,987675b8843d1e408e72e7202afde06656344841,15c67f6a959491f83b31dcb3e81aaa6d47844777,2e5aaf96e0db4e9a46d9d1771c492cd6777285b2,,1,0,
twemoji:1F31A,twemoji,1F31A,new moon face,sky-weather,clean,https://cdn.jsdelivr.net/gh/jdecked/twemoji@17.0.3/assets/svg/1f31a.svg,49cfded186964928945cbe2617a59de67f24969c,06a7ba14d47b6f7eae72d752a3d7c52fc7363d48,c9d7e5f5e095786651cdead6a6b5d94d74eb157a,00714922e78d0dc9cc23a5d958f7c6cab93ec6b4,,1,0,
fluent:1F31A,fluent,1F31A,new moon face,sky-weather,clean,https://cdn.jsdelivr.net/npm/@lobehub/fluent-emoji-flat@1.1.0/assets/1f31a.svg,17c3875789314547c4226a96fab5aa88be6a6f55,6b704cb82687951a212c55d9ec2e5ad56d193ff3,8233a125e3a0473d0e9792c9df2197bcf92c5237,332e8b02a788ab25e50ff3cb77c267abc9d9faa6,,1,0,
openmoji:1F31B,openmoji,1F31B,first quarter moon face,sky-weather,clean,https://cdn.jsdelivr.net/npm/openmoji@17.0.0/color/svg/1F31B.svg,ae9d75562670c30a4be8dd602a3866908ddb3d5d,a68faa58d5d080f6d9e5e3d399d6e4c68213f79c,fab3a3a3c27b373b4ac8bbf103e8894882679e6c,d5bacf57fe670f63af1e5cabaf9d128990a454cc,,0,0,
twemoji:1F31B,twemoji,1F31B,first quarter moon face,sky-weather,clean,https://cdn.jsdelivr.net/gh/jdecked/twemoji@17.0.3/assets/svg/1f31b.svg,39b3122f688d924c67ebd88c892caec53ee1a2de,f6af8c3188c23bf5ace60b80ec99b6cbeef9f801,c01194901c991f15e9368f4f2a0faba7c0458fa7,72ddd6e409b6bdd1a467d3b79203fbbe4ed4491d,,0,0,
fluent:1F31B,fluent,1F31B,first quarter moon face,sky-weather,clean,https://cdn.jsdelivr.net/npm/@lobehub/fluent-emoji-flat@1.1.0/assets/1f31b.svg,22c3cddc539b1636828225228fb1b69a13ac0f1f,ba03fa10b469d13f48237148ce887868425b4d8a,70addacb6a320eea5517149ed2a761cebbdbbb4e,fe892903789cff746d0463b254126f86eb1033db,,0,0,48
openmoji:1F321,openmoji,1F321,thermometer,sky-weather,clean,https://cdn.jsdelivr.net/npm/openmoji@17.0.0/color/svg/1F321.svg,43d97d81f5ce0052190264a1088641c56e02f4de,297b1871f2289a36c41faadaf769167b20260863,fdca4dbcc49cd7330a86c352803c4d5076ea2fed,79a4a375d0bb5cc8f0387e76cc09f0662e945314,,0,0,
twemoji:1F321,twemoji,1F321,thermometer,sky-weather,clean,https://cdn.jsdelivr.net/gh/jdecked/twemoji@17.0.3/assets/svg/1f321.svg,3b5cafd472934e133d91cf58854fa3169f80c1b4,df93c0e5fc7572fbfb02b7d88884b2a8594a3f5a,ec99349ea524eeaf9f57fb06bcbea85cdd224f98,545102e25604594076c52c5b5e98f16cd44e1e0e,,0,0,
openmoji:2600,openmoji,2600,sun,sky-weather,clean,https://cdn.jsdelivr.net/npm/openmoji@17.0.0/color/svg/2600.svg,cf501ef66bc5212ebde37406cb4b325522e04ff6,05ad9c6d0b07499b9b0c65162dd03fe120209636,1efd8ec507608702f4c309a5a0159bb51a9558e7,5161265b9e7717d3908c4b38ac76772d849f5469,,1,0,
twemoji:2600,twemoji,2600,sun,sky-weather,clean,https://cdn.jsdelivr.net/gh/jdecked/twemoji@17.0.3/assets/svg/2600.svg,cd95cfa3c4a26e20990e494bb5d9ad9518a73290,e6f6624ed3672d80fd8ee3217ca83c68ee7bb700,b9fc997aec933366775b5202e9c31daa425ed6ef,34c321c91e5cd9ff2eec524f9bae90b71c80c92c,,1,0,34
openmoji:1F31D,openmoji,1F31D,full moon face,sky-weather,clean,https://cdn.jsdelivr.net/npm/openmoji@17.0.0/color/svg/1F31D.svg,e64ebb8cf9d53030e2b8b93b6805efe5b55b3f2b,31a8466db52cd0dc5a34eda71e47c1ef62a00ff7,f5d046b893d775697b440e8c3d34a4ccceba7bb3,6d4bc0809809c08dad8e13bce32305733ecf3d08,,0,0,
twemoji:1F31D,twemoji,1F31D,full moon face,sky-weather,clean,https://cdn.jsdelivr.net/gh/jdecked/twemoji@17.0.3/assets/svg/1f31d.svg,9f3f9a899b83c01c43bd217205d716915cb4bc0c,59602659cde97ee17c4c96d7805efcff3818ef38,1a5e91ed8fe0bdf12cf12b0dd54013be010a352c,0e248b09072117b65d7eb85e8eeeaf6e57f792ec,,0,0,
fluent:1F31D,fluent,1F31D,full moon face,sky-weather,clean,https://cdn.jsdelivr.net/npm/@lobehub/fluent-emoji-flat@1.1.0/assets/1f31d.svg,9b561957726e433951e84a80d696dffcb741d08d,6b704cb82687951a212c55d9ec2e5ad56d193ff3,2a85e4aa37072852fb4112a4f9a54d978aad386b,a161cc76b86d638df1be456992f9ef32abadd74a,,0,0,
twemoji:1F31E,twemoji,1F31E,sun with face,sky-weather,clean,https://cdn.jsdelivr.net/gh/jdecked/twemoji@17.0.3/assets/svg/1f31e.svg,be75b2f284634a7326ff27a03b06af060ee41afc,d0ecdc768569f5c9329276fa3ebb8d87718a63f6,90b754f080782999703ee655b6e532ba0cfdce9a,9b645c037cade92f80e59882b41eb812f6b7259d,,1,0,
fluent:1F31E,fluent,1F31E,sun with face,sky-weather,clean,https://cdn.jsdelivr.net/npm/@lobehub/fluent-emoji-flat@1.1.0/assets/1f31e.svg,ccfae97e1509f95813710fbb59b4ecf024c16160,afaebfa2ec5972465013d4c853a7e1e2cb2c47e4,8b97c51ead80f59f399a25b71ca7212e636fa7fa,d33f301bddad7f4ef79ede3afa13017cfe8e01b1,,1,0,
twemoji:1FA90,twemoji,1FA90,ringed planet,sky-weather,clean,https://cdn.jsdelivr.net/gh/jdecked/twemoji@17.0.3/assets/svg/1fa90.svg,362affff37687743c1daecad1f5bcf4cd6380748,41d1a5370c01c38831c1a8a5af6659d7ebd1b72a,206c4c6b0c99013c6216158407fca21d866950c8,9ed9fe241a0c73204c48da109980f77c86dff863,,1,1,
fluent:1FA90,fluent,1FA90,ringed planet,sky-weather,clean,https://cdn.jsdelivr.net/npm/@lobehub/fluent-emoji-flat@1.1.0/assets/1fa90.svg,4e567791518a1440fef159e975b63661eb4ac20c,fbcaae6816b908d2aac75edc07dcbf6944b8a754,01130e626bb3cbbfd416da30f99fff8ab7e0143a,bf2288d4e6cdad3bcefe993b9579509732b16654,,1,1,
openmoji:2B50,openmoji,2B50,star,sky-weather,clean,https://cdn.jsdelivr.net/npm/openmoji@17.0.0/color/svg/2B50.svg,12727bd627d3022411bf5e66894a8c97e4b2fe08,a1e6362cb2e082a2026cd1120243151899ca57c7,8e1145087202c80348d52a8dd0511a9f00ebb779,29f23e8443391fb9d2e0332969b015e72efb45e2,,1,0,
twemoji:2B50,twemoji,2B50,star,sky-weather,clean,https://cdn.jsdelivr.net/gh/jdecked/twemoji@17.0.3/assets/svg/2b50.svg,207b6742429e8d88c5e5439d1fd5515aaddd8ec7,132e5e72aa5a22f82fcf22126fcc33494b56ca62,dedc30946355636def581c2f7cb27a928635472b,7d30010e1f06abec1a5c1bc184b41b773fc74a32,,1,0,
fluent:2B50,fluent,2B50,star,sky-weather,clean,https://cdn.jsdelivr.net/npm/@lobehub/fluent-emoji-flat@1.1.0/assets/2b50.svg,4d4c34b3974f295665b3ea80f23d407145dbe433,872cd86f18735cdbb0d984058479d9c026b02e52,8d42da9d739fb2427c3cb52f878947c9c047c302,6d5fef90e4124c9cd9215036b267d4022f09dd20,,1,0,
openmoji:1F31F,openmoji,1F31F,glowing star,sky-weather,clean,https://cdn.jsdelivr.net/npm/openmoji@17.0.0/color/svg/1F31F.svg,df257eee8a7c783bd0a95d0bcccb8c11cfb15fbd,97de8a3470ee76bd98b8fdef134ba5277b24b1f7,0c566ee834104f7f9fcd3a481b2b3a7822572392,04a1b50c7e3db4ba583721c290e3b5123c972698,,0,1,
twemoji:1F31F,twemoji,1F31F,glowing star,sky-weather,clean,https://cdn.jsdelivr.net/gh/jdecked/twemoji@17.0.3/assets/svg/1f31f.svg,f9ebc985df053fae67556374095af306ee2903c8,0d1126f7f89748d5e0ddc2aa95693ac969bdfb8c,7f6aa11ba9e4fe37825f4aaeb6e6b3e6326d2d1e,b93f110c2c1a0b0713bbb76214d7690bb33e9131,,0,1,
fluent:1F31F,fluent,1F31F,glowing star,sky-weather,clean,https://cdn.jsdelivr.net/npm/@lobehub/fluent-emoji-flat@1.1.0/assets/1f31f.svg,d2cf1df3f7f2dcfc0259f846e5165bb949871bfc,7d89b4edea9f226fcdd3c797c519719233710dbd,d0ddb7c618df6d93d07928fdde054ae8382c3911,aeb9c69adf3153be958f8554650892f41f577222,,0,1,174
openmoji:1F320,openmoji,1F320,shooting star,sky-weather,clean,https://cdn.jsdelivr.net/npm/openmoji@17.0.0/color/svg/1F320.svg,ecf0c25e7cd081a4ff1a3fa80c5fb17785097bee,b4454b6df0554c764038bd29aaf6a6ad2bedbc22,7b5db63b2bdc863cd84f2d7461461dd0cca9a41c,9efaaacc70213d38b286927ea64c268db45fb5b4,,0,1,
twemoji:1F320,twemoji,1F320,shooting star,sky-weather,clean,https://cdn.jsdelivr.net/gh/jdecked/twemoji@17.0.3/assets/svg/1f320.svg,6fd7624ad3ace5158c850c2568147a50315df14a,19e9441540a0601f388206341cee31cd535207fa,9c4a63ec9597d8cbc7048eb777dcb9eecfdf04d3,03c120e1b970f548d1ba5432ccb67b13b8a8734a,,0,1,
fluent:1F320,fluent,1F320,shooting star,sky-weather,clean,https://cdn.jsdelivr.net/npm/@lobehub/fluent-emoji-flat@1.1.0/assets/1f320.svg,eff662c3cf17c76a6eb2c5f412579d0f0c365377,cbe6e5449addaacaa3495a338f6923969fed979e,2ce9135eb39e20dbfeced2e658ab82ac7441b167,905545e9a926c3a83ba7b35d1accd6149fffd0ef,,0,1,
openmoji:1F30C,openmoji,1F30C,milky way,sky-weather,clean,https://cdn.jsdelivr.net/npm/openmoji@17.0.0/color/svg/1F30C.svg,45a85dded044bd248c61cd5884ec78a94901ed07,72abf41e44a391385b4272ce3d7d67ebcdca963c,8eeef4f3136dbda64b79e8843172c8a1026f3970,6fdde43ff97e2b7039dbc0e276577043813dd19a,,1,1,
twemoji:1F30C,twemoji,1F30C,milky way,sky-weather,clean,https://cdn.jsdelivr.net/gh/jdecked/twemoji@17.0.3/assets/svg/1f30c.svg,371a3be3d16d54680c0f9768fdb338882d94c0b4,205a5937f42bc21a12ee84cadaab77d04621c4a1,e9a9775c1941e35058c8a78ce924371cb4109b4f,2431da618b3cf30609969e5c49ff7e43ae0ed193,,1,1,
fluent:1F30C,fluent,1F30C,milky way,sky-weather,clean,https://cdn.jsdelivr.net/npm/@lobehub/fluent-emoji-flat@1.1.0/assets/1f30c.svg,3bc3d7659ecb7e3d04e6326d5cde2c25043bb7a2,3ecf5cb87b567b61e478ec0a848da759ef08ea29,947e7482eccfeefd053b52ea3e2d220bd75b6b04,76f319ff846b97164dd0dd03ee33c424ffdbdb5e,,1,1,
openmoji:2601,openmoji,2601,cloud,sky-weather,clean,https://cdn.jsdelivr.net/npm/openmoji@17.0.0/color/svg/2601.svg,f550e162cf96fdd0db1280409a2401964781f7d9,9c9464b89a29f7d9f6999abcefb96e0ad862ed47,f4749abadf2fc039bc4360635962ecafc7c20440,c5a91fa15fed0f1d42cae7bc2b158040edec0600,,1,0,
twemoji:2601,twemoji,2601,cloud,sky-weather,clean,https://cdn.jsdelivr.net/gh/jdecked/twemoji@17.0.3/assets/svg/2601.svg,5c29969e1c64dc06b2d59cd36f3bdb4fd81a03b7,2942cc0794273259dcba0564c3a26f9a344e6b90,5a49f431efaa562d973113c16aea717e39c089df,9d0099e42357ff2c68b4473086c13bb056ae8504,,1,0,
openmoji:26C5,openmoji,26C5,sun behind cloud,sky-weather,clean,https://cdn.jsdelivr.net/npm/openmoji@17.0.0/color/svg/26C5.svg,3bc2b109ab42f5df407f8504075a80228d52a0a4,376e7f44c01c9862362006d89c927d0f216c8ad8,6ad0613abfa193af2d7070ebc9a6554190a02781,721d7b8b654d82392b4c406b3d88d36e288f1e15,,1,0,
twemoji:26C5,twemoji,26C5,sun behind cloud,sky-weather,clean,https://cdn.jsdelivr.net/gh/jdecked/twemoji@17.0.3/assets/svg/26c5.svg,7755d5cfc5ee753bbd2c0f3d2e718b306ab51832,13f38b6e5782e35f2986b85fb67a4dee64a0c397,fc377e2c274d16cdb3b5448a126dd1cd06f44d0b,3dad03ec083a005a551cbd52a7cadaa3f379fa3b,,1,0,118
fluent:26C5,fluent,26C5,sun behind cloud,sky-weather,clean,https://cdn.jsdelivr.net/npm/@lobehub/fluent-emoji-flat@1.1.0/assets/26c5.svg,5a2b88a656f029bc993cbe62cd636fdcaaa02fd3,1ae54250c7a6eb602b13df1a2fde8ae7180b8536,10ec5516a583c92d78ffdbde2b5bf5e4ad7ed45c,f1870e32db0b8af0ca22d0f66c9205d24dff86a0,,1,0,
openmoji:1F324,openmoji,1F324,sun behind small cloud,sky-weather,clean,https://cdn.jsdelivr.net/npm/openmoji@17.0.0/color/svg/1F324.svg,2517929b016b79657c3c4e8a515dcd21c0cc668f,a28b4a0cdb4b4235b2084013809e59c2d0ff1e3f,35939ab73ca85efd884b47a4975690b874399878,f687a460fb4ed6acca29226b04e3831c1f275e3e,,0,0,
twemoji:1F324,twemoji,1F324,sun behind small cloud,sky-weather,clean,https://cdn.jsdelivr.net/gh/jdecked/twemoji@17.0.3/assets/svg/1f324.svg,4ef66806e659ad2888ed253ffdc55c39b392fcbf,89780fabb4f9babd0bdae3f4246c8d2dfdc90118,6d8c2a62f9c80631139b43938b143b28bf12a406,2692a88a97a1a704aad80610e51a0b70095865b0,,0,0,
openmoji:1F325,openmoji,1F325,sun behind large cloud,sky-weather,clean,https://cdn.jsdelivr.net/npm/openmoji@17.0.0/color/svg/1F325.svg,8c797293acacac55e2497562d567e2fa52ee40b6,3b6a542b9536349ac42446e6517559f237459e0b,bc08bde48a0ea982f85af6e075127a987172dbc0,1cc215325f65e01fd2b54f329241127d44ea2ab1,,1,0,
twemoji:1F325,twemoji,1F325,sun behind large cloud,sky-weather,clean,https://cdn.jsdelivr.net/gh/jdecked/twemoji@17.0.3/assets/svg/1f325.svg,289f58e621a7fb15814d39435f876d02016d47e8,9cb7b3916517fb2b30e4a94f8a3092cf2f5854b2,bc201765945a624b0dee5ba981bebc2dfa8fc419,241f1db7ec786d284940540c21c1b22e3549f45d,,1,0,
twemoji:1F326,twemoji,1F326,sun behind rain cloud,sky-weather,clean,https://cdn.jsdelivr.net/gh/jdecked/twemoji@17.0.3/assets/svg/1f326.svg,c657266214a508e66a259922d5132fe6075fa99c,4c998dea49c6255afded00a5f70accbdc70614b2,3abd9fc44e7206ef53061e213b5f595517426ee4,e101d064be3b6690bff864305cce871115859db0,,1,1,
openmoji:1F327,openmoji,1F327,cloud with rain,sky-weather,clean,https://cdn.jsdelivr.net/npm/openmoji@17.0.0/color/svg/1F327.svg,a35a2ecdc0fe8b73e718b9d652812e665f6ff628,d763511c3e50b81ba2bb39a439ccaee53388fdd1,f429ee54be5fade880410f1fea366bb52ec5171a,31f215a3555aae59f2ddd99133d8c025398a0808,,0,1,
twemoji:1F327,twemoji,1F327,cloud with rain,sky-weather,clean,https://cdn.jsdelivr.net/gh/jdecked/twemoji@17.0.3/assets/svg/1f327.svg,77c86e571434c0bc612cb019b77887b000944a3e,0aedd30edaa3e6a27e8a8126e5bb674dfe92d6fd,432e9fa901346bf59535817b884b806e59b1af6c,e089e3f538d26898d2de06aa362daf9bf14ff01b,,0,1,
openmoji:1F328,openmoji,1F328,cloud with snow,sky-weather,clean,https://cdn.jsdelivr.net/npm/openmoji@17.0.0/color/svg/1F328.svg,60bf9c5eab35a19d544d432f1e489216b594bf27,fb939ebf72019a0eee1168297020b39001631dea,2999edc357fee19e05c04839783d2bdab959864d,d38b2973d1ecb63beba7bb3b507d59944bd44414,,0,1,
twemoji:1F328,twemoji,1F328,cloud with snow,sky-weather,clean,https://cdn.jsdelivr.net/gh/jdecked/twemoji@17.0.3/assets/svg/1f328.svg,057bd193529833e343602ed5be955a323f2eb66e,3c9633ba5418e2e39231118b16fdaf328890630d,0cf664165e8a5be715aaca1f94b92466d1e4aece,9057c27008826ce5f97505ff3015b53acfc04787,,0,1,
openmoji:1F329,openmoji,1F329,cloud with lightning,sky-weather,clean,https://cdn.jsdelivr.net/npm/openmoji@17.0.0/color/svg/1F329.svg,1874b953aa7762bab15eda1d7abc3b7b57003fb5,66e76721a42c7dde27c9b6ec8a795aefc8e8c446,f96aeecc94d5d61aa258f4da7880216cc0cb27b2,aabdbcd3a30aa75cba6254ee106d2aab6d78cd96,,0,1,160
twemoji:1F329,twemoji,1F329,cloud with lightning,sky-weather,clean,https://cdn.jsdelivr.net/gh/jdecked/twemoji@17.0.3/assets/svg/1f329.svg,0a1df8563c240b2fc5f8f90217e327815fbc47fd,ead85c04e4ae0ef0b65747e701e40ba89dd9698e,7151338aa8474a15429141cee54fcfe4da4a99f1,c61260f462957fd9bcc04696fd9097e7181b785c,,0,1,
openmoji:1F32A,openmoji,1F32A,tornado,sky-weather,clean,https://cdn.jsdelivr.net/npm/openmoji@17.0.0/color/svg/1F32A.svg,8c5a55cdd38258060daead7f3d6143a250e2653c,5856ccfba933762d09509f5d30593e3b3dca760d,6e99753ce7e1149e3a453fb50442656f5d3d7636,6cd29992b762beb3edc130417fd18cffe68362fc,,0,1,
twemoji:1F32A,twemoji,1F32A,tornado,sky-weather,clean,https://cdn.jsdelivr.net/gh/jdecked/twemoji@17.0.3/assets/svg/1f32a.svg,3d25bdb26170dc42ebe14c31abe29d1538b28e48,ef28e6bb796e5d08284da51a136b09f1c96e29d3,05cfb08fc2e0c0867ab2b0bf7ec3202a2bea4c36,d7e259eb30cf9126b58ecf836505c72c51b0759d,,0,1,
openmoji:1F32B,openmoji,1F32B,fog,sky-weather,clean,https://cdn.jsdelivr.net/npm/openmoji@17.0.0/color/svg/1F32B.svg,71fe6f51fcdf8c5ab10ad689f4196f43c4e3414f,aaf8ccdcafe3f5b122816432c0d8592d6b230c37,81c48c55ec65c091ff61dee4df357ab9b3343e54,cb39326317e2fe1a44687fe443b7495a2a83678a,,0,0,
twemoji:1F32B,twemoji,1F32B,fog,sky-weather,clean,https://cdn.jsdelivr.net/gh/jdecked/twemoji@17.0.3/assets/svg/1f32b.svg,c8b83b3882ecded0befce914a75864a1266d6b45,6ec290430f9e83ff755bdece59aaba5d792cc1af,a335ee554b04fcbd3ff77fb0c32aadef35632293,5b5b2a7f1e9a84e8f9d5ac8b2e5bfd4ab0ec0c6c,,0,0,
openmoji:1F300,openmoji,1F300,cyclone,sky-weather,clean,https://cdn.jsdelivr.net/npm/openmoji@17.0.0/color/svg/1F300.svg,c661153fbcb9a0a4ef694e1de3bfda70fd8ac670,c661153fbcb9a0a4ef694e1de3bfda70fd8ac670,c661153fbcb9a0a4ef694e1de3bfda70fd8ac670,102fe75c35959774e78c3104d6b33cc9a133224a,,1,1,
twemoji:1F300,twemoji,1F300,cyclone,sky-weather,clean,https://cdn.jsdelivr.net/gh/jdecked/twemoji@17.0.3/assets/svg/1f300.svg,66fae1f5dbb5499238f65ebe864f5c706a1d5aee,7afc874f3434159987f57eac6e19f954200c5be2,554abb35998b88a16ed4523478cadb96f32ab9b9,3c9a803879034ccda384229787385ed3fd4f306e,,1,1,
fluent:1F300,fluent,1F300,cyclone,sky-weather,clean,https://cdn.jsdelivr.net/npm/@lobehub/fluent-emoji-flat@1.1.0/assets/1f300.svg,03043efbfa89845f65059bb1268ca1574d2e0c0e,047bbaf2f1806f5171e92a9c42e5895518f3224a,5960955cfe71682f36b78e2fd27be5d38352c9ab,c681d9cc5905cfba8690caa8a4fa6756e3660d47,,1,1,
openmoji:1F308,openmoji,1F308,rainbow,sky-weather,clean,https://cdn.jsdelivr.net/npm/openmoji@17.0.0/color/svg/1F308.svg,57945dc7d84767b3d2b42ba0647ab877d3ffed03,b5f03edf04cec8a92515b2a93d1229e9f1365a1b,011797a9f0004d790952584d84939b2c3584e575,3f024cb86c35ebe40aacf9340950b44aca658a8d,,0,1,
twemoji:1F308,twemoji,1F308,rainbow,sky-weather,clean,https://cdn.jsdelivr.net/gh/jdecked/twemoji@17.0.3/assets/svg/1f308.svg,74910bb9beeadd4acdc5d7490cd9c7933ac2949e,b9c2d22d90a9fe6fe954e16826b9450475fbbcb1,ad01af0410a9250444399604eba5b39eaa718716,5d5a4fb2e03406bfe87378f8dc6454bb521ee014,,0,1,
fluent:1F308,fluent,1F308,rainbow,sky-weather,clean,https://cdn.jsdelivr.net/npm/@lobehub/fluent-emoji-flat@1.1.0/assets/1f308.svg,e9919e37b996339f9e230e8776f0f57100edff01,8365d2a8b69a40dbe3999813c2586abdc2bc5394,b709153f281bf0bc503c8d7c3c5c5aacf018ce32,9ba3a8148b920158b2746d77f4975fff9515c0e1,,0,1,
twemoji:1F302,twemoji,1F302,closed umbrella,sky-weather,clean,https://cdn.jsdelivr.net/gh/jdecked/twemoji@17.0.3/assets/svg/1f302.svg,b66aab1c8c054ab0487f5e1bcac61644498ac5df,94feed9973adca99b31fb73a032f4ae602b37680,46d01459c52f91d20be880f39e0a977e1f64ca47,0a5a6b00f62b02cffefd6b2e36f7a9c2135c6c8c,,0,0,90
fluent:1F302,fluent,1F302,closed umbrella,sky-weather,clean,https://cdn.jsdelivr.net/npm/@lobehub/fluent-emoji-flat@1.1.0/assets/1f302.svg,683e9eac1492000d7b60fb5e1737cfa7c5115e27,6c0b68f3bef809afcdbecae991585dd0cf086bb1,ab190360d0b5fa66d4b27359ccae35d6bdc0855c,194c729898f0e5502f61099c993b06b5a0007a6c,,0,0,
openmoji:2614,openmoji,2614,umbrella with rain drops,sky-weather,clean,https://cdn.jsdelivr.net/npm/openmoji@17.0.0/color/svg/2614.svg,63190b5d0217867a9a134b44fe63b2452b2fb4db,3c2f3a9f32daa5961c650955b74498f7aa16efee,8a61b595fdb0a437751e17bc52f563c71006d61e,491fd5a82f0a88821e3d600f073c2c1f267b3144,,1,0,
twemoji:2614,twemoji,2614,umbrella with rain drops,sky-weather,clean,https://cdn.jsdelivr.net/gh/jdecked/twemoji@17.0.3/assets/svg/2614.svg,78a07a3daef8c513e43463638349f97710d3695e,0c8398eeb41a7355b7ed9381c1cdf34f398d6d91,83990843c982480821b8d72df291f7cb357a0733,a14e35e7100781e9e42f503b5e4478576119fc39,,1,0,
fluent:2614,fluent,2614,umbrella with rain drops,sky-weather,clean,https://cdn.jsdelivr.net/npm/@lobehub/fluent-emoji-flat@1.1.0/assets/2614.svg,066ed19f484ca7d92a7278b7503854910189e48d,949e5f814dbe89a70b459aa851661f8282e0154c,89a0749c7a7142130009c0e11911b385c4c8a80a,8f3b360bc1802be44250cbd9d54391a47ce85d17,,1,0,
openmoji:2744,openmoji,2744,snowflake,sky-weather,clean,https://cdn.jsdelivr.net/npm/openmoji@17.0.0/color/svg/2744.svg,8ec7193915bf8662e6628dc86c6bc937af157646,8ec7193915bf8662e6628dc86c6bc937af157646,8ec7193915bf8662e6628dc86c6bc937af157646,663d3128ecd459d5d846db3cef79b68231c4e2a4,,0,1,
twemoji:2744,twemoji,2744,snowflake,sky-weather,clean,https://cdn.jsdelivr.net/gh/jdecked/twemoji@17.0.3/assets/svg/2744.svg,3065c834a8ba78c820a045933a122bbe731520ee,0700d92ce2e859feab34efa14deaa9ceb51886ce,ebaa6fd50d098465dfc7cd3abb734fefebed4469,b18ed7467d0505c065138abd5d1d9be5e2521170,,0,1,146
openmoji:2603,openmoji,2603,snowman,sky-weather,clean,https://cdn.jsdelivr.net/npm/openmoji@17.0.0/color/svg/2603.svg,6aab4b9e62504a5bebb58c023b39d38c6dae803e,72a65d17a7a6bc1c0c74dcc6619656a9dd36d768,a95d7ebe275acb672c5764012426ea65ef805f91,b87a4e3d9969b1f82b1175f80c6015387e2d5588,,1,1,
twemoji:2603,twemoji,2603,snowman,sky-weather,clean,https://cdn.jsdelivr.net/gh/jdecked/twemoji@17.0.3/assets/svg/2603.svg,13ea5bc9bf93de599ebc86cff195054c80e136b2,3694bced54f8dbeaa9923c1a5325a675e350b9a9,c37aec9b125944418709302c47bfaba000adf6df,bedeaa6d70be56bd375a20bb385d639de2c6ec57,,1,1,
twemoji:2604,twemoji,2604,comet,sky-weather,clean,https://cdn.jsdelivr.net/gh/jdecked/twemoji@17.0.3/assets/svg/2604.svg,1fd6d90582e3336078fa06f27e551089ddaae3e4,15016e689a421170ba187a9270f5a54f9c5721b7,553f0ead853b020d898f58edf01b17969bee8d30,7fadee9c45beac8590c6198050d2e4d8ebbf92e0,,1,0,
openmoji:1F525,openmoji,1F525,fire,sky-weather,clean,https://cdn.jsdelivr.net/npm/openmoji@17.0.0/color/svg/1F525.svg,532919e8688265d8eb165841ca421203a4d1c7ee,5edae398c296175243764a001c7b4ed0d1341612,4be263525df2b0b37dd62e0299420686d03e2ee0,08c8624677c90c60ef31c3a46f17fab9f1c73ada,,1,1,
twemoji:1F525,twemoji,1F525,fire,sky-weather,clean,https://cdn.jsdelivr.net/gh/jdecked/twemoji@17.0.3/assets/svg/1f525.svg,1352390aa383b60f17b34c0f4497acaf41e871b4,8c178c9412fa72a0181aee1280a4a2889583127b,038e2e7c79574ad22e7f39d49084a62cac5f389e,87f73f71c7013e306c1bc35b11eb6cbb977d97bb,,1,1,
fluent:1F525,fluent,1F525,fire,sky-weather,clean,https://cdn.jsdelivr.net/npm/@lobehub/fluent-emoji-flat@1.1.0/assets/1f525.svg,009e304f983b5390d14090b945a25794b61a5751,1dcb2954182ba137c8d3a5d8a620ee0287533c3a,f7b4579356caf79b5519e735a5e36a62655ceb5f,aab949a63e6d9c9b36c9f7a14c97548c6f057e36,,1,1,
twemoji:26BD,twemoji,26BD,soccer ball,sport,clean,https://cdn.jsdelivr.net/gh/jdecked/twemoji@17.0.3/assets/svg/26bd.svg,88b4e4d5d3cd62ba16a4e7f78ac9bb0803d0bc63,9bd5ea4278e5525fef15bdf0b9291564a2c29fa0,4ac7cf95149322979b073b13d180f05d35c046e7,8e51c308f1b8ecaa92ad21f70fc9b5457f9cafa9,,1,0,
fluent:26BD,fluent,26BD,soccer ball,sport,clean,https://cdn.jsdelivr.net/npm/@lobehub/fluent-emoji-flat@1.1.0/assets/26bd.svg,426258f9d9992b3ddb3fd9bc787fadbae90d74a9,dafe3010ebfe00ca86dcfbe7e4de1911d2acdfe8,765fd63b31315bac4c1d5a6c6740c6a1a96caefb,e869f0f3d48fc53fe5726406bd0035f6f85584de,,1,0,
twemoji:1F3C8,twemoji,1F3C8,american football,sport,clean,https://cdn.jsdelivr.net/gh/jdecked/twemoji@17.0.3/assets/svg/1f3c8.svg,ea3ea864d634d20d709ccd1a38be4aa1921c0abc,d1d1cc63d1021a62128fca56df6d0f8549de01dd,6a7900f43f95e017694fa7b4ebe2d0b044d20a41,a3af1e439837b1bb559b473237324796efcffa76,,0,0,
fluent:1F3C8,fluent,1F3C8,american football,sport,clean,https://cdn.jsdelivr.net/npm/@lobehub/fluent-emoji-flat@1.1.0/assets/1f3c8.svg,2824d54b092927e7129228b77e4009fffbff4b75,2abb030b4885a32ba682b6441bc7d8ab308b7846,9ee404cd1d49acd6502a439d218b713e90a27d5f,a3b3c3c2a90b59ffa88e23c59c43fd3200500ab6,,0,0,
openmoji:1F3C9,openmoji,1F3C9,rugby football,sport,clean,https://cdn.jsdelivr.net/npm/openmoji@17.0.0/color/svg/1F3C9.svg,cf99a7b337bf6cba7433b0ed12f3e26453ff31fb,f752f2a66b9cc24bffd5d2ecd9bb8747c317ea1f,819e3b4e5a2428a432b085a846f1d3082ff84c01,007978482639f732ec58c8db3aa3a6fba6795b42,,0,0,193
twemoji:1F3C9,twemoji,1F3C9,rugby football,sport,clean,https://cdn.jsdelivr.net/gh/jdecked/twemoji@17.0.3/assets/svg/1f3c9.svg,f13a67085ac135d42b833b8f3e064845fbb9f414,ad9c1e19cd0995878eff4df87795fe19031b51b1,1d6a1010c2bf01d82c755221270d885416d1618b,a07dfc242f40922c8ec6ee9ff2c7d3268bf198ba,,0,0,
fluent:1F3C9,fluent,1F3C9,rugby football,sport,clean,https://cdn.jsdelivr.net/npm/@lobehub/fluent-emoji-flat@1.1.0/assets/1f3c9.svg,1ec755b0bf8d573a98d7d86d052c9d186d797670,d2fd630a1b6fa6707aeaeb3d26d2fe5c586f4a23,3c2f170b213e34a352f63d1106c8201102eeaa64,d7f813ce6696b67ff183a616ef011e70c9407579,,0,0,
openmoji:1F3BE,openmoji,1F3BE,tennis,sport,clean,https://cdn.jsdelivr.net/npm/openmoji@17.0.0/color/svg/1F3BE.svg,cb3ec5a79fe86a280492ade14022a8a1aa2ee109,e92b656e6a472c6b66c6e74721e81b07d2121033,c51a7b8a6c8278c452caf5b50d586ab7c7955377,4dca2e3509bcc5cbab684c9178d09e2ce003ee0e,,1,0,
twemoji:1F3BE,twemoji,1F3BE,tennis,sport,clean,https://cdn.jsdelivr.net/gh/jdecked/twemoji@17.0.3/assets/svg/1f3be.svg,b7365b1a624049b29a30c5f58e48b3adcf1a7d9f,fff8d8efa250558ef488c9e748f22059c235cffe,b19233bdb61d6f1b109b4c9e27b3f3e725f92042,b5067f8ab4038ef7ce3daecb3f0f52174ca2d2bb,,1,0,
fluent:1F3BE,fluent,1F3BE,tennis,sport,clean,https://cdn.jsdelivr.net/npm/@lobehub/fluent-emoji-flat@1.1.0/assets/1f3be.svg,4f1d112c3bf9dd95837dc0d46182f7e3f1c506a1,fa200e36fef14df82eff5f8ef016018f6ce08101,e5d6dca71532b3c14095ff830d03db73beb605c8,f81b4ac9048182d4ddea5c112cc19622ef2b21cf,,1,0,
openmoji:1F3CF,openmoji,1F3CF,cricket game,sport,clean,https://cdn.jsdelivr.net/npm/openmoji@17.0.0/color/svg/1F3CF.svg,789cb3595f6c1de01a1cadd9001acebe40c6bfd8,76560ee4020bf852906c08cf2ca3b7d3f0c13b3b,4d9b3270068514c86041ee7215ef31f9fbe91c2b,cc658e3e875a0a8fa6ecccb7c2136ac222b7a39a,,1,0,
twemoji:1F3CF,twemoji,1F3CF,cricket game,sport,clean,https://cdn.jsdelivr.net/gh/jdecked/twemoji@17.0.3/assets/svg/1f3cf.svg,749860164d3ac536cf93000623dcc4cab6105cdc,182740a815be6215683fd6a0a28abb0e6e4dfa59,87148d2fc34b52bc002dc58812ddf82f31f3666d,b922cb2abcb28c0bce6f25e58c83cf243c0bfb2d,,1,0,
fluent:1F3CF,fluent,1F3CF,cricket game,sport,clean,https://cdn.jsdelivr.net/npm/@lobehub/fluent-emoji-flat@1.1.0/assets/1f3cf.svg,9a7eefa7a83bbc991711295e154b959a9d9da29f,a2de681a4cd658307e2e513c9de7b5a5d34471c9,410e5084aa968f006d291008585c2621ecc1c3e9,68bb05656274b61c647159b0d9e31beb42241cde,,1,0,
openmoji:1F3D1,openmoji,1F3D1,field hockey,sport,clean,https://cdn.jsdelivr.net/npm/openmoji@17.0.0/color/svg/1F3D1.svg,da6759545ed8c2401039afe66e162cccd01646fa,a5ebf46a94d5e9f7d6943a795b44f05999e80f83,94cc1930aaa8b52a826a361b10da92124c792ef5,6e874563c3e0ef94374569b6c81d223d6f91918d,,0,1,11
twemoji:1F3D1,twemoji,1F3D1,field hockey,sport,clean,https://cdn.jsdelivr.net/gh/jdecked/twemoji@17.0.3/assets/svg/1f3d1.svg,a1a9e5d9ece904a6888df7d6f74854ab82fb42ea,ed9f0b841ba47c46e9d0930fe601fef7770cfae2,6dd436ea7b9b95e37d4f8cef1c5dcd2ba672e3b8,07ada37c09ce19a2a4917a309d52c903d4ecfb7d,,0,1,39
fluent:1F3D1,fluent,1F3D1,field hockey,sport,clean,https://cdn.jsdelivr.net/npm/@lobehub/fluent-emoji-flat@1.1.0/assets/1f3d1.svg,890fc0c8e903affa1f58e9a11e8f82f75914ba0a,d58f8b8de9303f183c7044b843b20aee079ee0f5,ea51a3c5f49417ad182fd7a27ebcec899fd33fca,af47ae90216dd255df437b8aca99e7f1999b2739,,0,1,137
twemoji:1F3F8,twemoji,1F3F8,badminton,sport,clean,https://cdn.jsdelivr.net/gh/jdecked/twemoji@17.0.3/assets/svg/1f3f8.svg,413426b08206d99053cb4ccbd19b0d68c7c33eda,2a37389c4ecd3758ebd1f6efff11d142e7d6989e,c10584d85cc1042068a6ebe8218593eeac785430,68723ae3cd59b4da3cb3b612b7007b07547b3b34,,0,0,
fluent:1F3F8,fluent,1F3F8,badminton,sport,clean,https://cdn.jsdelivr.net/npm/@lobehub/fluent-emoji-flat@1.1.0/assets/1f3f8.svg,96999ce04d57499e942ad25b9f690bcb9ac79802,8f005bc62ad836959a829825b9382d926af1558c,c1f99f730561cbe428697ca32263a9ed1f595d67,9e05da00c8d5cc83b9804f38480c9e0d884aa997,,0,0,67
twemoji:1F94A,twemoji,1F94A,boxing glove,sport,clean,https://cdn.jsdelivr.net/gh/jdecked/twemoji@17.0.3/assets/svg/1f94a.svg,11a33e0da0d952821406a37f6ea798b6aa567017,2455912d2ab3d75cc94ce25568d60975623b437c,dcc852fb34c397790665cbfc9e3c57a4b57a2a33,191a24b4158ff507d9fc8376542339434ac4c521,,0,0,
fluent:1F94A,fluent,1F94A,boxing glove,sport,clean,https://cdn.jsdelivr.net/npm/@lobehub/fluent-emoji-flat@1.1.0/assets/1f94a.svg,127e2f5973b2413aac39d50a5b442c42d9bf9abc,95f8e87c734cea913ef5c6171ace7787d1f4a05b,9a319b217f2d7317899cb13ddf45a90ef59e9b3c,deba6828624320f7caf2b6779069cc17511e9c17,,0,0,
openmoji:1F945,openmoji,1F945,goal net,sport,clean,https://cdn.jsdelivr.net/npm/openmoji@17.0.0/color/svg/1F945.svg,103c302937f8d335ed3f1d8fc2e096ed7f9dfaa2,496462f36b9851fe9b5655dfd20822f96db2f8e6,015f5c2c1e7bf9a49656bcaf210410acb1f37fd2,91cb928a794c4ea55be95bcb1a534dc1852541c8,,1,0,25
twemoji:1F945,twemoji,1F945,goal net,sport,clean,https://cdn.jsdelivr.net/gh/jdecked/twemoji@17.0.3/assets/svg/1f945.svg,48af3d3c3ed503d21599d618d86294207c97652d,f625ba44c2b46828ca0c26203f4e7b1f9b1ebfed,1aa61070dfb256146f1c70eab0f5673c2dd5e9f4,582d923378e9c65b5594c1f96038ee32f7c23e13,,1,0,
fluent:1F945,fluent,1F945,goal net,sport,clean,https://cdn.jsdelivr.net/npm/@lobehub/fluent-emoji-flat@1.1.0/assets/1f945.svg,81f5622ac6de18ef30f338e67cda42d2e0377ddd,5dd2dc8dd229afb86129cac4aa488598fbfbbe95,6b56448934147ee62cc0b0832fd5af92dac55603,108ae0ceae004407af911f347fad210e05619948,,1,0,81
openmoji:1F93F,openmoji,1F93F,diving mask,sport,clean,https://cdn.jsdelivr.net/npm/openmoji@17.0.0/color/svg/1F93F.svg,26a1927a01e1edc699658bc73530de80d2b3d391,88c22f5b8c79ad2e1c50e1afb26ee62c735f803e,2cafed3f8be473c597e665164666254e66b6b6b7,824f245bd8412caa63b4353a0aa2145a91f3b5a3,,1,0,151
twemoji:1F93F,twemoji,1F93F,diving mask,sport,clean,https://cdn.jsdelivr.net/gh/jdecked/twemoji@17.0.3/assets/svg/1f93f.svg,881cdccb51e634aa76ebd63ba775cf5306255452,2ee977eabe908c2e14e78b91180f66a90d4cc28e,839eb68bc144b1bab7a902cf6460269729908cc8,f29c0acb5eef475af25c1bfd654536f791451ac9,,1,0,
fluent:1F93F,fluent,1F93F,diving mask,sport,clean,https://cdn.jsdelivr.net/npm/@lobehub/fluent-emoji-flat@1.1.0/assets/1f93f.svg,e664915415fa0983934ba21fc5ed713cd42b8272,ef3f1697caf65aa59204337a84d7a8c94a5ed9f9,a59b2bab7226ccbe9d9eb15c9f95cecb3ad93f0c,38f873e58e254604ae86c3c88789552649c9a60d,,1,0,
twemoji:1F3BF,twemoji,1F3BF,skis,sport,clean,https://cdn.jsdelivr.net/gh/jdecked/twemoji@17.0.3/assets/svg/1f3bf.svg,65f6baa1042796b7b2e0bb80188f087c921b082c,3dd726678b0c1be9286410103a41770f480a2ec9,7cdb8ed561a042f24e1bf3c6e95e4c0342352281,0e8f00f16ca61c9cca1a39152cda07d44792c6df,,0,0,123
fluent:1F3BF,fluent,1F3BF,skis,sport,clean,https://cdn.jsdelivr.net/npm/@lobehub/fluent-emoji-flat@1.1.0/assets/1f3bf.svg,8bf8a9f76d8b3af3d34f8cb9dccba3d74129c87d,fdf7a42793bf601a7e15a97c7770840a9318da0c,6eaf16ff8e4006cfb72e2e4b9eed9330dd0ce9b2,9e6f5e10c1a5deee99bb9da208881f678b906d31,,0,0,179
openmoji:1F6F7,openmoji,1F6F7,sled,sport,clean,https://cdn.jsdelivr.net/npm/openmoji@17.0.0/color/svg/1F6F7.svg,7ad411258c7c9b7d0d81f0018934466888176aa5,319f8540520541545f3d1774d5b82de7321fc753,0b6446a6a6a3adeeafd8514d94c77866e1d5ee59,4b594c7fbbe6a3aff623ede31be8e00f7d104870,,0,1,
twemoji:1F6F7,twemoji,1F6F7,sled,sport,clean,https://cdn.jsdelivr.net/gh/jdecked/twemoji@17.0.3/assets/svg/1f6f7.svg,b1450d6eaaa23a51819f0c2284e2dd55721da6ef,28e5eb4349188fc0ebe80019fa4cda8863faeb98,5c734c53ae661ae6c9e55a82ef1f13ffd6b314d4,2303f6889aabb0adf6243408117c9e8045d30ee3,,0,1,
fluent:1F6F7,fluent,1F6F7,sled,sport,clean,https://cdn.jsdelivr.net/npm/@lobehub/fluent-emoji-flat@1.1.0/assets/1f6f7.svg,4176520a94f65014a79d08cb038cba852944570b,1c15c143c25d7468068984dc2fca4e84e39de734,4d569b9e332a4d3d42b97150c8deb4d88c603f66,158deb9b3ae6a52d5984363af295ed0a5f2857a4,,0,1,53
openmoji:1F453,openmoji,1F453,glasses,clothing,clean,https://cdn.jsdelivr.net/npm/openmoji@17.0.0/color/svg/1F453.svg,2ba6b25951bc21a2cc1573fb8198a445320e0098,9d97d0c61f4e16aa9766bf3f081c9fad86146aae,a811a6629a42741a455a86cdfae399f0e4b79c5b,ad0a556f9b55990e40cb6224ad23bc606c389eb2,,0,0,
twemoji:1F453,twemoji,1F453,glasses,clothing,clean,https://cdn.jsdelivr.net/gh/jdecked/twemoji@17.0.3/assets/svg/1f453.svg,c50e8f32bb5078b10ae4e4322f0f566a46850e7c,a7de978f4b489e7298508d415da0974ffbd9e7bb,6b2c03237f91d09b9c0acb4e575bca4d94c5f264,6dee8f9cf7a23385b525a2c2a747a83770cc4134,,0,0,
fluent:1F453,fluent,1F453,glasses,clothing,clean,https://cdn.jsdelivr.net/npm/@lobehub/fluent-emoji-flat@1.1.0/assets/1f453.svg,b182227981ff37cc3d444c22b68272fadbae0048,9898f11ab5c65dbefa63565d22fc7573da494b22,5dbabc4934e4d748d66fa50ad34d77e58f8d3af8,ab57b9f4ab22f8981304429758b8ebc7791a3d4a,,0,0,
openmoji:1F97C,openmoji,1F97C,lab coat,clothing,clean,https://cdn.jsdelivr.net/npm/openmoji@17.0.0/color/svg/1F97C.svg,f52b662430e02fb6d75b7d8beaae66da419979e8,5d6c6f6cb360f7d1a99b8f976f2e6f65ab954f1d,04dcf4c4211b35be42c72c728f3c7414609331a9,0b7c1920fa00125d061314092be35d850a4ef18a,,1,0,
twemoji:1F97C,twemoji,1F97C,lab coat,clothing,clean,https://cdn.jsdelivr.net/gh/jdecked/twemoji@17.0.3/assets/svg/1f97c.svg,598763fd4d0fa07a7ff78211283d37a898e22a47,5046e30453c17f7c91290db719cfe7c3be6f64a6,c897e96dfb89071882681b1a0b6843ad7459ca8e,a5cd6b10e601142f87498c94ba9ac8811b829ca5,,1,0,
fluent:1F97C,fluent,1F97C,lab coat,clothing,clean,https://cdn.jsdelivr.net/npm/@lobehub/fluent-emoji-flat@1.1.0/assets/1f97c.svg,3bfc17268f79267dd06fe90eb752d9446ceb9074,9b75e764a46837d49fd26d815d2591521c9899cc,46bb14184a70222924193c365a154addd5a88ede,0f157e6644e902d987e18af4186ca3d57d8abc89,,1,0,
openmoji:1F456,openmoji,1F456,jeans,clothing,clean,https://cdn.jsdelivr.net/npm/openmoji@17.0.0/color/svg/1F456.svg,bc32521fcb4adb825bb4f9c3e30ee8525a8974db,bfa6efd444f073788addf54df756be01f24f2800,6a425d5969f6941fb0564705a3073dae88c9d3a8,b45a93c033951b863d2394cd0254c312ea5c912d,,1,0,
twemoji:1F456,twemoji,1F456,jeans,clothing,clean,https://cdn.jsdelivr.net/gh/jdecked/twemoji@17.0.3/assets/svg/1f456.svg,776361d63a7edda40c2690b6e91aeb1a0612c1b1,09d7103a2b70319cb94c71d1a117dd3673555843,c15ff081a8341d25502f650b50668ead42b43b4f,4d28c338f8bb1e6f4f301c206d28c9b263326aea,,1,0,
fluent:1F456,fluent,1F456,jeans,clothing,clean,https://cdn.jsdelivr.net/npm/@lobehub/fluent-emoji-flat@1.1.0/assets/1f456.svg,ea6e44a9d0350edcb9e959ff5a46e2c951974b60,9c96562b39149c7c2312658982b95fbca47e4fd6,dfcd1d3524099a6e597c9ee73b45c22ffffa56cd,ccebe936d78647ca00dbccc5064b585eebb854d6,,1,0,
openmoji:1F9E3,openmoji,1F9E3,scarf,clothing,clean,https://cdn.jsdelivr.net/npm/openmoji@17.0.0/color/svg/1F9E3.svg,6817904202bb134c15ea0bec02fd6f6bcc6061b2,5d35b82311ccdcd66a942fc67db231cd1284f4bc,c7b909446a62ba1f861f4d1243a1fecb36343bc3,6fb376295091f394aa780c86ab6c7206c716b91d,,1,1,
twemoji:1F9E3,twemoji,1F9E3,scarf,clothing,clean,https://cdn.jsdelivr.net/gh/jdecked/twemoji@17.0.3/assets/svg/1f9e3.svg,9afd9780acdca333bd90a5fe59cff00370e5b438,e9ea11f9d178fc4cced3cf30f563afd2fc4a4106,6619457b42fdeeeb85b546475a8d0aa0b9141165,aa3178d7dddde7e8ba9753614970d15af7cadf0a,,1,1,
fluent:1F9E3,fluent,1F9E3,scarf,clothing,clean,https://cdn.jsdelivr.net/npm/@lobehub/fluent-emoji-flat@1.1.0/assets/1f9e3.svg,bf10bb13fd460826361992f31d6096d6a9ba7225,158f41119dec104f92b4042c662745deed92a5da,85c8f0a205af5164bf8bb6f4ffc0ef1b355e47f3,25f807783416f46a20e0a9cc89ce840d44d1fa1c,,1,1,
openmoji:1F9E5,openmoji,1F9E5,coat,clothing,clean,https://cdn.jsdelivr.net/npm/openmoji@17.0.0/color/svg/1F9E5.svg,2ee259b4cc1ed173f3b10a42748f237a1ff14575,2072a9b63e5df22ca5f1fdac585334e86a52e58a,3390a46618c926b2b4ae06b5c4c9262518142685,0393f7c2392a1c9a636575e12fdc6f4882206ca4,,0,0,
twemoji:1F9E5,twemoji,1F9E5,coat,clothing,clean,https://cdn.jsdelivr.net/gh/jdecked/twemoji@17.0.3/assets/svg/1f9e5.svg,03e1cf9e72765ff110984e5b4c65b3fc2e939e19,d072c2ede943f83ef2b370ddb7c4eb086bdef9a2,9a7f7e2cce3a1775b90d5679355162ade3d9b3ca,88d0cfc2e73cb513b2c0b8e9df1138c5c650960c,,0,0,
fluent:1F9E5,fluent,1F9E5,coat,clothing,clean,https://cdn.jsdelivr.net/npm/@lobehub/fluent-emoji-flat@1.1.0/assets/1f9e5.svg,a9e71026b41dbb0045d64475b91baa2f0574efe4,1811c031688d6ad61f31fb7777ebddd679cdb4e1,a9468e276626c09e4e333332bbcf2d1bb7e882ee,5fad2efc7923866d3c6e6a657cb7ce0096128699,,0,0,190
openmoji:1F9E6,openmoji,1F9E6,socks,clothing,clean,https://cdn.jsdelivr.net/npm/openmoji@17.0.0/color/svg/1F9E6.svg,8dc0806ce07258d4a4389cb3963923d1a0420ec7,4ff66850041be764dfc6ea57cdac588e7eb09241,f7d05097bd982f2d5edcd0138da081ece9c34f03,054e075321f3e3ec1e26861fe4e563681b6b5013,,1,0,
twemoji:1F9E6,twemoji,1F9E6,socks,clothing,clean,https://cdn.jsdelivr.net/gh/jdecked/twemoji@17.0.3/assets/svg/1f9e6.svg,c781fb8d15d056ce30a88c5745e77b48f9c2ffb1,88e6d1b0441b4f3ca963244e4f0957567b070cfc,f32b4e8e3e10f1daa78691e909ce9c5b77bd070a,0d658bb8f7723e73163c693a3cedef5cdd1bb01c,,1,0,
fluent:1F9E6,fluent,1F9E6,socks,clothing,clean,https://cdn.jsdelivr.net/npm/@lobehub/fluent-emoji-flat@1.1.0/assets/1f9e6.svg,660ca88bf7e7f3d415b52b5f32567bf08b94a46d,eff7cb707b3544437e18870e5fe72f2e75b41de4,05facbb9302ff54ad225505d21ebf5def05f724e,e8d654866947f8fd532e02f66b1d19b18ee79521,,1,0,
openmoji:1F457,openmoji,1F457,dress,clothing,clean,https://cdn.jsdelivr.net/npm/openmoji@17.0.0/color/svg/1F457.svg,750ff145f949d0750b6bd04c82f656ad1ce6e91e,a4d9ac881c03014615142d57f2e3e10fea30c114,22476c5c3f6dee545e57b5d1c909b0bd87949e62,83557081cc1e0d372bb096b1443f4486da6f70f5,,1,0,
twemoji:1F457,twemoji,1F457,dress,clothing,clean,https://cdn.jsdelivr.net/gh/jdecked/twemoji@17.0.3/assets/svg/1f457.svg,f6fe2b98d691638462bcba24a00fc9cb58b5184f,271f36e5e18ac9d613e519180a6c36c668003d03,96238ad8c773a78ab27617746fe8b160c9673084,978885fc7441f7edd1c56f6566f5a4b082b3a608,,1,0,
fluent:1F457,fluent,1F457,dress,clothing,clean,https://cdn.jsdelivr.net/npm/@lobehub/fluent-emoji-flat@1.1.0/assets/1f457.svg,6d0bd4e25e92ca618b79456a360c1bd2e8b8dfa1,0b8a9fb81ca0dc69306ff0da145bb555f4cc8db9,e0b970d5d49f13bef39ff5e7d1090c02362e2827,cabcbfa136eca5271cb792276fc729b73bfd07c1,,1,0,
openmoji:1F458,openmoji,1F458,kimono,clothing,clean,https://cdn.jsdelivr.net/npm/openmoji@17.0.0/color/svg/1F458.svg,23b03f0b1ed042ba2e79fecde2c23a16b6af3a15,dab344f1cff99adf119d11c0e055731fd116a783,c207a8324a2136cee06dcc81174c909c1672ca39,478374589e68d46b113cec86d085c39fc7e9f405,,1,0,
twemoji:1F458,twemoji,1F458,kimono,clothing,clean,https://cdn.jsdelivr.net/gh/jdecked/twemoji@17.0.3/assets/svg/1f458.svg,aecb4ba4f2f4b0766bbfc0ac3f1b7ef111e4a6db,d4596f213e2020ee2e286199ff4e16801ab7d7d4,d7c0c1900c7240b0f471fe025906e64b7a801bfe,08b898f2ca52eac7dc441456526e588e86659698,,1,0,
fluent:1F458,fluent,1F458,kimono,clothing,clean,https://cdn.jsdelivr.net/npm/@lobehub/fluent-emoji-flat@1.1.0/assets/1f458.svg,d8b274a8991308ac6b18ab14f5377c6fbca7f845,8eec0dd62b6d16f2569d67ab832c0a7f2cd7c006,a8b252726da8ef889c023e2a86deab64e1fa83e6,72c1a0c53f41b8716968ccf63fb837d2bedebf47,,1,0,
openmoji:1FA71,openmoji,1FA71,one-piece swimsuit,clothing,clean,https://cdn.jsdelivr.net/npm/openmoji@17.0.0/color/svg/1FA71.svg,cafe6f127613a83eb909bf12579bb7372fcea858,b39522f4cad0c6a9429d3cf7cb8f8d2862ff9f61,ca065c7cc1cb3ebb445422eb98af8911dcc8e96b,80b26b4870f7591a6251fdd4c0d617842525fb7b,,0,0,
twemoji:1FA71,twemoji,1FA71,one-piece swimsuit,clothing,clean,https://cdn.jsdelivr.net/gh/jdecked/twemoji@17.0.3/assets/svg/1fa71.svg,7aa1684b8653ebdb1049266376e02ae09c1210d8,d882c8e9cd8ce745e679b61f4bcfa53903167591,527592c884039965e84a93adb4a0adf71dd90387,66bf47b7fe06530a4a071978125255ce5590a40b,,0,0,
fluent:1FA71,fluent,1FA71,one-piece swimsuit,clothing,clean,https://cdn.jsdelivr.net/npm/@lobehub/fluent-emoji-flat@1.1.0/assets/1fa71.svg,fe1f0bbdeb19777c42caa4ef87b4e956377366c8,875b2979aa8b34b19c764ee4550aaa6102881b32,263ca332e7a9f4cac9fa5398da31d98296396538,23cb46152cb702153b2cfc62a9f2831448053087,,0,0,78
twemoji:1FA72,twemoji,1FA72,briefs,clothing,clean,https://cdn.jsdelivr.net/gh/jdecked/twemoji@17.0.3/assets/svg/1fa72.svg,14fb068a1549f8f661efc21499897ef360ca5796,ad8ac6ec5a5ce5e5d972fc804a58068447f02b4d,89a48abcbc2dc868a3f1d90db21d0262bcffcdec,7b56685bcecb74181e5953d6bd1d8e8b1225f0c9,,1,0,
fluent:1FA72,fluent,1FA72,briefs,clothing,clean,https://cdn.jsdelivr.net/npm/@lobehub/fluent-emoji-flat@1.1.0/assets/1fa72.svg,01bb9b2bf194b8c984bc178f08a2e5c8b4db1293,9e60e9b48fdf29caae34abf359082b9625e58755,3062e21c546cbf334429d26be2988010c3080999,628813584a0e974a8dfc4661d5479b7c198acedc,,1,0,
openmoji:1FA73,openmoji,1FA73,shorts,clothing,clean,https://cdn.jsdelivr.net/npm/openmoji@17.0.0/color/svg/1FA73.svg,7b4eeaee494e05fee66e7552f8d248957f5745dd,2cc50a095dc3c679a8362b2d301e50ff0c0977ac,600971e720ef90f0a65927602e47b680cbf591fc,1c885bd9195b09431dc0408a6450a7e5e604e990,,0,0,
twemoji:1FA73,twemoji,1FA73,shorts,clothing,clean,https://cdn.jsdelivr.net/gh/jdecked/twemoji@17.0.3/assets/svg/1fa73.svg,fa5fd5e0bdeedef75ee26daf218e5aa00e521fc8,6489868fe09d5110d5a4adddcf7d957dd79854d3,b5dd241129df00390b54412a3dcf5ce0b89efa2c,983f981e66ee1e52ba2fe7732d4047184eee112b,,0,0,
fluent:1FA73,fluent,1FA73,shorts,clothing,clean,https://cdn.jsdelivr.net/npm/@lobehub/fluent-emoji-flat@1.1.0/assets/1fa73.svg,30e6daeee89944b6b6c74f69651acf242f21d406,f59e8ed3a76a78e523ab452bc6747885be2479e2,5c67aace5c13a42613442563a0e599c7f7c9a229,af57689ca921d622797dae22e4344e502ce5c522,,0,0,
openmoji:1F459,openmoji,1F459,bikini,clothing,clean,https://cdn.jsdelivr.net/npm/openmoji@17.0.0/color/svg/1F459.svg,7abddba58eeb5dcbdf8741f9f2a3644c33e34fb7,1bf2c3dcf06ffbf874e2aad19cfa49de61f6b168,dbe5ffe10690ae1c455cf8dc60c6be0578cc435b,9345130ca4558656a4e435299129848913ebbbbd,,0,1,
twemoji:1F459,twemoji,1F459,bikini,clothing,clean,https://cdn.jsdelivr.net/gh/jdecked/twemoji@17.0.3/assets/svg/1f459.svg,9facd663d969e1d87382d0c79811833ef3ef0467,f4022b435ec074f5d116391a544a375ca18099ac,f233e36be68b272c3b1493d54d0db3cbd598f907,3d9333ab52249d4aec7e663059b76b5ef129bee5,,0,1,
fluent:1F459,fluent,1F459,bikini,clothing,clean,https://cdn.jsdelivr.net/npm/@lobehub/fluent-emoji-flat@1.1.0/assets/1f459.svg,9f2e79d43072c5bdb0b5c4a468745f22c6d65a19,8ebec661833d695339b2d9412dcb9ccf80948fba,c20acb4ae5d8fe4e0c5a85a4c3b7a509756ec282,bd0e27117858191ecdb848645a5284262f462caf,,0,1,
twemoji:1F45A,twemoji,1F45A,woman’s clothes,clothing,clean,https://cdn.jsdelivr.net/gh/jdecked/twemoji@17.0.3/assets/svg/1f45a.svg,68a7747cc57d4c9a05262a1a61e5145474a3b31d,380d1c6de91ab370d63d8f901c921ada9f570841,c57c4c117c63bcfeb768263f548e380db4d1325d,402e1fe5a63064a28246c082172231961c286d0f,,0,1,50
fluent:1F45A,fluent,1F45A,woman’s clothes,clothing,clean,https://cdn.jsdelivr.net/npm/@lobehub/fluent-emoji-flat@1.1.0/assets/1f45a.svg,a34fc7ab62d4e186681cd5f8fc59fb09650e6917,7b1558c5ff2ae12cde35500173a64016b190661a,e71c12d7535d5584467eda19f05f3c9864df9273,64d26c779cabea5bd419859f44bc714a02c6c36e,,0,1,106
twemoji:1FAAD,twemoji,1FAAD,folding hand fan,clothing,clean,https://cdn.jsdelivr.net/gh/jdecked/twemoji@17.0.3/assets/svg/1faad.svg,e1219b58468cb7686dc51cab18c9c20c7715ded2,862a3802c7e3f07ec887775a27b63f04c1b1abde,aa2e93f57d3e9b0ed9412ecf640b2e7c0c3d1166,b440fad466b2a80401af0eadc32ef7341987af4a,,1,1,
fluent:1FAAD,fluent,1FAAD,folding hand fan,clothing,clean,https://cdn.jsdelivr.net/npm/@lobehub/fluent-emoji-flat@1.1.0/assets/1faad.svg,313e871cbf996e140a311da015ceb3b21c75c638,4001d792b07e3f9900280d32d9e1ef018c5ac65e,548d1533c1f3dd613fe14d8f7f5e973c65951c03,3bdb58eeeb8ca4f348c1845bcfe49376e4ecb0e1,,1,1,8
openmoji:1F45B,openmoji,1F45B,purse,clothing,clean,https://cdn.jsdelivr.net/npm/openmoji@17.0.0/color/svg/1F45B.svg,8cae0e7a632a84beeab03a6e2cb63614b51bf099,f7d0fb345cfd23dd9ad16ca0ad0baba5c2b6bf85,d54895bd2cdfba813b983450caa9a072372060a7,4d1563ff0a3f1be9a3ad05af2449e5ba5538efec,,1,0,
twemoji:1F45B,twemoji,1F45B,purse,clothing,clean,https://cdn.jsdelivr.net/gh/jdecked/twemoji@17.0.3/assets/svg/1f45b.svg,9cac0966adc6d69be666c943c04ec6ccbb97ce55,204bfbe2c524f8d9a18c19e4e8035017151d22ea,d6295739c843a61513b5863a8590f8390dc6224e,f2c5c46098bfc2b5ef1f6c9f598906334b974dec,,1,0,
fluent:1F45B,fluent,1F45B,purse,clothing,clean,https://cdn.jsdelivr.net/npm/@lobehub/fluent-emoji-flat@1.1.0/assets/1f45b.svg,aea3277e39acaa6345a941cec6621b078f4b650b,9ee5c6022d188f306359819c0e520e9023623213,98f349e8ca74c7f327b4f67ad0309298b3c8578b,b5d5c000bc1006680f2938fda6b7c6e613300cb5,,1,0,
openmoji:1F45C,openmoji,1F45C,handbag,clothing,clean,https://cdn.jsdelivr.net/npm/openmoji@17.0.0/color/svg/1F45C.svg,f6ab2ac7f454e4f1f918876e355c2b5ac6b90b8f,72bf43be1d0030dc6286aec9705542188b88809f,bb910981f72ada8d8fac5cd08cde5f9b6d7e1238,3cb001cae4dfd9fe282321ca5d79a954fcd459e9,,1,1,
twemoji:1F45C,twemoji,1F45C,handbag,clothing,clean,https://cdn.jsdelivr.net/gh/jdecked/twemoji@17.0.3/assets/svg/1f45c.svg,7ce1ef1986402b5959160d1f6a119f9b62d5fac2,bb851786eb0dbe04c7fe1d8fe607127f7215cfe3,6427b0f55d4deef41f70f13e699e3e0fcc3d6806,f4a6236c34ccec10a1d41d9894a30b02bc3208a5,,1,1,
fluent:1F45C,fluent,1F45C,handbag,clothing,clean,https://cdn.jsdelivr.net/npm/@lobehub/fluent-emoji-flat@1.1.0/assets/1f45c.svg,5e99b928e0aa9c7dec3f37111811e0df58346273,916e6d012703977211661058f9e853ec1b900150,8fec5b80ee173c74856e7cbee09ec198da9fdfa7,8af0c378642bf96917e2283032a9f0e612180b53,,1,1,
openmoji:1F45D,openmoji,1F45D,clutch bag,clothing,clean,https://cdn.jsdelivr.net/npm/openmoji@17.0.0/color/svg/1F45D.svg,3d18b9fe59362567201423bafdac065afe47485c,8c54d087c687bcb4692924003f4f81dbc8137626,54292550e4b750734d62955c6ae55333213bceea,a14db4cfa928c0e8ddd4658bacd5c7c462d7f59f,,1,0,
twemoji:1F45D,twemoji,1F45D,clutch bag,clothing,clean,https://cdn.jsdelivr.net/gh/jdecked/twemoji@17.0.3/assets/svg/1f45d.svg,c039dba9330ec32d566f12e9262aa6f680906066,46cf8e9bfd542a404ea7841911999e52839d1f2d,5e500a3d868be95607186c2d07d00e08b499312b,02e0c7cb26401a0e96d0acc012c54447b30347cd,,1,0,
fluent:1F45D,fluent,1F45D,clutch bag,clothing,clean,https://cdn.jsdelivr.net/npm/@lobehub/fluent-emoji-flat@1.1.0/assets/1f45d.svg,de74df40e0fba4ab860235f6ed1a0289beaf5b9d,9cc3c7fd592758faa66162bfb7c8fe0e23741f51,ce43e424c4046a654cce06a5506b60b2ca0a4f89,7b064fed9e688be3fa24492f074dea9b30df7cb4,,1,0,
openmoji:1F6CD,openmoji,1F6CD,shopping bags,clothing,clean,https://cdn.jsdelivr.net/npm/openmoji@17.0.0/color/svg/1F6CD.svg,ea5f6e8dfbef6408e558c4addf494a298e7e34ae,574a82d237980a6b75846ff0770ab457779a8c65,d48496acc1486753dfdd47f419ff6aad07c5f16f,84f49736fc0376994d067094a33dd2edf67cf050,,0,0,
twemoji:1F6CD,twemoji,1F6CD,shopping bags,clothing,clean,https://cdn.jsdelivr.net/gh/jdecked/twemoji@17.0.3/assets/svg/1f6cd.svg,fe3239f142fbd84b00586a9415a456126dafebca,223417cd89e1d7f0f4601d3f4ed170a41644e5cb,e0562273bfa6675fa9bf8acb529fce93af5439bf,0387f5f3870ddd3a5319a97cd70e8b86b007c32e,,0,0,
twemoji:1F392,twemoji,1F392,backpack,clothing,clean,https://cdn.jsdelivr.net/gh/jdecked/twemoji@17.0.3/assets/svg/1f392.svg,bfcb65725d12fcd3348cf3e4b29ff72e04cead2b,0d2432073820f28b5a5b9c0eab1f552462ee588b,8980496959be8bbc26a55256224997fca1d3ce4f,811761fb21aea7c2eeafd9918adaf689bf393a7b,,1,0,
fluent:1F392,fluent,1F392,backpack,clothing,clean,https://cdn.jsdelivr.net/npm/@lobehub/fluent-emoji-flat@1.1.0/assets/1f392.svg,75f52fa8f8058a66d69996361690e430a8c78f44,b057d1acbc52d36f81860f228ceb2fff0a496ec0,e04cab19d06c5adb60c5808c22eccc3e90006e4c,d7e359de1395a25d628e558cd8ba86d8bcd47f34,,1,0,
openmoji:1FA74,openmoji,1FA74,thong sandal,clothing,clean,https://cdn.jsdelivr.net/npm/openmoji@17.0.0/color/svg/1FA74.svg,126b00dd69f80e4568a75ecc29dd70301a997adc,e59fce0179e5b24e2c4f54a10da6e58df062806b,322adbeae93d6300d6acaf68d822ea4e5891f2c9,4b3e1df166678e0e06d9670031245b05460579fd,,1,0,
twemoji:1FA74,twemoji,1FA74,thong sandal,clothing,clean,https://cdn.jsdelivr.net/gh/jdecked/twemoji@17.0.3/assets/svg/1fa74.svg,9f090a149b5412f2ee70e2681d061384dbe5047f,9e5cf5f7c34529065d893718a5eed52c63505547,ac57403283f298824734e10f62dab068a9dd45c4,acc057753da9e92049306d749e9ec2494ea288f4,,1,0,
fluent:1FA74,fluent,1FA74,thong sandal,clothing,clean,https://cdn.jsdelivr.net/npm/@lobehub/fluent-emoji-flat@1.1.0/assets/1fa74.svg,b98254f4f26a1b6b44e4449a6abe64e8130f63be,8bd2133da84a4221fed1c399db4542a45851e4bc,97a9c35a49f7bf9f9892c17a2d6a59398fd630f8,5c61a731dcf8fd6648dae1d92560abfd7b75eb32,,1,0,
openmoji:1F97E,openmoji,1F97E,hiking boot,clothing,clean,https://cdn.jsdelivr.net/npm/openmoji@17.0.0/color/svg/1F97E.svg,9da0084d84b0152ab0e0d3436869ada414e83394,31be30070a0cfbf10955ea5895f95050d2f32903,6a4975adc07f7f8b6c6ebb3735c04ff6b712cf3b,24ebad42a4dce2c4dfd2a65c0df103efd4c8feb7,,0,1,
twemoji:1F97E,twemoji,1F97E,hiking boot,clothing,clean,https://cdn.jsdelivr.net/gh/jdecked/twemoji@17.0.3/assets/svg/1f97e.svg,e745d9557fe6f3ea36930dc885fbaa8f26f7204c,3dda1549d99a9b04e044a6a4fc2f23e42212531b,1691a26759279cb6d2b19f2dc5c294cf904ff22f,a40413ad20db9b39525af6d3c8c2a1078b0cbbc3,,0,1,
fluent:1F97E,fluent,1F97E,hiking boot,clothing,clean,https://cdn.jsdelivr.net/npm/@lobehub/fluent-emoji-flat@1.1.0/assets/1f97e.svg,a3c330c176065d28e668ef6ace05e06c8dbf0ee9,1ffeab2b3ec1eca80ad06be961d4bdd90d51c794,a257211daa99d45c09425fcb7384055be73e554f,e58b76bb5810584f325cc30dc4b24424c8dae0fb,,0,1,
openmoji:1F460,openmoji,1F460,high-heeled shoe,clothing,clean,https://cdn.jsdelivr.net/npm/openmoji@17.0.0/color/svg/1F460.svg,9494dadd274aac1dfad5ac4ba118a30c1d3276c5,eefffbe574e6ff860668c48f685f87cc12b2c6ab,a9b566f3a1df5081190ad6a8cab5710c0a487ab5,133fffcfaf9970b29afef75501d7b4075f2f8963,,0,0,
twemoji:1F460,twemoji,1F460,high-heeled shoe,clothing,clean,https://cdn.jsdelivr.net/gh/jdecked/twemoji@17.0.3/assets/svg/1f460.svg,6f7456da851cf61de6a82fbd5fdb184b694ab4a5,6b6a7302c7d88e464576a0d26131c948879ecea1,838017d70858d092f9042804f2f6945144088a4f,fecb13883ffd455136fbb7f2d13c7e9f6fb04672,,0,0,
fluent:1F460,fluent,1F460,high-heeled shoe,clothing,clean,https://cdn.jsdelivr.net/npm/@lobehub/fluent-emoji-flat@1.1.0/assets/1f460.svg,2273592ac3ee05f40c8382ad77429b27573fd9da,a6abd6c458638a4a18fe7854bf57ea0cd816797a,0d45e66d61ec533ffac846eea60083820a6e6ac2,4eb15f4892bc329ba7dce31f3a08f6f8d7fa76d8,,0,0,134
openmoji:1F461,openmoji,1F461,woman’s sandal,clothing,clean,https://cdn.jsdelivr.net/npm/openmoji@17.0.0/color/svg/1F461.svg,a1026cc88c7d0267fc882035888315c49077ff98,c331de2d93dcc0ce5fa7b80328ad2ee08c9bd7fb,c0855eff9d9749f3cb3a1712bde9c996605b5e1f,570b05054231574cb7380cad9cc9c5c4427c2148,,0,0,
twemoji:1F461,twemoji,1F461,woman’s sandal,clothing,clean,https://cdn.jsdelivr.net/gh/jdecked/twemoji@17.0.3/assets/svg/1f461.svg,cab953cd48dc446aa8768f1af91b7efeff5ca5c3,660f7f0c96a2181cafee37e1332ae8044c8b5272,c11d5d64314fdf94c279c4cb679a531a4ccea8e6,768d17cccaa07a0a8e4de6d2123865638877f353,,0,0,
fluent:1F461,fluent,1F461,woman’s sandal,clothing,clean,https://cdn.jsdelivr.net/npm/@lobehub/fluent-emoji-flat@1.1.0/assets/1f461.svg,b6ac655a4da64b61a7ec7df489bf710eee9b9ea8,0c61242315b9b08f46aa56aadcf2c0421f220fb2,6e66097a9382df0096bba6eb9377868675686753,4ef9527599978851960efc718bd0c7a8a43d9f5f,,0,0,
openmoji:1FA70,openmoji,1FA70,ballet shoes,clothing,clean,https://cdn.jsdelivr.net/npm/openmoji@17.0.0/color/svg/1FA70.svg,12c832e93621e92414afa566a33727789db199c8,0e934b410ec8ec272f158d1a7506cf19b1cc5d16,61e53e56c865d2e7f4c50245df23999bc33afbb8,9c6f218ae389484949e7647fb7899e499ca0fd25,,0,0,
twemoji:1FA70,twemoji,1FA70,ballet shoes,clothing,clean,https://cdn.jsdelivr.net/gh/jdecked/twemoji@17.0.3/assets/svg/1fa70.svg,318c59c4590bec1605df343ba563684b7df5b1b1,7ede63af8d1db523cded1d75eb2e35549c27f849,b5da630cf7ed2663c57a10f0a40181f7cc57b3d6,e4c0993b9aef02869db25867f4a41de015ce68d2,,0,0,
fluent:1FA70,fluent,1FA70,ballet shoes,clothing,clean,https://cdn.jsdelivr.net/npm/@lobehub/fluent-emoji-flat@1.1.0/assets/1fa70.svg,707285a3f3f084b0071ca7bc749baefdfdd632ab,5ab0d627683abd786cfed4c1cfe3f3140713b561,c308829e2f7b664239e11401b9fb96eb59467e42,7433077db2878bce3b598d98be82261ae071d7a6,,0,0,
openmoji:1F462,openmoji,1F462,woman’s boot,clothing,clean,https://cdn.jsdelivr.net/npm/openmoji@17.0.0/color/svg/1F462.svg,6a98678a673499ea6ce08db2a13a8502455755d9,e3a36319b326084febeff332dedbb7ddef2801cf,21abb108fa9175415f0b7d87ea98c217b9a559b8,2b62f57d7a02f1ee6c131b909ce093c33e76e3cf,,0,1,
twemoji:1F462,twemoji,1F462,woman’s boot,clothing,clean,https://cdn.jsdelivr.net/gh/jdecked/twemoji@17.0.3/assets/svg/1f462.svg,9a3d70e66ea4e58f6b47dfd3c0c727d1cfa55020,35bf8b06970cf36746fd721a7f529ea996edcf3d,4624b58486fee6ffe5b4c7c232ebfe5fd152ca2a,4b8092d5b4a08bff33d205b7e2aa771c78de937d,,0,1,
fluent:1F462,fluent,1F462,woman’s boot,clothing,clean,https://cdn.jsdelivr.net/npm/@lobehub/fluent-emoji-flat@1.1.0/assets/1f462.svg,ce4704c7c5e4bf40edb7888e8245502c07f6d620,0deb66525681c0f95c664638cec3a67abf8446e9,b888421571ba4e2affb1b3cf0bb34f1f0846e042,1a133cb80568630507f5d80c6869766d30365def,,0,1,
twemoji:1FAAE,twemoji,1FAAE,hair pick,clothing,clean,https://cdn.jsdelivr.net/gh/jdecked/twemoji@17.0.3/assets/svg/1faae.svg,38f144b3aac7a162a7d3a75edb56a2bd33824749,d0c60fea4fea665356db0aca8e98879d0ab47a61,6d70ef18c34d21ffd121287ba115ad449d0a8689,2106d0d7e6ddf7c3a0079cfa1b2a745d5f72ef18,,1,0,
fluent:1FAAE,fluent,1FAAE,hair pick,clothing,clean,https://cdn.jsdelivr.net/npm/@lobehub/fluent-emoji-flat@1.1.0/assets/1faae.svg,5f2e6e73cdad0479a41c2264a9d88f63d9de6345,1fb27e331a034fd7917f2979855a7d682a6ee500,b4bca0f40a12c4efd3c8ba77c35f2806deef9b38,280e0e9e23e5c816845c718c3f3aa7b4181e1a87,,1,0,
openmoji:1F451,openmoji,1F451,crown,clothing,clean,https://cdn.jsdelivr.net/npm/openmoji@17.0.0/color/svg/1F451.svg,e85d890198d85185269ca6f75c40d5474e0f3039,7797988c2a2cdb8b85304de17fe56469704f4b0b,99736650e752430a90deccf6288d47439bf1ec45,d81ba3fb3dceeea168433a11c010953749870e30,,1,1,
twemoji:1F451,twemoji,1F451,crown,clothing,clean,https://cdn.jsdelivr.net/gh/jdecked/twemoji@17.0.3/assets/svg/1f451.svg,61d8bf1937de4a0afb36e2695fa4b7ebea2f46c4,b97a8f8d570c84088db09bfcb0bb1a7095ec7611,64f50ddf8e61d29ab1ea95d29aa234b58046f711,bedb1e19d015a8f1e875fdfca2e834d088ab8563,,1,1,36
fluent:1F451,fluent,1F451,crown,clothing,clean,https://cdn.jsdelivr.net/npm/@lobehub/fluent-emoji-flat@1.1.0/assets/1f451.svg,0ada7e90859843f6360df44668ff5a56165ae566,fe9708d02ba23ba1c5dbd6f83b842b889b4fd9c3,719b90bae5fd4b97901a5996f9a079f25b4d0fce,18b82a32911d28a9f2ec73a6be5b8e5f3e329fbf,,1,1,
openmoji:1F452,openmoji,1F452,woman’s hat,clothing,clean,https://cdn.jsdelivr.net/npm/openmoji@17.0.0/color/svg/1F452.svg,1bcb0fbc309b10ad90714548b99f13b9da36caad,2eaf066bda5f8ff4355589cd49b4bad2b78ac017,e02906dbe19afc37a3899dc28221e8385b816db1,fa53ddf0ee7ede3942c17d2e40292b57ee475667,,0,0,
twemoji:1F452,twemoji,1F452,woman’s hat,clothing,clean,https://cdn.jsdelivr.net/gh/jdecked/twemoji@17.0.3/assets/svg/1f452.svg,3a6709e9007c4a0be1bb956f30cffd41a601ea4e,4f553817964d0bb2a32a3094108d2ed133455d7f,295fb91fe24797a727cc1ec80343472be0bce5e3,26a31b314b9436c6219e898dfb9be6f1dcab7696,,0,0,
fluent:1F452,fluent,1F452,woman’s hat,clothing,clean,https://cdn.jsdelivr.net/npm/@lobehub/fluent-emoji-flat@1.1.0/assets/1f452.svg,bdfcc925116e54266be6af2c16b9d6472c78ed96,94667d7f77f0d3e66ec84b06da76391c8d070dd0,d39f9334394dd643e2dfe11e3e53389f7bd5f2b8,a19d348d65c5fadb99e99d71374f40db0a29429e,,0,0,
openmoji:1FA96,openmoji,1FA96,military helmet,clothing,clean,https://cdn.jsdelivr.net/npm/openmoji@17.0.0/color/svg/1FA96.svg,e1bd4dbe0c32d1430091160e48b10d8a7e6587de,d12796c20e1aa4d22a8f8ff0b8469baeb60d6066,630e07da5022b5ed555b4c2cd7297667bb0c1261,33b49f9e6761f7b0c274ca0aa7cf9db2e954a56d,,0,0,148
twemoji:1FA96,twemoji,1FA96,military helmet,clothing,clean,https://cdn.jsdelivr.net/gh/jdecked/twemoji@17.0.3/assets/svg/1fa96.svg,e7ee25f4f85ae48257a6657b7f56f6e4f8438130,986c7ec517d6498da06264a58f4fde3b3229349a,f1da8aa7cdacb99f31b5365d3f4493f3e73469c9,edc79b59b883a2a973bffd31abaf8893477b3817,,0,0,
fluent:1FA96,fluent,1FA96,military helmet,clothing,clean,https://cdn.jsdelivr.net/npm/@lobehub/fluent-emoji-flat@1.1.0/assets/1fa96.svg,dd2615d5a15da018cd58a4ccddb4f13bb6f71bb4,9b3926003dbbb7a1d3958bca6ba0203c90344b0a,3cf589908c9ab551592fb89fd97abec2870031ec,9633a7496d63cd2f7cb097adea0eee7b005b2614,,0,0,
openmoji:26D1,openmoji,26D1,rescue worker’s helmet,clothing,clean,https://cdn.jsdelivr.net/npm/openmoji@17.0.0/color/svg/26D1.svg,00b80fe5fa93428971739ca5fa97b04f5ef1fd88,620074cc741852dcba4230dacd72eb319f1b1cbb,fd032b6d1741f4042622af15ac2a5069bf6e8127,34318be9c1252b7395b07b43c1473ec4d64855ee,,1,0,92
twemoji:26D1,twemoji,26D1,rescue worker’s helmet,clothing,clean,https://cdn.jsdelivr.net/gh/jdecked/twemoji@17.0.3/assets/svg/26d1.svg,ed0fe3f1ce258292211b662752869b2d9249d305,35dfb5ec9c71d9795a1c2403a9512c3715a6f5d9,3ce2af2d32dae7d32ca8ea16a73d2acf7a2a1523,d19572663d6a51aa54ab1f545f53de88c935d95a,,1,0,22
openmoji:1F4FF,openmoji,1F4FF,prayer beads,clothing,clean,https://cdn.jsdelivr.net/npm/openmoji@17.0.0/color/svg/1F4FF.svg,b153cac0026386779c3598609033c643de372d50,0743fcc181270430e15928689c05d13f560c5398,f059f023ee365fbf9c2ac0b3f488d684be957983,1b1fe8bd62be1337848cfd687a4c3f557ff00412,,0,1,
twemoji:1F4FF,twemoji,1F4FF,prayer beads,clothing,clean,https://cdn.jsdelivr.net/gh/jdecked/twemoji@17.0.3/assets/svg/1f4ff.svg,10f672d6a52384adcf022708f81b6f93a66a8146,a156cd9d7ab055caa5819c9ef68a5927da577c32,78308b9c0e2ad8385a2f3e5754cb671378e4d41e,745f99d2282a09e6157d33050e5a3fba3e3341e8,,0,1,
fluent:1F4FF,fluent,1F4FF,prayer beads,clothing,clean,https://cdn.jsdelivr.net/npm/@lobehub/fluent-emoji-flat@1.1.0/assets/1f4ff.svg,9f73bf97450d3fca51879793c6963422ba182fa1,d5913c16d5447c643bd70745da0d4788c6dd7bb5,494f557ad7324e0a05dc34239027862db2be23ef,a398b28c17c5e7b26e7ea4e8b672f76987b2b9ac,,0,1,162
twemoji:1F484,twemoji,1F484,lipstick,clothing,clean,https://cdn.jsdelivr.net/gh/jdecked/twemoji@17.0.3/assets/svg/1f484.svg,00cd6de59f038035e05e3757e574b97eb9f8793b,16ff70b65487c71a98696b6bebb01387d32fd0fd,d2c4bbc017fb1e656fbbb8535c22b15d88a70503,c8dfa87b7a3c7d2aecba9b7e7aeb35a97d550f60,,0,1,120
fluent:1F484,fluent,1F484,lipstick,clothing,clean,https://cdn.jsdelivr.net/npm/@lobehub/fluent-emoji-flat@1.1.0/assets/1f484.svg,8b582f17733ef060696fdf656b12c28191bff5c4,23a3c0cf94fb2ee81354e83e7cdcfcd1aad6cf5d,cba9bdadd0485183eb88416e32ca0ce4065e5200,313f9b1436fc9d8b9fe3fbfd979379d572ae8a63,,0,1,
openmoji:1F48D,openmoji,1F48D,ring,clothing,clean,https://cdn.jsdelivr.net/npm/openmoji@17.0.0/color/svg/1F48D.svg,e0e1a8d0dbe36d53c1a0d3104085f27a80ab5091,c01540201a435bc3600c6d7f385040b979d61d93,b74ca564dde87225762a285357347deb661328ff,f69d490542ba008658359a3b665e133ef14f1be1,,0,0,
twemoji:1F48D,twemoji,1F48D,ring,clothing,clean,https://cdn.jsdelivr.net/gh/jdecked/twemoji@17.0.3/assets/svg/1f48d.svg,d3a66bbd2aa69453141dca4719b0205e83e07387,b929ac720d53766dbd31bd8a527ef9d8e2e722bb,a44820a49315746616cc98885c386292458dd70e,98c4abd07233639f9ea72c0530b8f1d8d3313003,,0,0,
fluent:1F48D,fluent,1F48D,ring,clothing,clean,https://cdn.jsdelivr.net/npm/@lobehub/fluent-emoji-flat@1.1.0/assets/1f48d.svg,4e2136e6b2c6a1725e49d2ef8bf386700fcd8a69,4eed56f0c04d13132b1a9d51b53bedde0d08c112,0aa5ffc643aef3b3bd9cce301bcf20bba5fa4fdb,ef8e643e37b3cc534c08b9f55bec9eae5a931f22,,0,0,
openmoji:1FA93,openmoji,1FA93,axe,tool,clean,https://cdn.jsdelivr.net/npm/openmoji@17.0.0/color/svg/1FA93.svg,16762e8f0723f6065fd71a5bab42bc867c048aaf,b4f8b9f3cad97b31b8358c9c61f905cd2a9b255e,2241839ebd017eabe282ade37d5f15e46916a3b5,2d1a680051c05a7760543acf63e9cd470ecf8250,,0,1,51
twemoji:1FA93,twemoji,1FA93,axe,tool,clean,https://cdn.jsdelivr.net/gh/jdecked/twemoji@17.0.3/assets/svg/1fa93.svg,d0070e9146ecbc78387a928a010e935fb2705482,4f416d2079a2b25ee95aac2663f658f816c11f02,29cb8010e289848cacfb1e2558e851faf712b7a7,73c33b9cc214e925c2eadfdb18f833a6d1e2fcea,,0,1,
fluent:1FA93,fluent,1FA93,axe,tool,clean,https://cdn.jsdelivr.net/npm/@lobehub/fluent-emoji-flat@1.1.0/assets/1fa93.svg,5d82c7e76f28480948f28c3c702f80176a46e1d5,b364ced9d6757d50e9b333de77372a9f9580949b,7011a00aaa48723b380fcb8b311f8a06b1c0db2d,4b148fb068a04e527a44daaa50881e0cd56cba65,,0,1,121
twemoji:26CF,twemoji,26CF,pick,tool,clean,https://cdn.jsdelivr.net/gh/jdecked/twemoji@17.0.3/assets/svg/26cf.svg,d57aed718fc7814f31c718ba9ef704ccd4434a3f,71937f6a20560de2a05619ce908faf9dec6c7061,d5282922c11251c2cfeedb3382a7991c383203fe,c01134fbfe5853a6d9bf6c9b5fd3f84168cd1e53,,0,0,
openmoji:2692,openmoji,2692,hammer and pick,tool,clean,https://cdn.jsdelivr.net/npm/openmoji@17.0.0/color/svg/2692.svg,26d2729539c377d34a903c0deb72c7e8d5e7b263,83482c719dd058d7c08c2c44bebfd2978c32921e,0d94f5b35c46dfa7fa5556a1a1caecc9fe6abdf7,93e025aa342407fedda8964eeb9a51a33517ae32,,1,1,93
twemoji:2692,twemoji,2692,hammer and pick,tool,clean,https://cdn.jsdelivr.net/gh/jdecked/twemoji@17.0.3/assets/svg/2692.svg,2bc182a18360f5e96911626b49d2bfb50b6e4758,cf1dbce364451ad90a75ef4e7d188b56d8b0dfee,dea093d622fc2ad19e1db8e298339734693a1011,f924503e04c04ce3fd6d44478b9dcc481b62ca76,,1,1,191
openmoji:1F5E1,openmoji,1F5E1,dagger,tool,clean,https://cdn.jsdelivr.net/npm/openmoji@17.0.0/color/svg/1F5E1.svg,4bcde54619888e434fd83888cdcc824f719ba29c,2af4ead1260c5ab0e648857bed6b0f94ade01c23,bedfb501e18ef2d4a4f40b16ec069481e8e4ceb0,85d4f209f54371f83ee94ea6df1ccf392b2f031f,,0,0,
twemoji:1F5E1,twemoji,1F5E1,dagger,tool,clean,https://cdn.jsdelivr.net/gh/jdecked/twemoji@17.0.3/assets/svg/1f5e1.svg,83635c4568762583a3c27ea893c734933a0ae166,3d57afcebff70d6d4127bc6e95e8448979db311a,b17c02fbc8c63c72c4c31573d41691ca7871fb99,bfc903ee957d08a2934d19f06b0d2886d13c8b5a,,0,0,149
openmoji:2694,openmoji,2694,crossed swords,tool,clean,https://cdn.jsdelivr.net/npm/openmoji@17.0.0/color/svg/2694.svg,ccb4dc1e724c5ca1a7aa656b9f72cd93c3681125,d30f876840fd6428ef769e713619ea6acbf96680,bcd3b1e66032fc50046b07852e6c5427dc16c7ff,5b4a2e07f0c078f2d0a917547fc7b9fe785e693a,,0,0,
twemoji:2694,twemoji,2694,crossed swords,tool,clean,https://cdn.jsdelivr.net/gh/jdecked/twemoji@17.0.3/assets/svg/2694.svg,c8a01e199286d2fadbcc1cf81762eb4858642982,c7224e974c8b759ec05cdc19d10db540a523c711,0dd38717cc0fd4528994213a0d0b465ec74feee6,38182ea2d6af980e5e04202da5291d96eb475948,,0,0,
openmoji:1F4A3,openmoji,1F4A3,bomb,tool,clean,https://cdn.jsdelivr.net/npm/openmoji@17.0.0/color/svg/1F4A3.svg,0b1199ec0e49782ff677d7ef56019847d7013b17,1b8a1ddfe4221fc02d128f71e5250cb96d25393e,1a475ff366d0151d3bf3f9b1bfb1ffd28ade43d8,f76346a65825bb55dec33ee1e24070d42c562eb2,,1,0,
twemoji:1F4A3,twemoji,1F4A3,bomb,tool,clean,https://cdn.jsdelivr.net/gh/jdecked/twemoji@17.0.3/assets/svg/1f4a3.svg,f351a630e5d37b0318b976a65d4bd345c332f9ac,3951c1ff9912188dd8a2e2843b520ba040c4d81e,6e2aeb8245faa14b48687516fc5a7a6e699bf073,109b17f9823c4692e60ca3bb555f2e4ad421d59a,,1,0,
fluent:1F4A3,fluent,1F4A3,bomb,tool,clean,https://cdn.jsdelivr.net/npm/@lobehub/fluent-emoji-flat@1.1.0/assets/1f4a3.svg,62f7067c30103f2f82ce6e11ac5ef4378bdebb43,af98d1dcaf891f161a9e23da9301b309662b61b7,94ba2d1ffea4be615bf6f04497e83681bead0395,a5290b909d2c12a6f93ba846eace637a847f0608,,1,0,
openmoji:1F3F9,openmoji,1F3F9,bow and arrow,tool,clean,https://cdn.jsdelivr.net/npm/openmoji@17.0.0/color/svg/1F3F9.svg,d37fd510fc574b376a65defe4d07df8ce3e699ab,dcda5602af5854e6024f5b62ed66058121b1f11d,77ba6eb5f70fe00e0fefc2de0eebeb89f5c6b94a,6eb40ae6a9a19585fbcdc85fb3c2d8c1d1381337,,0,0,177
twemoji:1F3F9,twemoji,1F3F9,bow and arrow,tool,clean,https://cdn.jsdelivr.net/gh/jdecked/twemoji@17.0.3/assets/svg/1f3f9.svg,31c73d4c3b4ed024f0e41e1ccf792f792b39d4d5,491666b05fc4a0100a0198e62b2cc15726f4b7c7,169e221e83500112bdb350431d903a22dfc1ccac,8cbaf268e0aebe17d1242b469e3f437dd7230e01,,0,0,65
fluent:1F3F9,fluent,1F3F9,bow and arrow,tool,clean,https://cdn.jsdelivr.net/npm/@lobehub/fluent-emoji-flat@1.1.0/assets/1f3f9.svg,0de1b46c49ae5318c596c6817bba2789965f9377,0aec2eb617fa3c26ed2b2e6a210a4fe36a8d7ff8,53e73f069bd2c88d0574ef0aa9bedc3b7353a32b,f9c5a4e24675134cb20a75429927393b4cf43261,,0,0,
twemoji:1FA9A,twemoji,1FA9A,carpentry saw,tool,clean,https://cdn.jsdelivr.net/gh/jdecked/twemoji@17.0.3/assets/svg/1fa9a.svg,b70fe2725683ec36ea5be8d10ea0299287dd90b9,e012d3c61f459ba75195a3beb9a3cc989f1d263b,115709ea3612fec68deb2ae82f5ed2c42946035a,573ae3d0131e27bb9b155a4dae1274909752c45c,,0,0,
fluent:1FA9A,fluent,1FA9A,carpentry saw,tool,clean,https://cdn.jsdelivr.net/npm/@lobehub/fluent-emoji-flat@1.1.0/assets/1fa9a.svg,380465cb3f0e2c70d2b515e14cabe5419b4cde5e,24f7cdb0aca38d3aaa43f707c359bffe3ad38ece,876a2d1c31765dd21cf50ea5882b093eb135da4e,161ee324852d8eeec157226dcba6f080d2a3157f,,0,0,9
twemoji:1F527,twemoji,1F527,wrench,tool,clean,https://cdn.jsdelivr.net/gh/jdecked/twemoji@17.0.3/assets/svg/1f527.svg,6b3c3dc78af2c9b2f8830a7af41a9050b300c6f9,85d72f348529d0710871362dcd3ebcedf6819d86,2c5399b7610f432d8365e3d7e23839ce5d932ad9,a946ef36ab2353f3d4414a1cddba537805d5913d,,0,0,
fluent:1F527,fluent,1F527,wrench,tool,clean,https://cdn.jsdelivr.net/npm/@lobehub/fluent-emoji-flat@1.1.0/assets/1f527.svg,820903f946165a5e08d9a380a828d05c5cafefae,f58073e1ede6141669bf6504189bdf85d4418c39,151dec39d69ced0ef1db4de19f64e7a634b0e3bc,087def3b2666131603dc628ce9d304ede4c3180b,,0,0,79
twemoji:2699,twemoji,2699,gear,tool,clean,https://cdn.jsdelivr.net/gh/jdecked/twemoji@17.0.3/assets/svg/2699.svg,9de4c57d0a42e40415d51c0a94e7e1bbdb0751c7,10cec892d9a2e1e46acb568fe03d183968269977,bdcf38f7ca563dea5fb80b62d6acebe15ffcf472,d0c5a969f5f23f517ad1b5e7699e1dd21b52ea35,,0,1,
twemoji:26D3-FE0F-200D-1F4A5,twemoji,26D3-FE0F-200D-1F4A5,broken chain,tool,clean,https://cdn.jsdelivr.net/gh/jdecked/twemoji@17.0.3/assets/svg/26d3-fe0f-200d-1f4a5.svg,b34054dd599be77b954ca426f7a84c3ad62b437b,0529716ceb533796911b7825bec77af70dd579a5,1d52693a9d2de96c3cf0346e38f16f13adabbedc,c51e283a7ea050ad4651d015acf853997362a557,,0,0,
twemoji:26D3,twemoji,26D3,chains,tool,clean,https://cdn.jsdelivr.net/gh/jdecked/twemoji@17.0.3/assets/svg/26d3.svg,5fc36d6c3514eb2defe8a4323395cf3be769616d,d75b77944873a141111f577609fad4e81cde46cd,204914b189a7ca29a3ecadf8138e5abce96ec402,6bccddabda02dc72120704f3fb7336a0f60f9b5c,,1,0,
openmoji:1FA9D,openmoji,1FA9D,hook,tool,clean,https://cdn.jsdelivr.net/npm/openmoji@17.0.0/color/svg/1FA9D.svg,667df8125172ba35180cbba5db417363517b2601,1e1dbdddca9e9af2bdd52cd0de5bf513c6a740ac,70eb8977273d44f95aee97211b63725bd0cd2cf0,abfbc7951cbc486d34d9ead09232839d60357052,,0,0,23
twemoji:1FA9D,twemoji,1FA9D,hook,tool,clean,https://cdn.jsdelivr.net/gh/jdecked/twemoji@17.0.3/assets/svg/1fa9d.svg,b9ff2254a1cb90e9a69a8bbf4b0ad32a229fb0b7,ff52a0b766d4a04bbc157299f296f5a6e5a45726,0b413d6cb4a1f213b42aefe7756c43c69bcf7474,da26a042930f442dbd12db5daea19e8d8f8bbac9,,0,0,
fluent:1FA9D,fluent,1FA9D,hook,tool,clean,https://cdn.jsdelivr.net/npm/@lobehub/fluent-emoji-flat@1.1.0/assets/1fa9d.svg,55d2442d03db7e16f56ec14515496e9ed9ea4bf9,b6c4bd2970068e4d146ddfc36e8d668bd57176dd,9d6e9fbb65f56332869b85a67214b6ff2841950c,e263051c2a0117b676cbe9619f66f673302f3854,,0,0,
openmoji:1F6AA,openmoji,1F6AA,door,household,clean,https://cdn.jsdelivr.net/npm/openmoji@17.0.0/color/svg/1F6AA.svg,396e14542cdfcfa4bff901f491370c37df181371,a2992c3eee40493e9019047f0656a46757ec2962,57a725438c9cc85d1b15121c95a1bcd83a82d11e,eaccac95440ae97f96e1993cdd2ea01defe12c6d,,0,0,
twemoji:1F6AA,twemoji,1F6AA,door,household,clean,https://cdn.jsdelivr.net/gh/jdecked/twemoji@17.0.3/assets/svg/1f6aa.svg,1e5910482d30164c9399e86fcfe5698344fc0b8c,c31a8899cef4ac90607bc522dd37648b5dd24e01,50c7edcf7f15d4acd443c69fda15b373eb214a75,bc7820f879f704653ed065aa2e8884335c140c45,,0,0,108
fluent:1F6AA,fluent,1F6AA,door,household,clean,https://cdn.jsdelivr.net/npm/@lobehub/fluent-emoji-flat@1.1.0/assets/1f6aa.svg,7e867e9a115b65b1dd85f336e2069cb91bf6b3cc,a46ea1b4fb2c4844414881493e970d9b5ee38ef4,9317a320dab9034d4fefc9cb9bbb3062cd91e95f,385696c5225084efecda3f51bb7200a26a44eb22,,0,0,
twemoji:1FA9E,twemoji,1FA9E,mirror,household,clean,https://cdn.jsdelivr.net/gh/jdecked/twemoji@17.0.3/assets/svg/1fa9e.svg,0c7b8a48d577ca57b2f3e9709724d5feb5a199f9,4562ec5fe94a80e20d86fb9339c71e4be676dd2b,3a5315c93837574b2aff090a3abbaa8a00652970,fca6a3c9d73ee04f31405ec761a8ebc6505a23f0,,0,0,
fluent:1FA9E,fluent,1FA9E,mirror,household,clean,https://cdn.jsdelivr.net/npm/@lobehub/fluent-emoji-flat@1.1.0/assets/1fa9e.svg,2bb91b4ff356e4da95a00fb355271db447221e94,03a8037fcaf567859861b7f757250827b9461cb4,75e2f7e14e7569b7bf1e17401c642c4529086f97,79ebacf7b636cdf5f06f5ee50b321f28a28cbc3a,,0,0,
twemoji:1F6CF,twemoji,1F6CF,bed,household,clean,https://cdn.jsdelivr.net/gh/jdecked/twemoji@17.0.3/assets/svg/1f6cf.svg,dff1267ee51353f56ff13c6222d5781ee45ba55c,48dacbed99691e10336a2b56e96d6daed5174a4b,3b0c7644dff6efcb41df2bb046329baf550dbc28,298144eee64e405aed52aba8d56a8160fdb2bd1e,,0,0,192
openmoji:1FA91,openmoji,1FA91,chair,household,clean,https://cdn.jsdelivr.net/npm/openmoji@17.0.0/color/svg/1FA91.svg,c82d98571467ccdb1fc62f4b38c599a670145977,df3bc967a3469c29b51593f747f6a8f583d63b63,cb4ff18d44f761325824b830c46fe8a59ed0046c,88f5dbba3d059bd29bf422da34b121b1f4b6609e,,1,0,
twemoji:1FA91,twemoji,1FA91,chair,household,clean,https://cdn.jsdelivr.net/gh/jdecked/twemoji@17.0.3/assets/svg/1fa91.svg,70354d4863fba86f3ae57eb6ae6eaf763faa993d,eabf01194ea327937f8bba9ad10e973c5c196a5a,05177e7b2d8faae72b6b24794e3ff195119ab9df,bb2ba4e997196ab4839d4719e3607a3266dcf579,,1,0,
fluent:1FA91,fluent,1FA91,chair,household,clean,https://cdn.jsdelivr.net/npm/@lobehub/fluent-emoji-flat@1.1.0/assets/1fa91.svg,a33ae94968201a83f02c6acba2780529e978394b,e0a2f49393d1b439cdb443148ce4d8488392244e,7babfa672b7f3bbf3afb8a4e2eab2e6d7b4d98b5,fd34734df476c0dbe9cda0dfe55a1975de46b0f4,,1,0,
openmoji:1FAA0,openmoji,1FAA0,plunger,household,clean,https://cdn.jsdelivr.net/npm/openmoji@17.0.0/color/svg/1FAA0.svg,16a5b0749e7ec6885af91a69bbe0398abe0e5e2e,fd0e9cb254253e8b5890da74b74cb4bdb0306e53,7a4180fcd9c889da352757153021d5df6717ef17,7b1645a23e533a9ba5a1f43d7187bdfc5bc8adba,,0,0,
twemoji:1FAA0,twemoji,1FAA0,plunger,household,clean,https://cdn.jsdelivr.net/gh/jdecked/twemoji@17.0.3/assets/svg/1faa0.svg,8a1d24af37f8c5b2bd4dc690b5106552712e1cc7,688850bd886f23f959d92bdaac5b0f0c46d370e0,81889247874bdced8a456a2fcbdf0fb0e2a17a5b,c4309aefc4a6032985a2ba79bba416c85d95328b,,0,0,136
fluent:1FAA0,fluent,1FAA0,plunger,household,clean,https://cdn.jsdelivr.net/npm/@lobehub/fluent-emoji-flat@1.1.0/assets/1faa0.svg,4c64e5fdf1f864f4bed7e8302c485c441fb6da33,93c0080a294fc094302b8e123e3c47bfa7ab305a,ed7efdbc031dc07f629e94c9e6cad784773ca6db,12d56ffd75203e8ee1d8aa5aa12d43cd20d5e4db,,0,0,
openmoji:1F6C1,openmoji,1F6C1,bathtub,household,clean,https://cdn.jsdelivr.net/npm/openmoji@17.0.0/color/svg/1F6C1.svg,93d7c2241e50902ea415fd769e97009b4561be47,186bcd07780a7162e05036726186e5f692758205,d9792632423510b628ce9bf88aa0331d3711881d,10c5f611cc13408084c12dca65c7ca06a6a7b8e6,,1,0,94
twemoji:1F6C1,twemoji,1F6C1,bathtub,household,clean,https://cdn.jsdelivr.net/gh/jdecked/twemoji@17.0.3/assets/svg/1f6c1.svg,94f8d1bf5f2eaaa7735863e54c35afca41eaf98d,8d5292af22fbf65dd1ba82b519fc74ac83e28842,f7e1d009b6dc23b48fe48f3368f3350f7a900dc1,562cb1a169ee2f2b59b4c837c00a3d32436f6116,,1,0,52
fluent:1F6C1,fluent,1F6C1,bathtub,household,clean,https://cdn.jsdelivr.net/npm/@lobehub/fluent-emoji-flat@1.1.0/assets/1f6c1.svg,130a9a5bccd0803e52d10b36803fde10692d16e0,fba3306d142b0fa6e300b1361b92acd6eaa38eea,a81133ac30c961979a5a8818f843406c39b8cde7,033fa41602cfd041e5244c7b5f9980b3dd6a63b3,,1,0,
twemoji:1F9FA,twemoji,1F9FA,basket,household,clean,https://cdn.jsdelivr.net/gh/jdecked/twemoji@17.0.3/assets/svg/1f9fa.svg,00251d95404b2657b4e04e9b7cc7326dc470842d,3d1d98f1c57113383872d05a9a5a8d4ed03683db,8a5a1627f19afcf2b4f8e5d36886fca9d70bd84a,8b4d29c27eeb4adf138ca86835fc1729032acdb5,,0,1,
fluent:1F9FA,fluent,1F9FA,basket,household,clean,https://cdn.jsdelivr.net/npm/@lobehub/fluent-emoji-flat@1.1.0/assets/1f9fa.svg,5664e9ec54182c7464bda52028ca3919ba16ccc4,98c69c7d50cd51955192350ee9951c09caf9b537,9596119c75f607180cca4b504cb361f51245f5c1,181c78706805607647782182097e3bd1ce67d6d2,,0,1,
twemoji:1F9FC,twemoji,1F9FC,soap,household,clean,https://cdn.jsdelivr.net/gh/jdecked/twemoji@17.0.3/assets/svg/1f9fc.svg,7c37995fe7f6fcd10614ba4267890dd1cfc50c0b,dededaea08be19a699967b90f57667f7254d44bc,34405feaf13a9a99e8e8d06c5674e1a3677cdfed,2f1743e5d3d4c2c3502903a0cf4cb7336048f8d5,,0,0,
fluent:1F9FC,fluent,1F9FC,soap,household,clean,https://cdn.jsdelivr.net/npm/@lobehub/fluent-emoji-flat@1.1.0/assets/1f9fc.svg,423e3e56c22465965d2c25f31d69e987367b597c,06d50ad33c6e0ca514a746c79f5c60413e55b592,e9882d080ff74d21eea7f7d76e02596fb4ac43b6,b9b9544ed7c0e5b89ad6e7dd62ae93227756a85c,,0,0,178
openmoji:1FAA5,openmoji,1FAA5,toothbrush,household,clean,https://cdn.jsdelivr.net/npm/openmoji@17.0.0/color/svg/1FAA5.svg,99e4f9461bd3b673a536987942612d0dc5afdd85,88c0dcdd6bdf27a139bf30d2948cbeb7e70a3e7c,799aea4a949c1f0b3bc7bb9555fe8d6ba552c260,6f696211d8fc563c840709b8c8f0c7551dbc5740,,0,0,
twemoji:1FAA5,twemoji,1FAA5,toothbrush,household,clean,https://cdn.jsdelivr.net/gh/jdecked/twemoji@17.0.3/assets/svg/1faa5.svg,6081771ef2f0d3aa97077308e7cad2dcea108cd5,9c673dd872efd1b94a9b776c8093a48a060dd56e,22f435958873473bf47c329f3ff747426c276c85,7bf532d8ee7fdf7b260c520c01855bbd4c3c2d2b,,0,0,80
fluent:1FAA5,fluent,1FAA5,toothbrush,household,clean,https://cdn.jsdelivr.net/npm/@lobehub/fluent-emoji-flat@1.1.0/assets/1faa5.svg,71a2ce5547c6423622eedd8e0de90c9be3db7472,09c4d9348d26fdea0df5f31e140ccb35e8b11884,5ef95dd94ac94868ffea2a522daceed00c220b6f,306f10f4934b644d99f5b6d27f87fd9a9946c914,,0,0,
twemoji:1F6D2,twemoji,1F6D2,shopping cart,household,clean,https://cdn.jsdelivr.net/gh/jdecked/twemoji@17.0.3/assets/svg/1f6d2.svg,1ded3a37027293f7ee56faac56ebd44546234cd3,a169b5558be8166307edbbc9994b797c8f7e02ac,9a54c2b9a02a7327b86bc8a283e76831e552c56f,0ab8bac0a06bbf572c959db0bee56bb5ef1a6b57,,0,0,150
fluent:1F6D2,fluent,1F6D2,shopping cart,household,clean,https://cdn.jsdelivr.net/npm/@lobehub/fluent-emoji-flat@1.1.0/assets/1f6d2.svg,4e809dd9f4e541ee980b958e321302c47dc63cd4,8165046f35abd3789f36957bfe9be0c8f9354820,7325e31ef751d3a5689e9cbdd9f67f648caf44fc,44a9dcb9356687760a6db3854c26281532d61ecf,,0,0,
openmoji:1F7E0,openmoji,1F7E0,orange circle,geometric,clean,https://cdn.jsdelivr.net/npm/openmoji@17.0.0/color/svg/1F7E0.svg,88d522f096baaf6d7895152ac46feff7c349d5de,a722d47e1a498c441017fb3412cebf1c406b1af2,02160fbe417d34c9a79ca876fa1f45c839c4e328,3de25b3cbcc338ddeb6a50173f67696d7b4f69da,,0,0,125
twemoji:1F7E0,twemoji,1F7E0,orange circle,geometric,clean,https://cdn.jsdelivr.net/gh/jdecked/twemoji@17.0.3/assets/svg/1f7e0.svg,8057b53d0767fe2bcce705283ce939d4bdd94bae,321ffdd6b6ccf2cf7938d47357597e4b4a868a8c,66edd567f2c94ee800c8206f2484d2ae39bac19d,1a629e25d7ce9d757e4b634782b8e1fd48bf80ce,,0,0,
fluent:1F7E0,fluent,1F7E0,orange circle,geometric,clean,https://cdn.jsdelivr.net/npm/@lobehub/fluent-emoji-flat@1.1.0/assets/1f7e0.svg,bbd76aebbd50ea1a1afdc9b0c04aa10ca897192e,26e123d410bba2f0438cc2ea1c945f10ae960158,02ae0fd756584e50b7e11ba5ed26c8782760c05b,9b81be503bdc25543f03d43662ae9ee9dd82ca26,,0,0,111
openmoji:1F7E1,openmoji,1F7E1,yellow circle,geometric,clean,https://cdn.jsdelivr.net/npm/openmoji@17.0.0/color/svg/1F7E1.svg,7bda43a73a4779d30098a07b4660c0c62e588bc5,a722d47e1a498c441017fb3412cebf1c406b1af2,ae6d4c6deaf9052a0bc2e6ee11709b10fb377f5e,0a7c43713a6fe725ca6d1bacaa9f5764a98ed887,,0,0,
twemoji:1F7E1,twemoji,1F7E1,yellow circle,geometric,clean,https://cdn.jsdelivr.net/gh/jdecked/twemoji@17.0.3/assets/svg/1f7e1.svg,28713883b66b3df5c1778914d81a4b9e470a2c11,321ffdd6b6ccf2cf7938d47357597e4b4a868a8c,6d36faf28a3bb80a360ae072ed8e21580735ec61,6c2903880d5782471ea91db9718cb43b4f13686a,,0,0,
fluent:1F7E1,fluent,1F7E1,yellow circle,geometric,clean,https://cdn.jsdelivr.net/npm/@lobehub/fluent-emoji-flat@1.1.0/assets/1f7e1.svg,297fd430e3cdacf98cafeca91785449387efd607,26e123d410bba2f0438cc2ea1c945f10ae960158,5297e40a002462cbed08bc426e54889430e4c576,3cba025262afc05b07b2c589adbc811d6438c1d3,,0,0,
openmoji:1F535,openmoji,1F535,blue circle,geometric,clean,https://cdn.jsdelivr.net/npm/openmoji@17.0.0/color/svg/1F535.svg,1afd6829a6912a55af1ada054ea2db7d160d8168,a722d47e1a498c441017fb3412cebf1c406b1af2,370c2aa02669be14c107292c5fc5dac68983fbc3,96ac46183339514abbafcbe5dbfc167751cd5b3d,,0,0,181
twemoji:1F535,twemoji,1F535,blue circle,geometric,clean,https://cdn.jsdelivr.net/gh/jdecked/twemoji@17.0.3/assets/svg/1f535.svg,689263d858301cb1cf432119dfe9969da6e60ae2,321ffdd6b6ccf2cf7938d47357597e4b4a868a8c,fc77c915929a63e3ea4ef48cf06af368918447da,db963ab3bc41b47652b9978389caf60da46da11d,,0,0,
fluent:1F535,fluent,1F535,blue circle,geometric,clean,https://cdn.jsdelivr.net/npm/@lobehub/fluent-emoji-flat@1.1.0/assets/1f535.svg,f8c2935097f329794d1ac8bd3b6e7e4e40fea877,26e123d410bba2f0438cc2ea1c945f10ae960158,f040e172c3662d30c7c20adc09d699244a0f1c9b,b644046cb4b2aac85a73654dbdb468a0197511b2,,0,0,
openmoji:1F7E3,openmoji,1F7E3,purple circle,geometric,clean,https://cdn.jsdelivr.net/npm/openmoji@17.0.0/color/svg/1F7E3.svg,e54b4b362501d6465f6e339e9390adbb1915de90,a722d47e1a498c441017fb3412cebf1c406b1af2,a3087d48c6f3f0587bb8f0e86fff65e89768455e,86caf681ec41768cd7a47fe7b9ed2cad644eff96,,0,0,
twemoji:1F7E3,twemoji,1F7E3,purple circle,geometric,clean,https://cdn.jsdelivr.net/gh/jdecked/twemoji@17.0.3/assets/svg/1f7e3.svg,27ebd33589a5548cdbe9b7014460fceb7759a3e8,321ffdd6b6ccf2cf7938d47357597e4b4a868a8c,66edd567f2c94ee800c8206f2484d2ae39bac19d,517a59eedd41718ef4896efa43c60a6519eebabf,,0,0,97
fluent:1F7E3,fluent,1F7E3,purple circle,geometric,clean,https://cdn.jsdelivr.net/npm/@lobehub/fluent-emoji-flat@1.1.0/assets/1f7e3.svg,c8540525a3eb622df972d063683471ed3fb4bb68,26e123d410bba2f0438cc2ea1c945f10ae960158,2bacaaf69c3dea50f9370cc79e311a089edb52b6,c40c97857cf56fd034bb5b48befe0938dae355ab,,0,0,41
openmoji:26AB,openmoji,26AB,black circle,geometric,clean,https://cdn.jsdelivr.net/npm/openmoji@17.0.0/color/svg/26AB.svg,2a8da1278172bc48cb9197d901084cf094d55525,940ecac53e1c088b920a44c4e83e0d4fda1f6277,856a179eec5f3476a8f39375ad2a954b0ed56cc7,a6c59f22e2058b7a5554688fb6fe5fa265caa53e,,0,1,195
twemoji:26AB,twemoji,26AB,black circle,geometric,clean,https://cdn.jsdelivr.net/gh/jdecked/twemoji@17.0.3/assets/svg/26ab.svg,7c82d38df097badd618c71ea40c27b2aa7ef1b5c,321ffdd6b6ccf2cf7938d47357597e4b4a868a8c,fb8aa08c85b5a42e7d4b9ef231e7bda05d264c8c,00822c043009cda1eb99d813090c410192a9d6b7,,0,1,
fluent:26AB,fluent,26AB,black circle,geometric,clean,https://cdn.jsdelivr.net/npm/@lobehub/fluent-emoji-flat@1.1.0/assets/26ab.svg,d8a969c5c06ff5dc6f4d76923829cb88694a6532,d8a969c5c06ff5dc6f4d76923829cb88694a6532,d8a969c5c06ff5dc6f4d76923829cb88694a6532,52ea49ea845dc49832a45e466a735dbfe04f174a,,0,1,
openmoji:26AA,openmoji,26AA,white circle,geometric,clean,https://cdn.jsdelivr.net/npm/openmoji@17.0.0/color/svg/26AA.svg,3ebf2f081f7f856db0c3a0e1cd90821d1c5434eb,08644623aa9ea25214ead53f6fc73346646b298d,adea3474eb7e3f893d5c8bf76026425a6389b719,8840344f13f0cad5c33936f90a65f3c252b885a6,,0,1,139
twemoji:26AA,twemoji,26AA,white circle,geometric,clean,https://cdn.jsdelivr.net/gh/jdecked/twemoji@17.0.3/assets/svg/26aa.svg,35d7fcfaa3b357a6c9a17fcae41998cee3e2986a,321ffdd6b6ccf2cf7938d47357597e4b4a868a8c,3f345665de1def530bfb34a9ced1683653ca53c1,7375c665d072cf8ffb3c8137aa61a1dc45145fe7,,0,1,153
fluent:26AA,fluent,26AA,white circle,geometric,clean,https://cdn.jsdelivr.net/npm/@lobehub/fluent-emoji-flat@1.1.0/assets/26aa.svg,a6763b5c083bf6feb9cdae08aaedbd2e96ce5dec,66a98a4da7336da85d24b21c3f1df81172df7da9,fb767a49a3f9acdd01d507c15fdb13f46e5de0d0,f009a466cdd13bf43abe40bf1410438e7c1038a7,,0,1,
openmoji:1F7E7,openmoji,1F7E7,orange square,geometric,clean,https://cdn.jsdelivr.net/npm/openmoji@17.0.0/color/svg/1F7E7.svg,120cc7d86ff881eb0ff03cfe42ee01c6ef604a75,7e38b2fe0ed7a112083f1e7aabdbe0089414f56d,4920881071c95847e09cc7ece21b76a5aa712507,37bcbe23850c18a596dc4e5f9c619f0073c1dfda,,1,0,
twemoji:1F7E7,twemoji,1F7E7,orange square,geometric,clean,https://cdn.jsdelivr.net/gh/jdecked/twemoji@17.0.3/assets/svg/1f7e7.svg,038b622e62670f7c55b67bca65b9d48b6d7b4256,59c56cf25e393da3507d173543591f35ca80e087,61214cc663ced6af8cfad912a49fd92014f7fedd,e7104c7ff16835e4f13eab66d2f57a2e85b025b1,,1,0,
fluent:1F7E7,fluent,1F7E7,orange square,geometric,clean,https://cdn.jsdelivr.net/npm/@lobehub/fluent-emoji-flat@1.1.0/assets/1f7e7.svg,19fd6e6076d07ef772464d6da439b163c3309470,f2aeb69b36fd61fe9ce94fec681f16c065d06cc4,9602604dc2fa38a57e804bcc84c548e644c4f12e,5fcc1d87fdab3616b651090e50fd01dc00d45af7,,1,0,
openmoji:1F7E9,openmoji,1F7E9,green square,geometric,clean,https://cdn.jsdelivr.net/npm/openmoji@17.0.0/color/svg/1F7E9.svg,77d47557aad1af37ece8bb11c769016a2781d899,1da0edade5b4f9564e950dabefe6eb5c26cc9e73,db4a67cc0268219b0a9d9ca2d9172397ed5dcac3,b1a21d5e674540d6c291a135add6f0f6e043f1fa,,0,0,
twemoji:1F7E9,twemoji,1F7E9,green square,geometric,clean,https://cdn.jsdelivr.net/gh/jdecked/twemoji@17.0.3/assets/svg/1f7e9.svg,670aaf7648fc7fe808c622b2561e373c1f448304,59c56cf25e393da3507d173543591f35ca80e087,80013081c5739ef7a132db6ce9aef66e30327431,9fadc3e9919dead73737ea6be13504a52fc6a4b6,,0,0,
fluent:1F7E9,fluent,1F7E9,green square,geometric,clean,https://cdn.jsdelivr.net/npm/@lobehub/fluent-emoji-flat@1.1.0/assets/1f7e9.svg,ebf5b222c42919099502c54c38d9bb3d566fd17c,f2aeb69b36fd61fe9ce94fec681f16c065d06cc4,a37ca360d25cd378a5b62d709b91142cab7943f9,8ca5d6c9a64bc635660a1fa470b2fc9895d675ee,,0,0,
openmoji:1F7EA,openmoji,1F7EA,purple square,geometric,clean,https://cdn.jsdelivr.net/npm/openmoji@17.0.0/color/svg/1F7EA.svg,ae0ea53adbe76e79f3eec0a6473ba87a9aac95c0,1da0edade5b4f9564e950dabefe6eb5c26cc9e73,80574408842a0c61509171f65f06328c78c360c2,e74ed5f614a71d9229bcf0aef0e16a1f6be4c3a2,,0,0,
twemoji:1F7EA,twemoji,1F7EA,purple square,geometric,clean,https://cdn.jsdelivr.net/gh/jdecked/twemoji@17.0.3/assets/svg/1f7ea.svg,95eedf959887da0cecb0a00875202c2c183d8fa2,59c56cf25e393da3507d173543591f35ca80e087,61214cc663ced6af8cfad912a49fd92014f7fedd,f4373c1e8ce80d804965c3d9595043bba9ec4ac4,,0,0,
fluent:1F7EA,fluent,1F7EA,purple square,geometric,clean,https://cdn.jsdelivr.net/npm/@lobehub/fluent-emoji-flat@1.1.0/assets/1f7ea.svg,bf5a0597d7077f7ae91fdf77b4e4d9408b641f4a,f2aeb69b36fd61fe9ce94fec681f16c065d06cc4,8765b0a5044f287bd283c07d463558f037544b07,dd99d75a7258b49314d748820fce581812182c04,,0,0,
openmoji:1F7EB,openmoji,1F7EB,brown square,geometric,clean,https://cdn.jsdelivr.net/npm/openmoji@17.0.0/color/svg/1F7EB.svg,8bf0ae4ca2ae1729c04eb28fc3d5673da9c19a7b,1da0edade5b4f9564e950dabefe6eb5c26cc9e73,7e36dddf9a8bdbde93be6721a78abaac634c7a73,b9f0adc8f34a168381ebac3c1892206fee676db6,,0,0,
twemoji:1F7EB,twemoji,1F7EB,brown square,geometric,clean,https://cdn.jsdelivr.net/gh/jdecked/twemoji@17.0.3/assets/svg/1f7eb.svg,ff3ac9d1f32fa535a3a9da5025106c882907e06d,59c56cf25e393da3507d173543591f35ca80e087,ff38a645d21c89083f6cf19ed4da6b19fff01693,bf92479b395cc81d273c9cc5fd5e841d35ec3985,,0,0,
fluent:1F7EB,fluent,1F7EB,brown square,geometric,clean,https://cdn.jsdelivr.net/npm/@lobehub/fluent-emoji-flat@1.1.0/assets/1f7eb.svg,7cc83a23abb424a6c5981630f1adc3c6bead884c,f2aeb69b36fd61fe9ce94fec681f16c065d06cc4,792b4a605effa85329fcf4fd537dabb47f25cbb4,59f3401841b95ed6b2b268cca8c2e3c3dce95951,,0,0,
openmoji:2B1C,openmoji,2B1C,white large square,geometric,clean,https://cdn.jsdelivr.net/npm/openmoji@17.0.0/color/svg/2B1C.svg,f4ad62591511a7651a10451640d1ef62c6541a84,c393e2dc232e92efe2848bf5749f0834554b81cb,f4ad62591511a7651a10451640d1ef62c6541a84,921a181f37e45ddd314b2c6951ec12794393e371,,0,1,
twemoji:2B1C,twemoji,2B1C,white large square,geometric,clean,https://cdn.jsdelivr.net/gh/jdecked/twemoji@17.0.3/assets/svg/2b1c.svg,3fc04e6e6530ac895ac552ec4154803299d16f85,59c56cf25e393da3507d173543591f35ca80e087,0043f4cbbaba5414d5f98f66deb30e2f931040bb,1239db780251fa5b0f22d0ccfcad35c508c0a4bb,,0,1,
fluent:2B1C,fluent,2B1C,white large square,geometric,clean,https://cdn.jsdelivr.net/npm/@lobehub/fluent-emoji-flat@1.1.0/assets/2b1c.svg,750f8e8cf0b3fc9561bd31869a18de49579a934e,1e054ee0d8422235c4b56189394d8d10c021d5ee,f93bea8dbb5066717e82a02428adc68967da3f6e,dafe418b332ed759178d2fbefcded3c012e35732,,0,1,
twemoji:25FC,twemoji,25FC,black medium square,geometric,clean,https://cdn.jsdelivr.net/gh/jdecked/twemoji@17.0.3/assets/svg/25fc.svg,4decdcd6904413e390639c621640258c1060d7a4,686fac01377db8d2cc17bb506bd7ce7eca832595,e911db4b88de7a59cfc531d5804dc8d91660bdad,1dc8c970b7a75dfaea6768001eceecd0676c1159,,0,1,
openmoji:25FE,openmoji,25FE,black medium-small square,geometric,clean,https://cdn.jsdelivr.net/npm/openmoji@17.0.0/color/svg/25FE.svg,661f752d1117f94958441761490e546066527c8b,51e146c523a611fbbd1ca690afa4ed51eabb2b0a,45363299e39373df976ed3ddbecb6704874e81e9,380b977a35df3ca8d12966fe20fefcf39936c10c,,0,0,
twemoji:25FE,twemoji,25FE,black medium-small square,geometric,clean,https://cdn.jsdelivr.net/gh/jdecked/twemoji@17.0.3/assets/svg/25fe.svg,4d72fa06e300fa9839254743a7ac2f230694251b,0d65d62e7a64cdb694046aaf9428af14a2b9a85f,c686aaeae5a5b18ca79e970010b26339cd750861,24316f07da46462be22d3921d8dd24fe23f70f82,,0,0,
fluent:25FE,fluent,25FE,black medium-small square,geometric,clean,https://cdn.jsdelivr.net/npm/@lobehub/fluent-emoji-flat@1.1.0/assets/25fe.svg,eb34b4b548aa199d45dc5112b693eb0b47294ae0,eb34b4b548aa199d45dc5112b693eb0b47294ae0,eb34b4b548aa199d45dc5112b693eb0b47294ae0,c8653ed7b254e01b0859217f8b09baf1fd62dabf,,0,0,69
twemoji:25FD,twemoji,25FD,white medium-small square,geometric,clean,https://cdn.jsdelivr.net/gh/jdecked/twemoji@17.0.3/assets/svg/25fd.svg,003d133eb49c1fc408ddccc03420bc1be7bd5591,0d65d62e7a64cdb694046aaf9428af14a2b9a85f,0b34b888804f3e24777e267b769d2c6ea001d414,e8472542e65c9f2e8d74357f12d6d292c5e735ee,,0,0,
fluent:25FD,fluent,25FD,white medium-small square,geometric,clean,https://cdn.jsdelivr.net/npm/@lobehub/fluent-emoji-flat@1.1.0/assets/25fd.svg,5d5717fb4f41df9db05e7438a5d9f2e36fb7047c,ccf078d558c4a952a7bf378de2db08e17eef6d41,0fa7182f1b6e8c623598717b75d00cb12d7973d2,ba70125f1f88875252838fb964e76ab3269765e4,,0,0,
openmoji:25AB,openmoji,25AB,white small square,geometric,clean,https://cdn.jsdelivr.net/npm/openmoji@17.0.0/color/svg/25AB.svg,7f84793f978de3033aab0a053a2684b5593b4a62,669d4c232676b6e54bca1f017a643ae65cd34fcb,c7732b6b7c4c70b636f5d608bbb187a97727bbfa,10eaa4ce1aeeee6e4c140565675c5ba0cf48154f,,0,0,
twemoji:25AB,twemoji,25AB,white small square,geometric,clean,https://cdn.jsdelivr.net/gh/jdecked/twemoji@17.0.3/assets/svg/25ab.svg,b8b74b2b688000296b2690d7c99983fd832fb070,44a87068df6947190b348040881821481d9b42a2,20f1a77359cfc9727d890d72347fe6c1da796c66,cf51ae5684a9a029f91cda9c1d29f44b2a81c5d1,,0,0,
twemoji:1F538,twemoji,1F538,small orange diamond,geometric,clean,https://cdn.jsdelivr.net/gh/jdecked/twemoji@17.0.3/assets/svg/1f538.svg,1b2d7b36041afa3889caf324ceac675ee8fbe5c0,b7101c6a7be7590932d2a25d1ca75c4a72f8fc0f,4a77200ad130a8d8e3a0a6e4a24b9bbcd4caaa55,a6c5f12b03ed6c1d04fa274e89b560a589ccc700,,0,0,
fluent:1F538,fluent,1F538,small orange diamond,geometric,clean,https://cdn.jsdelivr.net/npm/@lobehub/fluent-emoji-flat@1.1.0/assets/1f538.svg,212920cab1b0853bf6bb58dcac7721a4e85bef7c,dbe9bc1b38d22240a6cf2c6d83d543cf66934bf2,ef61cc5c550bdee471e935d57989b4dba0a965fa,d291ec871be97ac37711badae36a55d9f03e67b5,,0,0,
twemoji:1F539,twemoji,1F539,small blue diamond,geometric,clean,https://cdn.jsdelivr.net/gh/jdecked/twemoji@17.0.3/assets/svg/1f539.svg,7186165e89988a3fd5f80229f84c95732a5efcf8,b7101c6a7be7590932d2a25d1ca75c4a72f8fc0f,748f8c8aa9a06412ba01b25158ddd89b87ea890d,bfe5f400ba931937f509111df37a5f64be30a3d5,,0,1,27
fluent:1F539,fluent,1F539,small blue diamond,geometric,clean,https://cdn.jsdelivr.net/npm/@lobehub/fluent-emoji-flat@1.1.0/assets/1f539.svg,6d727c3c65bc60c2292db9bbb15f4768e47148ec,dbe9bc1b38d22240a6cf2c6d83d543cf66934bf2,69a01f3e5cef91ba9f40ca9f4ba24398b058fee9,a78b78c0b0ce6c716b68346d57f7d973d8c05552,,0,1,83
openmoji:1F53A,openmoji,1F53A,red triangle pointed up,geometric,clean,https://cdn.jsdelivr.net/npm/openmoji@17.0.0/color/svg/1F53A.svg,d1c9e5922214d8928875742af9f5fd951b536109,f25a9ce5a10e98345996f5b34fe265676feb2107,56e07c36422ba9fb484ac3e5fa769543b8b1b6a2,ed23ca28230457395b12c48b295cd2a4217006c9,,0,0,
twemoji:1F53A,twemoji,1F53A,red triangle pointed up,geometric,clean,https://cdn.jsdelivr.net/gh/jdecked/twemoji@17.0.3/assets/svg/1f53a.svg,ee7c7dd00c00095f690b03c89832c9cdb22ec82c,398345d153089aff64b29525c6f758c097199245,d1ed1ced1538db7fe0e0b5904da1ff04e8891136,328f225797edaf12954ff32e2a62ae29f281031f,,0,0,
fluent:1F53A,fluent,1F53A,red triangle pointed up,geometric,clean,https://cdn.jsdelivr.net/npm/@lobehub/fluent-emoji-flat@1.1.0/assets/1f53a.svg,73b51a3adbcc20ce8a90773ea981fd6047a5faae,90a5bf7e4cbbc571a443029c71ed6b7826a75f4d,a3db746dc6ca47846390691533e362c31cd04a26,de4a3ce31883a7d2d2b1c4cb3bee94485147c32f,,0,0,
twemoji:1F518,twemoji,1F518,radio button,geometric,clean,https://cdn.jsdelivr.net/gh/jdecked/twemoji@17.0.3/assets/svg/1f518.svg,ebcc837c64c9cd05563846cc1ab272625a2cc48c,d215ac770c018602ed6afdee34afaad4eebab584,4779754a368b8631d74a2d9d5a4c47935d98ba6b,ced0a1be8743e5ef89c16c046fbb201a3c29020a,,0,0,55
fluent:1F518,fluent,1F518,radio button,geometric,clean,https://cdn.jsdelivr.net/npm/@lobehub/fluent-emoji-flat@1.1.0/assets/1f518.svg,04a49c94bdd11ae5340d5df131c04cd2d5ab4659,2fe97f721c674b8046028f04c5c381e409d19d4b,5ce98fa0814b938c9446c735376ae925d532b15a,11aef35f2bbd845dd3aa52f3c8989f6aecce6777,,0,0,167
noto:1F435,noto,1F435,monkey face,animal-mammal,noto,https://raw.githubusercontent.com/googlefonts/noto-emoji/e20cbc2bbec1/2D/svg/emoji_u1f435.svg,08ea643fea1e896c4beb3a56d4e7a3cf032ff09c,3ed7bc03aab5076e5023a2ac93c7d436e6882a3b,7babeb61b16fcdc61d0b6dbedc187aa30424630b,ae75375a901a4c6b97e97d1998ba0e690ebb3a50,,0,1,
noto:1F412,noto,1F412,monkey,animal-mammal,noto,https://raw.githubusercontent.com/googlefonts/noto-emoji/e20cbc2bbec1/2D/svg/emoji_u1f412.svg,a930aad7ed43cc779d00ab02b5f06dc9831e4dde,0e0ba8990d3880e9e9d6640637c78d53a53a0639,0fcb564ee90766d6e825718164e9e47cf889de9f,bbb0f4e971ff5f86fc250f488a0f5d9d3b3a7c00,,1,0,
noto:1F9A7,noto,1F9A7,orangutan,animal-mammal,noto,https://raw.githubusercontent.com/googlefonts/noto-emoji/e20cbc2bbec1/2D/svg/emoji_u1f9a7.svg,25ae52ee9a0a946cdd0b694e1540d768d339b116,19183ff79a866082375e4e6bfa568ee885603cf7,cd105dcb46a817e27628c97eee474553666c6daa,cdc7395a6d05d538ea15319dd019e0d0cf61991e,,0,0,
noto:1F415,noto,1F415,dog,animal-mammal,noto,https://raw.githubusercontent.com/googlefonts/noto-emoji/e20cbc2bbec1/2D/svg/emoji_u1f415.svg,c07f022a1b5e19b6451010da01bf3f0caf9348c6,a2a77435e0192c1e39065a920fa850e6f2737e4d,66f6663202c26e15c43c02772b6bd92289fc085d,56174a7cd8c840e6a8757e16d1084227f5f05273,,0,1,
noto:1F9AE,noto,1F9AE,guide dog,animal-mammal,noto,https://raw.githubusercontent.com/googlefonts/noto-emoji/e20cbc2bbec1/2D/svg/emoji_u1f9ae.svg,c8ef9f1585478a5b85b3856aa6f21125dc269527,d809b503862533c7e302e93018b204b82c00f21f,4606137ed7331100944202d4c748e0c16a62e09d,2610d16e35d5d6a90b704db00ab6e9a38e5f2a96,,1,0,
noto:1F415-200D-1F9BA,noto,1F415-200D-1F9BA,service dog,animal-mammal,noto,https://raw.githubusercontent.com/googlefonts/noto-emoji/e20cbc2bbec1/2D/svg/emoji_u1f415_200d_1f9ba.svg,34b3b3056a43fcd0479fe9c0997175c69af90a7e,6182bfa145e82f07c76c3891e2a22830351fc97c,ba82cf9954d31fb1f1961ac9a5a5307d70b65880,6e26ca816309e0b03580444c8bf74955c925e7a4,,0,1,
noto:1F429,noto,1F429,poodle,animal-mammal,noto,https://raw.githubusercontent.com/googlefonts/noto-emoji/e20cbc2bbec1/2D/svg/emoji_u1f429.svg,119e430f8efec1e26b974c23edca7664a63c75f2,e273b35d02b2be3a48ad71e2b693965b44211fff,2daeb00eae54d2796bbcba1211ca76f3a0274e91,356c1cdd8e8ecb936950ab8139d02f7356d191fd,,1,0,
noto:1F43A,noto,1F43A,wolf,animal-mammal,noto,https://raw.githubusercontent.com/googlefonts/noto-emoji/e20cbc2bbec1/2D/svg/emoji_u1f43a.svg,55986eae32160109e750e28bda84cc748d158ba7,f02cfaa996c14ce97955a70712b6d16559630820,7c23498cd7dfc2f02b118d6bba01d2b4126ce0df,a279d2c9769801c34a6d284b93c6121cba044323,,1,0,
noto:1F98A,noto,1F98A,fox,animal-mammal,noto,https://raw.githubusercontent.com/googlefonts/noto-emoji/e20cbc2bbec1/2D/svg/emoji_u1f98a.svg,b105dbb6798b7e0dbcfb8200457da5dc502b116f,bf8cade7e74fd6193aa5215a62d7317a5fdd9646,149dfdf99b2f0d5609e0c1df18dab5d6cddec630,6eac2f36af553585561b5a44e2559dca688ab236,,1,1,
noto:1F99D,noto,1F99D,raccoon,animal-mammal,noto,https://raw.githubusercontent.com/googlefonts/noto-emoji/e20cbc2bbec1/2D/svg/emoji_u1f99d.svg,3b3a219155a1524a621d5e02f39ea0add54c6481,3c25441896d5e24b2d0093991543afdbef027a0e,0eca09c14dacf300e44438c852cffc347b50e5bc,fdad721d692014af1d60b30ebbca473bf662259c,,0,1,
noto:1F431,noto,1F431,cat face,animal-mammal,noto,https://raw.githubusercontent.com/googlefonts/noto-emoji/e20cbc2bbec1/2D/svg/emoji_u1f431.svg,ecb7ce0f189676bc04c90239c78b8008d52a2452,f6c7807ed7192457c6972ab19124efbdef9f932d,802c323e0913a8bdddc7fd91c6d9917f207a4ea8,7e5688ea3121867f884c1018a172adc5e0c2adca,,1,1,
noto:1F408,noto,1F408,cat,animal-mammal,noto,https://raw.githubusercontent.com/googlefonts/noto-emoji/e20cbc2bbec1/2D/svg/emoji_u1f408.svg,d4e608a5d0350342a7c6d773dc3a700d7da51d31,5ec6f05b6b4c74643611e9984d96f2d00970de84,5c3c9b1c4a34ac1fa3948d58a5819fdd1733ab9a,3649d9916f989b6d0cd7702ace1724a88daf78fc,,0,1,
noto:1F408-200D-2B1B,noto,1F408-200D-2B1B,black cat,animal-mammal,noto,https://raw.githubusercontent.com/googlefonts/noto-emoji/e20cbc2bbec1/2D/svg/emoji_u1f408_200d_2b1b.svg,dacf535112d8f40d16846ce8bf523323cbfb4a61,5683fa4fa288389397d09dd57092f22790c7a8db,0d369a370009a70f0bc4a4c651e5e34447119497,281e19b97b0c5aa0f964c50423265fbedcf2c7f7,,0,0,
noto:1F981,noto,1F981,lion,animal-mammal,noto,https://raw.githubusercontent.com/googlefonts/noto-emoji/e20cbc2bbec1/2D/svg/emoji_u1f981.svg,0345fad03cd8ac200753fb5e2a37d7e5fd3b1e3a,3cd420aca6c62c91aab1b565e499b4785fe919eb,5ad8ba6120ca17459978309e24fb4bd4ce525918,8247cbd3ace6e8185856bfc5449ef002bc90e542,,0,1,
noto:1F42F,noto,1F42F,tiger face,animal-mammal,noto,https://raw.githubusercontent.com/googlefonts/noto-emoji/e20cbc2bbec1/2D/svg/emoji_u1f42f.svg,f211faeb4382865c846413ff88ed196aae4ce670,e8db3b37811e98178e34c1a8be715e39a4a4b989,e2c917ae4703523e3613ab08a5b6a69124d99d22,8ddd7125852cb69ba4393c4212c740e88e511052,,1,0,
noto:1F405,noto,1F405,tiger,animal-mammal,noto,https://raw.githubusercontent.com/googlefonts/noto-emoji/e20cbc2bbec1/2D/svg/emoji_u1f405.svg,3cafc262c17207ff82afa70cdcebdd02fd4cd087,e20eed8656a86d316df0114a7dda5551d5bd5aaa,3accefd68a3f5d88eac579b6024c13366c59c028,55e42f51d8da55ddfeac84e6f119086c5f29c977,,0,1,
noto:1F406,noto,1F406,leopard,animal-mammal,noto,https://raw.githubusercontent.com/googlefonts/noto-emoji/e20cbc2bbec1/2D/svg/emoji_u1f406.svg,33cd3f2cbe339d95bbc266d16e021fbba84f841a,2b2d63e4387476dbf4338aa1629c834b24a493cf,07bfbf80b55ea46d94d6b9d1cf87ee2a7bacb7ec,f2a0c0628337edd4abc21cdb75f9641e64c5153b,,1,0,
noto:1F434,noto,1F434,horse face,animal-mammal,noto,https://raw.githubusercontent.com/googlefonts/noto-emoji/e20cbc2bbec1/2D/svg/emoji_u1f434.svg,dd7fb867472d8696c808eeb37f5eeee22f020e07,e66e5a9775eb2c7c645364a05743c6df40956373,9fcf7b6d576ad1af03e859b751aa16421c0bf1f3,c881caf4acbcc7cabd91573ccb0dd3f30758029d,,0,0,
noto:1FACE,noto,1FACE,moose,animal-mammal,noto,https://raw.githubusercontent.com/googlefonts/noto-emoji/e20cbc2bbec1/2D/svg/emoji_u1face.svg,c2b8374f6f28e8453842f46c6073467cb5fe24a3,3039fb75014077cac69d3f9929d252ef32ff5a7b,e0f500a38a95922a9b0690abd0e067bd0eabbef8,94656c8bff2bb97fb0405997a8a33e796467f818,,0,0,
noto:1FACF,noto,1FACF,donkey,animal-mammal,noto,https://raw.githubusercontent.com/googlefonts/noto-emoji/e20cbc2bbec1/2D/svg/emoji_u1facf.svg,99ac0bef9ba092c1e625dfee9946bda9edd8f54d,27681f625056a5b24181dd9ffce10c81a2a8a358,08b76fe72f493f7ff47fedde34eba60a0806eae8,5c01b1eb515ead270f79da7a0139bad506cf7429,,0,1,
noto:1F40E,noto,1F40E,horse,animal-mammal,noto,https://raw.githubusercontent.com/googlefonts/noto-emoji/e20cbc2bbec1/2D/svg/emoji_u1f40e.svg,b4720b7bb140e810f67275d27cf11000b7236971,da2d46108b3c51bcca46d4aefc865d5d5050084a,ba9ea0c01dfe722c600e597ee509fafc196773fc,23dd3aa2a8caf48d71f8d769bcc75b9a7985a1a7,,0,1,
noto:1F984,noto,1F984,unicorn,animal-mammal,noto,https://raw.githubusercontent.com/googlefonts/noto-emoji/e20cbc2bbec1/2D/svg/emoji_u1f984.svg,5d1cc1d37557bce533a8d068e49effe676409bfb,e16277ab788b23e4cf6d89924c5a3c0d36695ea1,69d7c65d6193daa5daaa7a0b02846d6f3e3da63e,fb8abec9ecbdf91cf17144fcd4e24f164a9dd513,,0,1,
noto:1F993,noto,1F993,zebra,animal-mammal,noto,https://raw.githubusercontent.com/googlefonts/noto-emoji/e20cbc2bbec1/2D/svg/emoji_u1f993.svg,e66da8a96305b4d6360771ef60b3d0ddd5a99c48,9cead7748f7d8bb12dbf139335a2ddf9291e1b7d,1e9f3a2b1e02783c1ecf1d5797f46b43405cd1ed,4494adc37ce0c7c2fcd05a8b7d6d1ad8a7fc0f0b,,1,1,
noto:1F98C,noto,1F98C,deer,animal-mammal,noto,https://raw.githubusercontent.com/googlefonts/noto-emoji/e20cbc2bbec1/2D/svg/emoji_u1f98c.svg,b3f74f827c294a2359033bb688de9b89a983e1ef,2284f5d959ee9edf25f9116b173f95bae2fd37bf,5c39d2332a37f76ee87b32c935a50d85ef21bc0c,59767bc2b650f6a28e9df6ebf6ecc179bc65f540,,0,0,
noto:1F9AC,noto,1F9AC,bison,animal-mammal,noto,https://raw.githubusercontent.com/googlefonts/noto-emoji/e20cbc2bbec1/2D/svg/emoji_u1f9ac.svg,13e7c227d7dcabe0545fa1329bfc3639313db764,b3eb5c864a24dc67c5a76c595a6686b50ebb79e4,597c95a87d1476818c598ddfe4c8cc63233ec330,8923989232cff8ea4bd5be48f35e835f593b988e,,0,1,
noto:1F42E,noto,1F42E,cow face,animal-mammal,noto,https://raw.githubusercontent.com/googlefonts/noto-emoji/e20cbc2bbec1/2D/svg/emoji_u1f42e.svg,7d315a0d331b01e4f1bb2bdf9b2b6d0e978932bb,e8ed3721f26572f6cfff2a67519befbab98f1b78,43ff9c0a56c4b5d657fa578ca148bd6c006c330e,cc39ed1ed13947c50cbb9d4dc8f0d8aba116bd6b,,1,1,
noto:1F402,noto,1F402,ox,animal-mammal,noto,https://raw.githubusercontent.com/googlefonts/noto-emoji/e20cbc2bbec1/2D/svg/emoji_u1f402.svg,ab584e039a7cf26d522ab22810dbde8ec217c9df,23801a996b20cb09716a5235e52ad689dfcc35a5,4acef2d589d61c32e5905fa0f77c57a9faff49b2,d04e455ae17e77cd94160eb707206a983841740f,,0,1,
noto:1F403,noto,1F403,water buffalo,animal-mammal,noto,https://raw.githubusercontent.com/googlefonts/noto-emoji/e20cbc2bbec1/2D/svg/emoji_u1f403.svg,a75ceda827154e47bdc100cf4774ebf38f77bcf7,93d7ae5503c4e0491341bf69a42d249c1aef5fb7,eb588ae418ea2dd3e74c6935dc5aecf188009e2e,43597378f364cca18daecc9e87b4abba94d328c7,,1,0,
noto:1F404,noto,1F404,cow,animal-mammal,noto,https://raw.githubusercontent.com/googlefonts/noto-emoji/e20cbc2bbec1/2D/svg/emoji_u1f404.svg,059d5951ec9a1955ccc148dfbfe037bf6d4dad14,fce558dfe3359a191160784017045164457526b4,04cfda90f0da2ad074dcddeb45582b6cce8bf488,87cd91a6072924525fb724564622d8d8cf8e6368,,1,0,
noto:1F437,noto,1F437,pig face,animal-mammal,noto,https://raw.githubusercontent.com/googlefonts/noto-emoji/e20cbc2bbec1/2D/svg/emoji_u1f437.svg,b5e46d2234e8865b7d41e3067e9c0e37d4deb8a6,ad91ad21e59a2576ddb534a9c9a5e3ad4f007613,81d8c614b54627dab265a260e9d4afd373b0cc41,cf25bf23abae20ac1ba9e59da1e48c2fb4972672,,0,1,
noto:1F416,noto,1F416,pig,animal-mammal,noto,https://raw.githubusercontent.com/googlefonts/noto-emoji/e20cbc2bbec1/2D/svg/emoji_u1f416.svg,bbe2e8ac43a7b979c43ec80ba8f6fca0a752cb7e,763376a86e21a62b1287e2e84dd354f4406647a6,b73c80bad0aec1a278c100a980d670c43be36e88,12a1cd636ee59da2c6b3718f46bad020f22cad15,,0,1,
noto:1F417,noto,1F417,boar,animal-mammal,noto,https://raw.githubusercontent.com/googlefonts/noto-emoji/e20cbc2bbec1/2D/svg/emoji_u1f417.svg,b1d806b76ed312100ab5aef433c5fab4b8119b6e,3cb8b766757db1c0188ee17a6b5e1e49bc7533c6,9ea899ea184b8c5c223213e4b6afbd919ef2a329,c4244a2f60c6f4b20366e2ab2917fa88cf75a246,,0,1,
noto:1F43D,noto,1F43D,pig nose,animal-mammal,noto,https://raw.githubusercontent.com/googlefonts/noto-emoji/e20cbc2bbec1/2D/svg/emoji_u1f43d.svg,d30aac3d25ec1d424649a5a8013ecb02dec06751,873c76f50a1b0fe5bc74024e258012b320532832,cb1c13cf3ea9618e2d4b9c0a0c1d7a11b5886440,13db57df2d8928dce0ad5fa2886f6ef9512e5f8a,,0,0,
noto:1F40F,noto,1F40F,ram,animal-mammal,noto,https://raw.githubusercontent.com/googlefonts/noto-emoji/e20cbc2bbec1/2D/svg/emoji_u1f40f.svg,3ffe2367f6fe1efa543ce6b507eb0ad5b3a06272,10aa65f4da94336f273b21f7026873415f9370fd,f6fd5754a3d174a3fcb926dc7463c3a711a24b23,50eaee69dfa45bbc95816a0e876fe1ec0d40dca3,,0,0,
noto:1F411,noto,1F411,ewe,animal-mammal,noto,https://raw.githubusercontent.com/googlefonts/noto-emoji/e20cbc2bbec1/2D/svg/emoji_u1f411.svg,d590bdd871ce6bd8fec8c38e216c9d72e601d773,9076897bf056ddbfded4c4ffc3924888abb8948f,53d38f9beb821c196402a990fb00220084296c42,9ba66bdcbf03cce1b51917557ed4874c89f0e0ef,,0,0,
noto:1F410,noto,1F410,goat,animal-mammal,noto,https://raw.githubusercontent.com/googlefonts/noto-emoji/e20cbc2bbec1/2D/svg/emoji_u1f410.svg,f14d94045c7458ae98edc35b3ea342f852b364c1,979123d076dc7817dec19e6f6ff66532a8c4a3f6,2698ea05e9eb8ed5bea2613a636272d1ee3c5254,afece8e9d46429a0702c9bc143fa246d940a3ab9,,0,0,
noto:1F42A,noto,1F42A,camel,animal-mammal,noto,https://raw.githubusercontent.com/googlefonts/noto-emoji/e20cbc2bbec1/2D/svg/emoji_u1f42a.svg,106451b0208da0d52c460fa663076cdefaf2b39a,c1ced5920eed6d8f9b6d7d0f71a5fa3b0bbdf703,e37418797a42dddccee33e680a86f654e1cf92e4,182dfb712ad3294d74bb9b4b25f30291da0ad372,,1,0,
noto:1F42B,noto,1F42B,two-hump camel,animal-mammal,noto,https://raw.githubusercontent.com/googlefonts/noto-emoji/e20cbc2bbec1/2D/svg/emoji_u1f42b.svg,c8ec2a7018c6fcb369ab9d1e42d0079cd607be1c,b72aa654be7fb64f5cb3ba7d59e1f88dffe8205a,8360d1be7977b66c2445578c99eca5881dae761f,72b91dab38e122e0209ad27b72ee99ba8d713dc1,,1,0,
noto:1F999,noto,1F999,llama,animal-mammal,noto,https://raw.githubusercontent.com/googlefonts/noto-emoji/e20cbc2bbec1/2D/svg/emoji_u1f999.svg,e57369ba23226f7661d531f5e12a5a19a40cb30f,3d5c90acf221451b622761c1c7e1ecff806d5641,9d9a9bd03775f577619436da21cca6f1bc3fdabb,fafe9a883d40297c99f93097f266f9359ffa3e1d,,0,0,
noto:1F992,noto,1F992,giraffe,animal-mammal,noto,https://raw.githubusercontent.com/googlefonts/noto-emoji/e20cbc2bbec1/2D/svg/emoji_u1f992.svg,bbcf22f83e563dfe5e1d2a16008f264028491fbb,1fa677b6b8681ff55cd1d1b49a1926cf2ba63ad6,9403c142203b2c5e805be5778ee7f2a8ad512c1e,50afc69ce7e6fbcdacd92cdd6340ea9ed1aeecc6,,0,1,
noto:1F418,noto,1F418,elephant,animal-mammal,noto,https://raw.githubusercontent.com/googlefonts/noto-emoji/e20cbc2bbec1/2D/svg/emoji_u1f418.svg,5b3ab57aaceee74fe3996d7e781d9cd8d95859db,cbf9f710f20c3f88fc34046c2b13f0e4c9303852,b9881c49b74b84017720fea987fd0800e51a5a9d,6e8b6f74780a9633a63c4974d6f543ddbc36f5c4,,1,0,
noto:1F9A3,noto,1F9A3,mammoth,animal-mammal,noto,https://raw.githubusercontent.com/googlefonts/noto-emoji/e20cbc2bbec1/2D/svg/emoji_u1f9a3.svg,284b942b7643fa448e0fe084190f972d9528e9ab,1b699b4462f55e89ff7a35a3745cda83345362d3,a150da7eef29836f9603c062a80458a66521244f,21b9f5557535a979c96c7866180bfa755b7fb648,,1,0,
noto:1F98F,noto,1F98F,rhinoceros,animal-mammal,noto,https://raw.githubusercontent.com/googlefonts/noto-emoji/e20cbc2bbec1/2D/svg/emoji_u1f98f.svg,7601bb2362d0033d9cb7b3cd12cd89745f83800d,9375624f20cb9f73c5264aa467b2b03c188c234b,dc113b9136193ef6d9315095022f02e8a46dd038,0129421eb4fe6cbba273a90d6fd1d83287cd4fb8,,1,0,
noto:1F99B,noto,1F99B,hippopotamus,animal-mammal,noto,https://raw.githubusercontent.com/googlefonts/noto-emoji/e20cbc2bbec1/2D/svg/emoji_u1f99b.svg,c76b5fc62346877a59e6e36f45d8470bef9da92f,f88b60705597e8c3a02227a054be1a036119a427,3511c3fa17819e6156b199955fe869234a7ea06b,fdbfb64c21d9845ef82c034768f80d0968b60330,,0,1,
noto:1F401,noto,1F401,mouse,animal-mammal,noto,https://raw.githubusercontent.com/googlefonts/noto-emoji/e20cbc2bbec1/2D/svg/emoji_u1f401.svg,c7b13e0ad1e234e7ec74693a2310276284b9be25,0349ec34fa84a1553aed00747fc06c075405f024,d3f6040bfc073178023d094282b6599fbbdbb26b,df3ca17fbd611e79af8c0b2d655f043ce4404260,,0,0,
noto:1F400,noto,1F400,rat,animal-mammal,noto,https://raw.githubusercontent.com/googlefonts/noto-emoji/e20cbc2bbec1/2D/svg/emoji_u1f400.svg,aaa348a2d951b88c8e4bb47269a136b6e7f4dbf6,4377f596c8724789a4aea4eecce2b579c73cf85e,4f9e5b20342906da9c8b496e8b9aabb62dd4c643,05af99501b9f546f7a293edfbf23e75c66b4dc34,,0,0,
noto:1F439,noto,1F439,hamster,animal-mammal,noto,https://raw.githubusercontent.com/googlefonts/noto-emoji/e20cbc2bbec1/2D/svg/emoji_u1f439.svg,824751685547203a7fdd02e0a92b2ea207a3b7c7,ffeefbea35fad58f75e42a8257618e9d003d9bc3,9c0f88ce5f5216c0ce2f8f56766500232cb3ee90,c7499cb117c4988ed853813db2589f60a684812b,,0,0,
noto:1F430,noto,1F430,rabbit face,animal-mammal,noto,https://raw.githubusercontent.com/googlefonts/noto-emoji/e20cbc2bbec1/2D/svg/emoji_u1f430.svg,9c0da64c74f4e1b15cf104c3c1dcb6937ca2aac8,e359f6597cf8de1fd577c719f6a86ca556546549,cd09d3e203c1ee798d4da97a773e57ee2cc4ed83,26d8c23283ba8b651288f2ee55bd5d8411a06c74,,1,0,
noto:1F407,noto,1F407,rabbit,animal-mammal,noto,https://raw.githubusercontent.com/googlefonts/noto-emoji/e20cbc2bbec1/2D/svg/emoji_u1f407.svg,9c3090f62a9ff21194096cebbd0f91ae08c3de65,2dc2e37bd69f233363b837840e23d21e166f38ba,4cce729832249a96f79d1dff13b1b175bde270d6,5bb240ae3cc43707f90c18907cb4c6cdc817865d,,0,0,
noto:1F43F,noto,1F43F,chipmunk,animal-mammal,noto,https://raw.githubusercontent.com/googlefonts/noto-emoji/e20cbc2bbec1/2D/svg/emoji_u1f43f.svg,66afca763b479c3f1b96f40c07842e2c691b6454,658f802ba62b4b78898210c07f38eba91da57a84,22bdeee22d61d72dd7b44ba044806c4ad11e978e,282112b3f8a74c4ee9f86a527c74c3537a9dcf49,,0,0,
noto:1F9AB,noto,1F9AB,beaver,animal-mammal,noto,https://raw.githubusercontent.com/googlefonts/noto-emoji/e20cbc2bbec1/2D/svg/emoji_u1f9ab.svg,f82488f4ea775c8ec0fdecaae8c5a37363452ba1,708c8a0bd932df4cab8433ffd3c03796c4b32f3e,50d4383c028fcb9ebb9fe326c690587e67871c66,f60bd5608b2d7c1a1d36492aa92aab808d9046f8,,0,1,
noto:1F994,noto,1F994,hedgehog,animal-mammal,noto,https://raw.githubusercontent.com/googlefonts/noto-emoji/e20cbc2bbec1/2D/svg/emoji_u1f994.svg,333edd06072f26ea979f0e1188ff0c3e4180bc4f,cd93c6687298eec30e8c3fe51421e1aa7137890e,3eddda8984f0a381395451738a29277f3317a438,bab1566024e226a8b8d7a3a1b8b156f2b762f1d6,,1,1,
noto:1F987,noto,1F987,bat,animal-mammal,noto,https://raw.githubusercontent.com/googlefonts/noto-emoji/e20cbc2bbec1/2D/svg/emoji_u1f987.svg,618e5caf3af24c0fab79f8c603b85f7c3c9953a5,046dfcb0f5f4856160155cafdaf5f84ded4c35b6,a6a7175488663229a47ff78eedbdf740bb33800a,bc67a1374a611d29f45e381bad5bdb28d3ccca1d,,0,1,
noto:1F43B,noto,1F43B,bear,animal-mammal,noto,https://raw.githubusercontent.com/googlefonts/noto-emoji/e20cbc2bbec1/2D/svg/emoji_u1f43b.svg,fdcf25145ced9fdc4a4e0a1b7d867640e00f0f37,e037ed4c4a5326643db9086acf6ab11abc8ee803,a815b46179e2485f40084999d1275cd83ec69477,bea5ea593e0d341cec379cb60e803ff80cdeadf0,,0,1,
noto:1F9A5,noto,1F9A5,sloth,animal-mammal,noto,https://raw.githubusercontent.com/googlefonts/noto-emoji/e20cbc2bbec1/2D/svg/emoji_u1f9a5.svg,1636abf423874fac6bf1b4ec84793062c7654919,da5c30096a76d76e49b22ea32a123b25a5929f39,49634397adee6f84446c975ce4c3a78b9861d884,839f94c6c1e2c71dbc316d9d5900d195ffd18239,,0,0,
noto:1F9A6,noto,1F9A6,otter,animal-mammal,noto,https://raw.githubusercontent.com/googlefonts/noto-emoji/e20cbc2bbec1/2D/svg/emoji_u1f9a6.svg,6e7b1ecc8ffdcae8a36430754692c27d22d09835,29a9fa56406af57fded6cc2ef8f63e563449e589,dd29c790996cb4d62dc7e38ac49997c488795442,7c1f5c6d7f9e1ef9e558152708012e3ca00663ed,,0,1,
noto:1F9A8,noto,1F9A8,skunk,animal-mammal,noto,https://raw.githubusercontent.com/googlefonts/noto-emoji/e20cbc2bbec1/2D/svg/emoji_u1f9a8.svg,7489c850592819d1c062742c628fccdb5ed6cddf,8ac09a2540b19bb70ce9e10f33882f334ea4a0f2,89607b9e4520ec835d6fce87845fc5891269a675,cd3560726657538763c0c48f3fccf7200231c008,,0,0,
noto:1F998,noto,1F998,kangaroo,animal-mammal,noto,https://raw.githubusercontent.com/googlefonts/noto-emoji/e20cbc2bbec1/2D/svg/emoji_u1f998.svg,1ae84cc5ce2c208417a2bb35200b5ca987e0ab4d,52f1d06a37db145f9810189780d880fb8ddc4702,6602c430e82f40b7f42bb151b95a887e463047a7,9095c0d7fb8a29eeca901bb6f05228c91c400d89,,0,0,
noto:1F9A1,noto,1F9A1,badger,animal-mammal,noto,https://raw.githubusercontent.com/googlefonts/noto-emoji/e20cbc2bbec1/2D/svg/emoji_u1f9a1.svg,e6deecf50e74266020f51d54e8f424c8597a95ed,0a4f738b2d77464c038799a6c7e86a30bcf37c9a,5688e573714e9e414432012bd3b370619f0a2080,8c27863fc5506fa5da00de4bd18a1e621cea7059,,1,1,
noto:1F43E,noto,1F43E,paw prints,animal-mammal,noto,https://raw.githubusercontent.com/googlefonts/noto-emoji/e20cbc2bbec1/2D/svg/emoji_u1f43e.svg,9fcb44617e6a79135d93d02a17c5a4aad538814e,373427910a4a1ff6ad23bb0c143303189ce3577f,842eaddb0c9fe2f02ea4e0baf21b613f1c4540e6,b9c17fa25d16767ac1422db18fe40796566488d1,,1,0,
noto:1F983,noto,1F983,turkey,animal-bird,noto,https://raw.githubusercontent.com/googlefonts/noto-emoji/e20cbc2bbec1/2D/svg/emoji_u1f983.svg,72094eb23213eff303d52f200cd77678c666837f,822d7acacba84607bababce993ba88ef56173123,b1390f103da5a167d1e19fa13a3efaa745d245df,c2884b04f3380bcdf7ad49cb497f49c312fa1369,,1,0,
noto:1F414,noto,1F414,chicken,animal-bird,noto,https://raw.githubusercontent.com/googlefonts/noto-emoji/e20cbc2bbec1/2D/svg/emoji_u1f414.svg,86cc4c80d3c63b578e1d07219ea75750b1c59564,5426ddb3eb42283525a64cf5e84a664250225d75,ab7f56ea29178792b081e391d24cbedd582a53b3,f1e5c99a313e3b71df3aae867458e8a2f2344c24,,1,0,
noto:1F413,noto,1F413,rooster,animal-bird,noto,https://raw.githubusercontent.com/googlefonts/noto-emoji/e20cbc2bbec1/2D/svg/emoji_u1f413.svg,3eeb73cb267c0b5053c3efe226ba45748e8f89e9,e3e56b7f3cae72ee8642d283e76611184e22c0e1,5b1346f0785bdb983681fca4abae624a91a569f1,d8bc47d9492f0dc21c58c9482e5ed9143e844eec,,1,0,
noto:1F423,noto,1F423,hatching chick,animal-bird,noto,https://raw.githubusercontent.com/googlefonts/noto-emoji/e20cbc2bbec1/2D/svg/emoji_u1f423.svg,7be831444554d5f929770ade9d1c9ba72fb2e7fc,0334d8e8f244098d1b94d66c3d4ea3dfc89d41bd,d89254251eb75daa6b686c6f2d8d784bfdb3be13,731b473cbb9d063852a267671ec1a50b2755f66c,,0,1,
noto:1F424,noto,1F424,baby chick,animal-bird,noto,https://raw.githubusercontent.com/googlefonts/noto-emoji/e20cbc2bbec1/2D/svg/emoji_u1f424.svg,a4d4317b6d6331bb241645fc3caf721efbe8173b,a0ecd77720fefc13334959cdc3736bd65b7d917d,edec8655ea71b0c84afa6207c82190d561e6340b,22fadb8f8840cb0a1847bb9057a2a249fdd40f63,,0,0,
noto:1F425,noto,1F425,front-facing baby chick,animal-bird,noto,https://raw.githubusercontent.com/googlefonts/noto-emoji/e20cbc2bbec1/2D/svg/emoji_u1f425.svg,71e784d7c16bc29b4eaf6058f0dd76c8cd643ffc,20a3b1f6ca9a003bd5ca8486c8c91c14eba15ca5,7bf8275c2520e3f1c7ccad5d834af372db37674a,45f0aaf532cb6e762cae5ab25583e900b3227846,,1,0,
noto:1F426,noto,1F426,bird,animal-bird,noto,https://raw.githubusercontent.com/googlefonts/noto-emoji/e20cbc2bbec1/2D/svg/emoji_u1f426.svg,d347b9017e45243593c3f09a4f3c87d50f2eb0ff,79efb0d072a115a6b860387b3683a8f66a036c80,181d046df42d98e22a88ed41221b4c417bd05729,286da6e38a801cc540639ab5b4611e95d9ddccc1,,0,0,
noto:1F427,noto,1F427,penguin,animal-bird,noto,https://raw.githubusercontent.com/googlefonts/noto-emoji/e20cbc2bbec1/2D/svg/emoji_u1f427.svg,63bc4ab16a79429dbcf387f5861fba204a77254a,4336ce9aa7f6bbfdda675c8f52c2e46ddcdfb21c,8b5081b0f8a36bc7a695977b3a873e03009b3854,e2f307134dd243f74b27df291b4e15035a0f8a1d,,0,0,
noto:1F54A,noto,1F54A,dove,animal-bird,noto,https://raw.githubusercontent.com/googlefonts/noto-emoji/e20cbc2bbec1/2D/svg/emoji_u1f54a.svg,0452df0aa078e2b8ee5316286f5455f1009ca565,5b52627bd33b095b572285c3a06b146c6bb5ce0d,29a0c0039ff2cfe8dafcedd2e2a38c91b596cab7,675802af6df73f877305e8f962c594b11ce25704,,0,0,
noto:1F985,noto,1F985,eagle,animal-bird,noto,https://raw.githubusercontent.com/googlefonts/noto-emoji/e20cbc2bbec1/2D/svg/emoji_u1f985.svg,554d7584de4f670182318e8591bdddb1de370d7e,ac4cecbeb93073b7ada7e0aa5d13c38052f660b7,5bb2dec4326eaf972e6361659a93a862c418a150,2b1c2a7bd6ada452e531b8f22afd5ab129e72dfc,,0,1,
noto:1F986,noto,1F986,duck,animal-bird,noto,https://raw.githubusercontent.com/googlefonts/noto-emoji/e20cbc2bbec1/2D/svg/emoji_u1f986.svg,f17d7c07c331fca93139bcedb543dc882d93ac66,2d900ff15287af8fcd12a989064095f1e6022a4b,bb2a0c34dbe7a213d1848c2cc365ab9ea456a3b6,018af2ce644ffc010422fab7a83c0651fa170c7d,,0,1,
noto:1F9A2,noto,1F9A2,swan,animal-bird,noto,https://raw.githubusercontent.com/googlefonts/noto-emoji/e20cbc2bbec1/2D/svg/emoji_u1f9a2.svg,77a224e6dea9ceedb4d623431fd47cc14a995fef,9a10647c30623b9234a6706e27bc7cfac91af34e,c63d7450347434548b9669c002ba75321755f4ce,52a7ab797ba992c148fb21896f8d0cbe0e6a35b9,,0,1,
noto:1F989,noto,1F989,owl,animal-bird,noto,https://raw.githubusercontent.com/googlefonts/noto-emoji/e20cbc2bbec1/2D/svg/emoji_u1f989.svg,0f6aeafa898bac0d80bae15c6d30f5232bdfbe6e,892d1393eeb664e9c800ad4fc0315a498e7a7311,4a1fd4ecf99e49465e8eeebfd1ee6e5514703ec0,5f8a9048c9cb04eb27dfe31d62177af22bfc10da,,0,1,
noto:1F9A4,noto,1F9A4,dodo,animal-bird,noto,https://raw.githubusercontent.com/googlefonts/noto-emoji/e20cbc2bbec1/2D/svg/emoji_u1f9a4.svg,bdc7b7289361e1c241efc7d5981dcd59432f08d2,eabc8a85935930330f77ade418a4b7e2efebd594,e5fa856f741c0ae43cea74a25ccc864d8d46501d,68fb569b138321995a275a1ce9d59d9468345986,,0,0,
noto:1FAB6,noto,1FAB6,feather,animal-bird,noto,https://raw.githubusercontent.com/googlefonts/noto-emoji/e20cbc2bbec1/2D/svg/emoji_u1fab6.svg,71be08c2aae9587a033e735d76a34c381cc426f0,60125070e7bfcb247d4d644431dc718b55ef66fb,6654b831805fc4275d68d322188db8650023e9ae,a193d7dbc92f4f53aa83adac6ee12cbe4edc38f7,,1,0,
noto:1F9A9,noto,1F9A9,flamingo,animal-bird,noto,https://raw.githubusercontent.com/googlefonts/noto-emoji/e20cbc2bbec1/2D/svg/emoji_u1f9a9.svg,2f6a09fd7cf46270f801b324df2bb3ee40bcf9f0,5e9558a71c6598e92cefa49a5a30f1e5b06c7752,6248568e8eb0e4913b522672cfe68fa4583a09eb,cd8ad29b6fd071659ce9f33cd5badc33400ae4a6,,1,1,
noto:1F99A,noto,1F99A,peacock,animal-bird,noto,https://raw.githubusercontent.com/googlefonts/noto-emoji/e20cbc2bbec1/2D/svg/emoji_u1f99a.svg,74a4095e47085a48c8e6437d53345e29f270549d,4ebccd9a212bca4bd25440fcfa9197f2eae35185,c57473f5e863f34246397cc862d5ba48cc9396cf,652b297c790212de413577a650e03c0251baf0e7,,0,0,
noto:1F99C,noto,1F99C,parrot,animal-bird,noto,https://raw.githubusercontent.com/googlefonts/noto-emoji/e20cbc2bbec1/2D/svg/emoji_u1f99c.svg,bdd8341de7f229182da47679820ea75d8459a087,83b7a0b4fb68c8d404d5561b79877cd9cd7dbf4b,c17c6c19c28a7803e30308447a9203365676661d,79181e5f335ee98ca62a45504f81a0c47eaa710e,,1,0,
noto:1FABD,noto,1FABD,wing,animal-bird,noto,https://raw.githubusercontent.com/googlefonts/noto-emoji/e20cbc2bbec1/2D/svg/emoji_u1fabd.svg,940563a50d5b6defc8549aa35d832f44a9ac832b,b32a044a2bdd40acb388590cbd9b0cffd3e76bf0,3a78d068a88fd854ee1cdbe9a8a892defecca262,29e6b247d639ecadb5b42cca17eb65460e2fb292,,0,0,
noto:1F426-200D-2B1B,noto,1F426-200D-2B1B,black bird,animal-bird,noto,https://raw.githubusercontent.com/googlefonts/noto-emoji/e20cbc2bbec1/2D/svg/emoji_u1f426_200d_2b1b.svg,f4ea8f82916f2e043a71a831068c0c8767ed85e2,590efabbd6c7b09cedaafe4b99deb3538551ef9c,957482a6e3ce844c73f1f32da945ef2a10b15760,335ed9d82f267e2743c280332afa4b7706aae1d0,,0,0,
noto:1FABF,noto,1FABF,goose,animal-bird,noto,https://raw.githubusercontent.com/googlefonts/noto-emoji/e20cbc2bbec1/2D/svg/emoji_u1fabf.svg,364119a2b5073f72caf5a268dbe3177a32df3698,fb03340723a0832ce2829184b0169ce3c022895e,732d090c06f0137c920eeeedc2c957d6e7944d9a,332aeeb9063b3bd39c1b2f04b0d7d47bc3cf7bab,,1,0,
noto:1F426-200D-1F525,noto,1F426-200D-1F525,phoenix,animal-bird,noto,https://raw.githubusercontent.com/googlefonts/noto-emoji/e20cbc2bbec1/2D/svg/emoji_u1f426_200d_1f525.svg,47d5d567cdbcbe68b83682126e34555f6b335fb8,0d5e7d5c88440890b0fd08a9df0d9ac4cf748b8b,1e77790bc9d99e54fd84b3a18cadba7b3532a2ae,56855db33e9b5cda0505bbc718022d1df9596b65,,1,1,
noto:1F347,noto,1F347,grapes,food-fruit,noto,https://raw.githubusercontent.com/googlefonts/noto-emoji/e20cbc2bbec1/2D/svg/emoji_u1f347.svg,574098c39c08f69a76f92c2b4eef648aa0892dec,de45aee80c88ae4b0c8575da600bbe50632b7bad,eb8ed78bbf947c9ff8fd2decb8e3c55161667d29,5dc2c95720f4fed3673f8dc02a53358139a87f7d,,0,1,
noto:1F348,noto,1F348,melon,food-fruit,noto,https://raw.githubusercontent.com/googlefonts/noto-emoji/e20cbc2bbec1/2D/svg/emoji_u1f348.svg,45a26d1873881c817bd4ffe2fa4bb02423093a6c,71c5a41297f21248f18892c1b3c0a433d4b39ae7,1b5067f2a3983d5511647237979d045c984f752c,e63922dc84014c8ae56a37552145fbcd40e5b3b1,,0,1,
noto:1F349,noto,1F349,watermelon,food-fruit,noto,https://raw.githubusercontent.com/googlefonts/noto-emoji/e20cbc2bbec1/2D/svg/emoji_u1f349.svg,4d45acf3091b53dd37f896a19d227c28ab277ef3,2114b282049b0320958a7ae7cf58199c5bb1f0bf,65ba0c88d6e4bca92b6b37e7b243c6b0609f816a,c722639faef04e6410eea25b9b796212fc7d1bff,,1,1,
noto:1F34A,noto,1F34A,tangerine,food-fruit,noto,https://raw.githubusercontent.com/googlefonts/noto-emoji/e20cbc2bbec1/2D/svg/emoji_u1f34a.svg,337f223d56c4800e8670453645bbc6406fb16714,32c6e80f10f46664db59b682a801f78160990942,e7c0883d4b55ade2063443465e2e83aa30efc001,741aef69b643f78595b43c61b97dfcc9c21740a7,,1,1,
noto:1F34B,noto,1F34B,lemon,food-fruit,noto,https://raw.githubusercontent.com/googlefonts/noto-emoji/e20cbc2bbec1/2D/svg/emoji_u1f34b.svg,6528d00d1c86fcfdc618681497eea00f34fbbf8d,93f6b6e2625e8bc39c145233255e0f72c2ce821f,3863a8c55b5a3fc20a830cf05b5d3a1a45c63986,38d6b68dbbf2bd12643031089fc9c1f418bc2179,,1,0,
noto:1F34B-200D-1F7E9,noto,1F34B-200D-1F7E9,lime,food-fruit,noto,https://raw.githubusercontent.com/googlefonts/noto-emoji/e20cbc2bbec1/2D/svg/emoji_u1f34b_200d_1f7e9.svg,0f0c24db503e4b567beca63792c886cfc6373814,2fba260e6ad8c754ce637ba94b684eff524fafd7,ed33d2ca96fff1439ddfbe53fb3a8d92e7472dbb,93dfecb852ec38a416b5fd99ef5863f01a5ae4a2,,1,0,
noto:1F34C,noto,1F34C,banana,food-fruit,noto,https://raw.githubusercontent.com/googlefonts/noto-emoji/e20cbc2bbec1/2D/svg/emoji_u1f34c.svg,0d1487b4887d67fb3c0754746f798ee28500b833,00676ca80d6b1da6f0a281c26724076dd4f317fa,6f76ba6df947d82833c03b3f26c8c95df0aef228,f7361e8bdac3371290bed825352f554f97897005,,0,1,
noto:1F34D,noto,1F34D,pineapple,food-fruit,noto,https://raw.githubusercontent.com/googlefonts/noto-emoji/e20cbc2bbec1/2D/svg/emoji_u1f34d.svg,acceb6580e9765fef0916cfe14db78254dc2e10e,50b0f75424ffa4f67a2ddef50b863202155ee4da,7c7a5dace8bfd5271ee40e8f4d56f32d119980b8,d17281987820805150e6e3e4812415e46c635ef3,,0,1,
noto:1F96D,noto,1F96D,mango,food-fruit,noto,https://raw.githubusercontent.com/googlefonts/noto-emoji/e20cbc2bbec1/2D/svg/emoji_u1f96d.svg,52e42fbce0cb53411f81f93314247205b65ec3be,4e0eaebf60a867f271711e38cfdf47ffdc7071d4,6bfce492cf0c0d3bbd60ed96e7189c374303414c,3f7fd9462357200690712d41879e00581bd9929e,,1,0,
noto:1F34E,noto,1F34E,red apple,food-fruit,noto,https://raw.githubusercontent.com/googlefonts/noto-emoji/e20cbc2bbec1/2D/svg/emoji_u1f34e.svg,19da1a2405e786660868b31ae7544ad3ba4e2d32,7e25917147d11dbc9eab9e3b2293ba0413bd88e2,08d614466d8b110980be0a8fbb53a863b3263687,5620ea5ec832903e7bcc4cb90cd33c35ccd3dcec,,0,0,
noto:1F34F,noto,1F34F,green apple,food-fruit,noto,https://raw.githubusercontent.com/googlefonts/noto-emoji/e20cbc2bbec1/2D/svg/emoji_u1f34f.svg,c6fc05ecc64898c1095adf394c7914ca13f36805,09a3bbe24c87ae6c89bf789fb6d247f7e3cc6c0b,7cf5f372dbbf99476ef75451914d9a4c800ebd8f,89d693f6388f5695c90698fd87fb6291b35ce27c,,0,1,
noto:1F350,noto,1F350,pear,food-fruit,noto,https://raw.githubusercontent.com/googlefonts/noto-emoji/e20cbc2bbec1/2D/svg/emoji_u1f350.svg,34f08644878b0edac5ebbfad5608e353fce5e9b3,ac4ab5b08c7b958329253a1d2e1ee92b5723a0f2,c2c1a15bc75c19502e5c9dc11bfd5530c4b02d13,932d059fc1f9118478467652e5e4f797ffdad3d8,,0,0,
noto:1F351,noto,1F351,peach,food-fruit,noto,https://raw.githubusercontent.com/googlefonts/noto-emoji/e20cbc2bbec1/2D/svg/emoji_u1f351.svg,5344a9283be14fce347caaa8df8b12e1ec66e21d,1205bc287e6cb06c6232e72069cb255125b034e9,14200c959c4522383c243ff566aafdc9e0182da3,a1236c1cb945fe4cabee8cf6a374d5c853193659,,0,0,
noto:1F352,noto,1F352,cherries,food-fruit,noto,https://raw.githubusercontent.com/googlefonts/noto-emoji/e20cbc2bbec1/2D/svg/emoji_u1f352.svg,ad503b52d420976ad1e7c6db25b4412a6a1f312d,bb3cce832ea1ec7802e27b1cb2ef01931ed48874,f8b98f9ec10ba7266b01389b1d6f8bbff9b3d901,eefd278928ffad1481ce8f44e4f3dcd997109160,,0,1,
noto:1F353,noto,1F353,strawberry,food-fruit,noto,https://raw.githubusercontent.com/googlefonts/noto-emoji/e20cbc2bbec1/2D/svg/emoji_u1f353.svg,7ee3e52fd32d3d59c41cbe969a93c85d615c4cc9,76961625917a6b80c81ac7c7ccc0d985cf092df5,df7855bcd1403403158d214bbd09b227befb3856,552686b09631a00f13074b9eb2b952a3d27e5932,,0,0,
noto:1FAD0,noto,1FAD0,blueberries,food-fruit,noto,https://raw.githubusercontent.com/googlefonts/noto-emoji/e20cbc2bbec1/2D/svg/emoji_u1fad0.svg,acf9eef3dabe2d4b9b0e7db9c51cc4420ce686da,146cad13f280c6f0b212a862773af77effbea94a,d2e6a277e5888748a08300455c8361a1b8ab1cda,2aa8cfefbd5c02c6a3862bb21f6b71225082acc7,,0,0,
noto:1F95D,noto,1F95D,kiwi fruit,food-fruit,noto,https://raw.githubusercontent.com/googlefonts/noto-emoji/e20cbc2bbec1/2D/svg/emoji_u1f95d.svg,433078f9924e1e98e75f4e1bf9d028b62b4b62d0,876bcd700a4c3e98e1fde8bea7135f0bf0758b00,04838ff5ae8ba8f057d1d0855ab265b9b016cd1d,4a5667a7e018da2efe957cb5f7ae7ed78de91fbb,,1,1,
noto:1F345,noto,1F345,tomato,food-fruit,noto,https://raw.githubusercontent.com/googlefonts/noto-emoji/e20cbc2bbec1/2D/svg/emoji_u1f345.svg,f2b3d3ef8c2279de912d189d0c084316ba095478,c4293b5e132e5aa294a1bb1cbcbb43192ef0fa50,a1fa0131527c6db505a1e9147dcc609ca4eb91e9,b1795e52435e339052050c75346a3adb90692636,,1,0,
noto:1FAD2,noto,1FAD2,olive,food-fruit,noto,https://raw.githubusercontent.com/googlefonts/noto-emoji/e20cbc2bbec1/2D/svg/emoji_u1fad2.svg,8b2c9fc64c0ac7535e876439cd821f57563c51ff,19199f4a369682989a042c3a1689b0d035d6304d,57c4c651b02ff44e861814cec1a3afca90a4d760,b0c858da154aa19f2b896d491bf01b4814cb13b4,,0,0,
noto:1F965,noto,1F965,coconut,food-fruit,noto,https://raw.githubusercontent.com/googlefonts/noto-emoji/e20cbc2bbec1/2D/svg/emoji_u1f965.svg,5ea22cf7ecd71aa49d27ab5981e431085124899e,678cd37699583161eccd77cd2dd8081eb52048e3,6a7c9e90865804ba4efc16b98c325aa038db9d27,cc892a0b6f9ea39b99e295e15342df4b91fe0b83,,1,1,
noto:1F35E,noto,1F35E,bread,food-prepared,noto,https://raw.githubusercontent.com/googlefonts/noto-emoji/e20cbc2bbec1/2D/svg/emoji_u1f35e.svg,74b99fd2013ca38eccfb4e2b514b81481a4bd8f2,3ee30bdd67f9c21659b45b3fa5e13216b2ec75be,7f9f20b563ebc7546401739a0b408300a678aae6,5e20b495a2a0a503c8860f042b1e7ea066f3b5f4,,1,0,
noto:1F950,noto,1F950,croissant,food-prepared,noto,https://raw.githubusercontent.com/googlefonts/noto-emoji/e20cbc2bbec1/2D/svg/emoji_u1f950.svg,192c51c2ecbb2b95b27c2ceeb649382452493c06,a8292a00ed81a14db4a4830eabe1dd33ae672df6,a3db180b83d17c3f7eb028dff4adb1a7013ff4b5,fbb38046a7a06ea64092213970a76c4e7fb8ee93,,0,0,
noto:1F956,noto,1F956,baguette bread,food-prepared,noto,https://raw.githubusercontent.com/googlefonts/noto-emoji/e20cbc2bbec1/2D/svg/emoji_u1f956.svg,0876db4e3984f856ee5c1afb7b5ee726f7da0167,080513703fa1524a06996e5405bbc5ccb8f638f9,e3730832e72a4b5460a3a2f0db329ce3092df027,582f5586325ffef150286b390f9086b418682adc,,0,0,
noto:1FAD3,noto,1FAD3,flatbread,food-prepared,noto,https://raw.githubusercontent.com/googlefonts/noto-emoji/e20cbc2bbec1/2D/svg/emoji_u1fad3.svg,4db1c45456c4c7fba19e76c8dc0e1fd09096e58e,f316d35e9b25bc37fdd5d71702d23c4f9ab94a1a,7f3e62602c2af023fca83d1875c2da05e208323f,ea1a00ae8a8def6b5ade287b08f7c69e355d04d4,,0,0,
noto:1F968,noto,1F968,pretzel,food-prepared,noto,https://raw.githubusercontent.com/googlefonts/noto-emoji/e20cbc2bbec1/2D/svg/emoji_u1f968.svg,7a2d11c239ce032f50215a011617077833cf5bdc,f3c5d7d9199ebccfefd0b1a2ad11a20f83f21beb,1647902482651e2c288ba5bd1b0be086be40f51a,fb7163cbe1383c4b9a21a4c0e4d3571b58e725c1,,1,0,
noto:1F96F,noto,1F96F,bagel,food-prepared,noto,https://raw.githubusercontent.com/googlefonts/noto-emoji/e20cbc2bbec1/2D/svg/emoji_u1f96f.svg,10d872ffd6a44456ab925f260808ce99f5508e3f,ee9bb41d9f40cf2546219fc96bcdd717b2c6e378,36964b42cabb4752b15b08e0bd22d1ada60e6ed3,cca74ea4a3aa9bf132ebb80045089baa868dfb63,,0,1,
noto:1F95E,noto,1F95E,pancakes,food-prepared,noto,https://raw.githubusercontent.com/googlefonts/noto-emoji/e20cbc2bbec1/2D/svg/emoji_u1f95e.svg,c46904bcc94fbea7998b6c086e42b311c9243724,d6b3d3218545914806f88bd6f39d691fa7f6044f,eb77baa9a0656efd9a52f5706a9b77249b289713,d44168950ec41eb92a4a2ca0a12ef654a5f91dd1,,0,0,
noto:1F9C7,noto,1F9C7,waffle,food-prepared,noto,https://raw.githubusercontent.com/googlefonts/noto-emoji/e20cbc2bbec1/2D/svg/emoji_u1f9c7.svg,ce3cf6fdce24a84abc62f28b7c3ba5712830d99f,633ef678836f987c15ece1a625cd2786d8cc9f87,035d34a090cb52f3bc375b3810a9ca55a2a94022,f3d52bc4708487cacb9770bc7a2bc4745728305b,,0,0,
noto:1F9C0,noto,1F9C0,cheese wedge,food-prepared,noto,https://raw.githubusercontent.com/googlefonts/noto-emoji/e20cbc2bbec1/2D/svg/emoji_u1f9c0.svg,f39d81ac00e29e63ef6ed2a11be0c00cc77ba12d,ebbff28f6c3a1282e2c4398664720e829af8453d,247e613eaf33de2863b70602616f1cb0c96a56f8,bc89f4635f9e9c25cd911bcdd4a5c14311940fca,,0,0,
noto:1F356,noto,1F356,meat on bone,food-prepared,noto,https://raw.githubusercontent.com/googlefonts/noto-emoji/e20cbc2bbec1/2D/svg/emoji_u1f356.svg,ebe613d2161112c1fb1b022a0c0ed09875525299,a1aaeb99f501ee9045dccf4d534cbfcec458ac07,052587f8ae5dea7b936f54ecfaf36b5efaf37ef2,9f98183c0273c5fa8320f702ef65d809aa4e59af,,1,0,
noto:1F357,noto,1F357,poultry leg,food-prepared,noto,https://raw.githubusercontent.com/googlefonts/noto-emoji/e20cbc2bbec1/2D/svg/emoji_u1f357.svg,274a69623d39522a2d9b879c608585dc595cd03c,5a8c00eea0fbc6299cc825db23cbe91ec0339e6c,e80214f1fdfa99ce2d6bb6da5b79decacc94232d,eb7989a57b322b34b4d54871681ec44214353846,,0,0,
noto:1F969,noto,1F969,cut of meat,food-prepared,noto,https://raw.githubusercontent.com/googlefonts/noto-emoji/e20cbc2bbec1/2D/svg/emoji_u1f969.svg,cd9a9689ba0d0d31c0ee88b4c71a848a68b88e43,6d8f6185f0d13a958504cfb8450e770377fa4f59,9158b928b657c318b3917ca791ed359de2e21455,3523e2ce287d0a806209412fc2edf8782037b046,,0,0,
noto:1F953,noto,1F953,bacon,food-prepared,noto,https://raw.githubusercontent.com/googlefonts/noto-emoji/e20cbc2bbec1/2D/svg/emoji_u1f953.svg,fb9abb08f9b681f1fffece5ba1594fb00dbd4204,011aed76805c16e761c1c500714288fb3be573fe,f58821e6cfda38fbeeace2f8399946a59881c2e8,dec38b21afb39eb45b0c12c9350f1c8590428ea3,,0,0,
noto:1F354,noto,1F354,hamburger,food-prepared,noto,https://raw.githubusercontent.com/googlefonts/noto-emoji/e20cbc2bbec1/2D/svg/emoji_u1f354.svg,eb5d65af0003ac65e6f033243df53d3135c3f8e3,dd02d4b423733f82728dbcf83b7e01ec4f2ec1b6,e05be745595a6efef322a28e323127ce3736d416,69cacf5442ef7d8956dbcbc2adfe08c46b76f00d,,0,0,
noto:1F35F,noto,1F35F,french fries,food-prepared,noto,https://raw.githubusercontent.com/googlefonts/noto-emoji/e20cbc2bbec1/2D/svg/emoji_u1f35f.svg,9e0eace42a9323ab901668492feb5c2adb09c3bb,e1f811d567b2fc95fddb559a3abfeb3bc3542e62,c4a7d29b113c3dab8973c77eeeea13d7fe43a79b,bc22efc8bc0312a4b3fbaaf8968baed10d63e1eb,,0,1,
noto:1F355,noto,1F355,pizza,food-prepared,noto,https://raw.githubusercontent.com/googlefonts/noto-emoji/e20cbc2bbec1/2D/svg/emoji_u1f355.svg,d3ec9dfdff86c22b953ab6c4af57e8a6d755ef10,4ff651811d8d73f215f59d09fad5e2a618e450fe,630c2db7e62a14f3a78408237d4ca149d543f786,12abe54125d4bbf928d173f68a5a71dd8eea846f,,0,0,
noto:1F32D,noto,1F32D,hot dog,food-prepared,noto,https://raw.githubusercontent.com/googlefonts/noto-emoji/e20cbc2bbec1/2D/svg/emoji_u1f32d.svg,2ee4c91b265b644de9ef6bc079c275a726066875,1e25806d74ddd56571b28abc5d7a7e693d11d1bc,99e0f0e06fda54ab2fa8444e51fbfb5a279e9f82,ebb2439315081bd7219b05b16413eea597f2c638,,0,0,
noto:1F96A,noto,1F96A,sandwich,food-prepared,noto,https://raw.githubusercontent.com/googlefonts/noto-emoji/e20cbc2bbec1/2D/svg/emoji_u1f96a.svg,31c2016ec2ba82f978ccbe699023fa4675001f49,b8bee3e28fe39e6b1cbe937e5cde0fc621beb431,659672ec5ace02e3042dfe1b0bef09010fd2a0cf,c32d912097a6886efebefae114b1345b02786a5f,,1,0,
noto:1F32E,noto,1F32E,taco,food-prepared,noto,https://raw.githubusercontent.com/googlefonts/noto-emoji/e20cbc2bbec1/2D/svg/emoji_u1f32e.svg,f0028df4cbff76b37fb81741cb73c4e69787fc00,abe4f016171111b32ee4c656fe8c186bc8d166b8,6f026f34e8d845f609091338cb3e1da19898a541,2de16a75f702fa646f23951eb3b5cd8819554344,,0,0,
noto:1F32F,noto,1F32F,burrito,food-prepared,noto,https://raw.githubusercontent.com/googlefonts/noto-emoji/e20cbc2bbec1/2D/svg/emoji_u1f32f.svg,2ec2904cada362bd1b5360e39e087e2ad1651b4e,6017c9766d3493d3e9c50642ed4894b654d14d44,200dcc4fbf55746c3033eabbb8183c34fe8713b7,6c32869d42e72a4558ef7df8d56f2381f1733803,,1,0,
noto:1FAD4,noto,1FAD4,tamale,food-prepared,noto,https://raw.githubusercontent.com/googlefonts/noto-emoji/e20cbc2bbec1/2D/svg/emoji_u1fad4.svg,7ea882ea453700fe79cd2054575e2dc7486a1e72,d66c4ec59c328cea055098a64a69f71f2f38b69f,dd4ee60982ee3cf936ab7e4679ec0d13363f2e0e,56df61acb7d745b723ed630ebb11e7fae612c7b7,,0,0,
noto:1F959,noto,1F959,stuffed flatbread,food-prepared,noto,https://raw.githubusercontent.com/googlefonts/noto-emoji/e20cbc2bbec1/2D/svg/emoji_u1f959.svg,225d632098cc78b189ce9fd3f0c6c36a281a69e6,968d3371d1c3d2567e9b25eebcc2e03c33f1b90d,c92ea1015f7586c1a1520999fe6386fa84d236db,fabcb6708079103bc15afae57b8fa3fcae9d6f9b,,1,1,
noto:1F9C6,noto,1F9C6,falafel,food-prepared,noto,https://raw.githubusercontent.com/googlefonts/noto-emoji/e20cbc2bbec1/2D/svg/emoji_u1f9c6.svg,705523e555bda1ae75c3cc8011bc7e2c63b416aa,3360ab097dde6e7fc643eaa78cea414a958c6eca,1252286eff22232ad3fb4b8481b369f320e84d9f,7680fe7268703add5797df3cf81e9af28e567083,,0,1,
noto:1F95A,noto,1F95A,egg,food-prepared,noto,https://raw.githubusercontent.com/googlefonts/noto-emoji/e20cbc2bbec1/2D/svg/emoji_u1f95a.svg,2160302923aa128c01d276eca447e8211bf66675,479b9a4e59a8a700679b70af1d4037e96531e69c,73735abf04ec8262b79bc84215ef96a14b944d91,08ff2523230f4a6e9ee41c939ec55d339baaa3db,,1,0,
noto:1F373,noto,1F373,cooking,food-prepared,noto,https://raw.githubusercontent.com/googlefonts/noto-emoji/e20cbc2bbec1/2D/svg/emoji_u1f373.svg,bb06a49662b91efbd476fb2da5569553164c16c1,a43f42c5ceb500a7d3ce483c70505efeeb6479cc,3da06e340fd8e72078f1afa1de7ab05555b6efba,bc65d430751365c2403320320e50ccdd58f4b249,,1,0,
noto:1F958,noto,1F958,shallow pan of food,food-prepared,noto,https://raw.githubusercontent.com/googlefonts/noto-emoji/e20cbc2bbec1/2D/svg/emoji_u1f958.svg,e2a7b87610b39b3b9e4aa989f6894fb1af98296a,69c8661ab130dce176dd3fa715a19b578061f550,e68c6ed7bc799510ae0208b0bb88134cb7e6e80e,19559f696c5922c4c96100f99d0a9ccbb894972c,,1,0,
noto:1F372,noto,1F372,pot of food,food-prepared,noto,https://raw.githubusercontent.com/googlefonts/noto-emoji/e20cbc2bbec1/2D/svg/emoji_u1f372.svg,30e3982ce5f9b3a8593c3aa516292ac6988baedc,3b9c6032d39fc97c12904ab57cb9d2563e36f034,01b80c5e2a6eae68c99771ba0b1642a6885969ed,08d8461ef2c9463314b87e6cdb742ee859f147cf,,0,0,
noto:1FAD5,noto,1FAD5,fondue,food-prepared,noto,https://raw.githubusercontent.com/googlefonts/noto-emoji/e20cbc2bbec1/2D/svg/emoji_u1fad5.svg,fb4331ed5733b4d1f3c747f6a851a7e224acbddf,2dc4c02204361453c4c082e688c27aa1e8fb661f,8a415aee917b0969c6f9231dd5a75023cb83585f,ce4ba1e9df7bdddae980567d3f3987a241444e16,,1,1,
noto:1F963,noto,1F963,bowl with spoon,food-prepared,noto,https://raw.githubusercontent.com/googlefonts/noto-emoji/e20cbc2bbec1/2D/svg/emoji_u1f963.svg,e02bacea625a4692c5e553ad183c4514f822a7bd,df01450d41516f31e3ba84d93d22be15c69c39aa,84e8427399e7ca3d2e8af2b849029efeb3e33efe,320b819542508a91655ba0f4617592cccbe47be1,,1,0,
noto:1F957,noto,1F957,green salad,food-prepared,noto,https://raw.githubusercontent.com/googlefonts/noto-emoji/e20cbc2bbec1/2D/svg/emoji_u1f957.svg,e84cd5d1ce68bdc02990ce69170374504987fdec,bc0383db0a4154877ef4189db767b7d58bcc38fd,e989e682f56aebeaaaa8522c5b3fdfcda489d0fe,78ef88de1028ba15c16e912dbe73c83bf0e36d32,,0,1,
noto:1F37F,noto,1F37F,popcorn,food-prepared,noto,https://raw.githubusercontent.com/googlefonts/noto-emoji/e20cbc2bbec1/2D/svg/emoji_u1f37f.svg,6e05f4a5406cea4d7e7cbb5f26f58b36ba931747,5ad125a13df1654098bdd5dca624c98bd2311c9e,2bec6e6fcdc9ab0bd2e860fa3b0f705e6f0ad5ec,22da1909b3ba43b2135fd14bd02c5d2d3cbea50a,,1,0,
noto:1F9C2,noto,1F9C2,salt,food-prepared,noto,https://raw.githubusercontent.com/googlefonts/noto-emoji/e20cbc2bbec1/2D/svg/emoji_u1f9c2.svg,f3b3c45da032bd20d1764e5ec2ca9a94a2da568d,28bd54909f2df821820c4ce77d3e12c695e00de6,a4bd238259d5b881f218979db6f979243d9c1a08,cf7e238e37a1d8bba41ab5b5a63dc4bf2c81fe22,,0,1,
noto:1F96B,noto,1F96B,canned food,food-prepared,noto,https://raw.githubusercontent.com/googlefonts/noto-emoji/e20cbc2bbec1/2D/svg/emoji_u1f96b.svg,b2700c5567b77d27d0fd42fd08386b997afa7d2a,7232721cf6101053c77a75f2434cc145a721306b,605930c53a8aa2365d4bf64153f11ca264153d18,5e3ecc61738539e2a7fc551a720d35f5e2e2426e,,0,0,
noto:1F37C,noto,1F37C,baby bottle,drink,noto,https://raw.githubusercontent.com/googlefonts/noto-emoji/e20cbc2bbec1/2D/svg/emoji_u1f37c.svg,1db2ce7ff84cde3de5c7650d5b70a4e987ff7cd3,772c153d7905edcc63ed317d1b29ebda698fc059,6a29e5c40313c78e8c5badadd17a42e02a286420,ee54cda8d7abb01391e61fbb8a81c21c39f8cca7,,0,0,
noto:1F95B,noto,1F95B,glass of milk,drink,noto,https://raw.githubusercontent.com/googlefonts/noto-emoji/e20cbc2bbec1/2D/svg/emoji_u1f95b.svg,f038f2d391b1832a53d494dfe55cd2b94f904c39,5ccf9f231b6a65938ade75f037750fbb567dff87,fee82ffe85d76751caa4d915d9b6994f7ccbea72,aec0db84c62a5e3dc88a702edeb3fbb156922a8c,,0,0,
noto:2615,noto,2615,hot beverage,drink,noto,https://raw.githubusercontent.com/googlefonts/noto-emoji/e20cbc2bbec1/2D/svg/emoji_u2615.svg,3711aae7bfcab924248e312054a2ca0861864ce3,4e745baa71e904218cef9b002172f4d573f55087,6a47a6637a83f52e9ab98a070974b640ab716924,651b9983afdd42688f0fd2cb8d9989c41e37fb95,,0,1,
noto:1FAD6,noto,1FAD6,teapot,drink,noto,https://raw.githubusercontent.com/googlefonts/noto-emoji/e20cbc2bbec1/2D/svg/emoji_u1fad6.svg,5a8e38a485774b0e6936c926cbf861a0a7ae3311,df57faabe0af6fd24b1d6f237d455cfbe24d6fb5,f744e3961d0a875b424c9e78a757fe7a6cf1f550,9239a9d7ad126b58e42b7521e82b79a84d4006d5,,0,0,
noto:1F375,noto,1F375,teacup without handle,drink,noto,https://raw.githubusercontent.com/googlefonts/noto-emoji/e20cbc2bbec1/2D/svg/emoji_u1f375.svg,6a46f9812f50e315d36bfb9506e73677f41caea9,025e08d3a1647c1bf86455ca4ce78c9f1b66de91,6e9a64085edc297423e65557c5db9d53ca151228,217917586348d15fb16e433031e0803eccca45fb,,0,0,
noto:1F376,noto,1F376,sake,drink,noto,https://raw.githubusercontent.com/googlefonts/noto-emoji/e20cbc2bbec1/2D/svg/emoji_u1f376.svg,8cc1519469f0662878796d8aa6c7c6c031cd0430,dbc344efadb9cab902b542ac316d17695d2e8f39,8dc3d1b3b6bc7ce2a65d067bd1e7cfa75d15011d,818344c03055b62cda3abeda8b0c62f000298217,,0,0,
noto:1F37E,noto,1F37E,bottle with popping cork,drink,noto,https://raw.githubusercontent.com/googlefonts/noto-emoji/e20cbc2bbec1/2D/svg/emoji_u1f37e.svg,1a9eef8a14d5c2dd6d63e6498db25dd5c2708b99,ed2d4d8cbf8a5495957995165692331549a5a6c7,75fc0f8e5207cc8c72a3bcb1b554f38bec42ea1c,01eb0bb8d5db0581f56e5691580977cf1ddf3e07,,1,1,
noto:1F377,noto,1F377,wine glass,drink,noto,https://raw.githubusercontent.com/googlefonts/noto-emoji/e20cbc2bbec1/2D/svg/emoji_u1f377.svg,03b04feee5ab1aae1d071b5260811dfe0d6471b9,b925dcbcc3ea53e13a7c982a3152cba396e76697,adbfa9c63e00d7d201e7821716029054f313a8e6,e31d726d1b49ee5b657b476838b10d602b819836,,0,1,
noto:1F378,noto,1F378,cocktail glass,drink,noto,https://raw.githubusercontent.com/googlefonts/noto-emoji/e20cbc2bbec1/2D/svg/emoji_u1f378.svg,0a65982b9645ce43fd33b6ba03b320a2aa5b90de,d0527b732fdf87c88e39cbe48a00108d8eebfc57,00414bfd1e76545029d01101562879bd5bca417f,9db2b76df81194b2b2799faf0edd32a07eb4d310,,1,0,
noto:1F379,noto,1F379,tropical drink,drink,noto,https://raw.githubusercontent.com/googlefonts/noto-emoji/e20cbc2bbec1/2D/svg/emoji_u1f379.svg,ca848b4c798d4bddb07217e83fa8a600cd9981b3,b6f5840ce5c0eb9e12c9de8f527befe03d36f548,d65dadf40b3f9ff1817e9f9d6d2d38f6cdccbc28,a20bd00bdef6826d320bc80ed15ccab7cd7f3b06,,0,0,
noto:1F37A,noto,1F37A,beer mug,drink,noto,https://raw.githubusercontent.com/googlefonts/noto-emoji/e20cbc2bbec1/2D/svg/emoji_u1f37a.svg,58f30eaf839b3832557b692ba34117e56cd19771,84d9bdb61a3328c60c6bd26317624a222903338d,cae4a99d260cd182b84f3af21435446612b5b075,9791398e927bc0b564b24dd22f51c6e935feb080,,0,0,
noto:1F37B,noto,1F37B,clinking beer mugs,drink,noto,https://raw.githubusercontent.com/googlefonts/noto-emoji/e20cbc2bbec1/2D/svg/emoji_u1f37b.svg,826b08eefb352baa0d3d4f8d5dcef7b371317e2e,052a3552ae4c59267b5cec5ae70c1877f7d70719,d0d99d022a30cb5dc181ed23122293b0eb2ba837,ceb2aa90e276680aa48c3ff700e1f9bc69ff07d9,,0,0,
noto:1F942,noto,1F942,clinking glasses,drink,noto,https://raw.githubusercontent.com/googlefonts/noto-emoji/e20cbc2bbec1/2D/svg/emoji_u1f942.svg,fdaa0161a2c8ab0af17667084fe6f3844ce39ac3,b4383e41f799659cd6953b37311f99ce0a557cfd,602f82ab1f5d2855fba2f042242b758b80cfebdf,f4ba0c8a11ccd5dacb913236f4062eb4ed431404,,0,0,
noto:1F943,noto,1F943,tumbler glass,drink,noto,https://raw.githubusercontent.com/googlefonts/noto-emoji/e20cbc2bbec1/2D/svg/emoji_u1f943.svg,53779da8bc5f40c2d59f9d6cafa0c42eccfa2051,36c30fd3909a138045fb2c83d5a17933b5a49b81,e70cbcff44fa63076d1845d4ec83a9eaf761a5b0,e0881a96004480c55eab79cde900df7ab8f267d1,,1,0,
noto:1FAD7,noto,1FAD7,pouring liquid,drink,noto,https://raw.githubusercontent.com/googlefonts/noto-emoji/e20cbc2bbec1/2D/svg/emoji_u1fad7.svg,d82cc01fde0f64cfdd239c2f198468c09591557f,8943c988ac57bbe498a67249a9b2c5017758c2a6,e636ac769b3144004707a0c293f01057461c7c0f,165648d060198151d9b75a34e14f24f2fd05e6ac,,1,0,
noto:1F964,noto,1F964,cup with straw,drink,noto,https://raw.githubusercontent.com/googlefonts/noto-emoji/e20cbc2bbec1/2D/svg/emoji_u1f964.svg,e5e48b0127630efc6b35bd2a7f599b5a3f2c73b0,f4fbd447500057f5e457c24e56f4916d64523be6,7ff87267f648843e92e8cdbef596e55d81d71c25,264565475a25c76663f77a30aa03e7a8cad65b8c,,0,0,
noto:1F9CB,noto,1F9CB,bubble tea,drink,noto,https://raw.githubusercontent.com/googlefonts/noto-emoji/e20cbc2bbec1/2D/svg/emoji_u1f9cb.svg,026f30f4f2a94c7c31b3ee6568ad613e0271db1a,2f1f393756148f77e2470ced21a4b10d8b5e154f,a4456430191611c1bf9d0a7266c116fae96b037d,6067cfda0a7f431705fd83725d5c19a7c48bc29b,,1,1,
noto:1F9C3,noto,1F9C3,beverage box,drink,noto,https://raw.githubusercontent.com/googlefonts/noto-emoji/e20cbc2bbec1/2D/svg/emoji_u1f9c3.svg,8d392363b142f95a04680595aa537982633bafc4,62fe822a58e2fd13ddd153486818c9ff92a485b8,0695e8518dc666abb22218ee88fd0bb3ec4c8ac3,8d3d09041d159dec353890023559d68924ad5792,,0,0,
noto:1F9C9,noto,1F9C9,mate,drink,noto,https://raw.githubusercontent.com/googlefonts/noto-emoji/e20cbc2bbec1/2D/svg/emoji_u1f9c9.svg,0d980f0911f0a3e80351b9f43e2f2ca80723e579,10988400be1915bcce62c4f6e75666b8e753f060,cb7be926b00cb27c12b55a2c1dda606746112073,d34811873a973a2c1cc2e478b01007d4c6576f58,,1,1,
noto:1F9CA,noto,1F9CA,ice,drink,noto,https://raw.githubusercontent.com/googlefonts/noto-emoji/e20cbc2bbec1/2D/svg/emoji_u1f9ca.svg,066cd9a4583b06986478a0d26291362fc424077b,af8603f902cb9da8e9c6670beb13daca857221a2,7dc8320c96accd2db7de0ffb703ce2ca78063648,6bf7f850b648fbce5fd8db979b838c8b381c34c1,,0,1,
noto:1F3DF,noto,1F3DF,stadium,place-building,noto,https://raw.githubusercontent.com/googlefonts/noto-emoji/e20cbc2bbec1/2D/svg/emoji_u1f3df.svg,ba552a4f90fbd66b89334208e79ad40489bddfff,984281f73a36509ca82925992791f8b7bc6272e7,ee53b473592f5594f86915afa304f45a59aec514,62dedee29206974af40d1184473efe379a10d17e,,0,1,
noto:1F3DB,noto,1F3DB,classical building,place-building,noto,https://raw.githubusercontent.com/googlefonts/noto-emoji/e20cbc2bbec1/2D/svg/emoji_u1f3db.svg,f36e8188c7261d7816c92662787280cdf1830532,d7310505da25ae2a916b688cfe830f844add7bc7,d1ef32d7aa286f632f713ff2724a6e358ea3b33a,3670e78a56e3701ea84cd5e8e7ed35607b2581ca,,0,0,
noto:1F3D7,noto,1F3D7,building construction,place-building,noto,https://raw.githubusercontent.com/googlefonts/noto-emoji/e20cbc2bbec1/2D/svg/emoji_u1f3d7.svg,09a8bcd9d8f6722c97d8991ba6a3d007370d44a0,2f01bc9c8b5ad5761dc8535451f359de94d82a7f,8740bdd3c5575fbceed5bf7b79bb2208e84feca0,86d2ba446b853beed6211cf850b3d242a0da4953,,0,1,
noto:1F9F1,noto,1F9F1,brick,place-building,noto,https://raw.githubusercontent.com/googlefonts/noto-emoji/e20cbc2bbec1/2D/svg/emoji_u1f9f1.svg,6ade9b0458f0bc74fc0cc17e74c667eaffdfb975,20bb3117cfa213394a7a2c0493e70f35d7f64429,5b770bb647bd58d3511046255fb3796af315b534,19918d8e5c08305eff553c75aac806f78cf6d512,,0,1,
noto:1FAA8,noto,1FAA8,rock,place-building,noto,https://raw.githubusercontent.com/googlefonts/noto-emoji/e20cbc2bbec1/2D/svg/emoji_u1faa8.svg,633347904381135244556150cf308c17299d049a,633347904381135244556150cf308c17299d049a,0c31a0621fe542afc5d3155958e03dc60c7fdc9e,8eeb0146327c7f696420b572545fd18c898b8084,,1,1,
noto:1FAB5,noto,1FAB5,wood,place-building,noto,https://raw.githubusercontent.com/googlefonts/noto-emoji/e20cbc2bbec1/2D/svg/emoji_u1fab5.svg,7bc0c063614d3cdc23551b4d951ccb1101a241cb,3c7aa721a5a052337cd859749a9a7b9745daecee,980f27f819d920c3a0e8171c3adeea9c561ed661,ace31d649c6f06f232ff4a27b040a944d58d3269,,1,0,
noto:1F6D6,noto,1F6D6,hut,place-building,noto,https://raw.githubusercontent.com/googlefonts/noto-emoji/e20cbc2bbec1/2D/svg/emoji_u1f6d6.svg,c3b65b1253475bda719b1309d675aa633f6b5f81,2e71e7923964593786036dca60ccf2a7986bb023,fbc8ea1aa544685f4a0eaafa2767018e57d2d468,690d2127d914c7ea6a0f1f4e8583fc176da3bdf6,,1,0,
noto:1F3DA,noto,1F3DA,derelict house,place-building,noto,https://raw.githubusercontent.com/googlefonts/noto-emoji/e20cbc2bbec1/2D/svg/emoji_u1f3da.svg,36fdcb7edff62528056819667c66eb002b8c6b9d,ffce54956a735456191cf08d315ee393a91a33b6,7b27400870ba66602de003ec278bec74828eda93,3969113c06feb24f1bafa45c28555822ee483c4a,,0,0,
noto:1F3E0,noto,1F3E0,house,place-building,noto,https://raw.githubusercontent.com/googlefonts/noto-emoji/e20cbc2bbec1/2D/svg/emoji_u1f3e0.svg,01597faa3fb023160aaece81d48d80a409b2ed35,74a9200ebc2016d4ee9ca5f91558cc19362c61d9,c8f2f70fa34ace08d2a0f4aa7bb45699d6a8e34d,ab76784915f3160b336d14a1f52d1d1d31db8034,,1,0,
noto:1F3E1,noto,1F3E1,house with garden,place-building,noto,https://raw.githubusercontent.com/googlefonts/noto-emoji/e20cbc2bbec1/2D/svg/emoji_u1f3e1.svg,a7e54cbbab8d09ec40311b568079fb48decc53b2,2954e0ab94e8669ab71bd859221cbf0980328c87,aaa83c0df6addaa2f2b8f878acd191edc37a3506,766fb2aca102135eab82fd6dad70378e09460046,,0,1,
noto:1F3E2,noto,1F3E2,office building,place-building,noto,https://raw.githubusercontent.com/googlefonts/noto-emoji/e20cbc2bbec1/2D/svg/emoji_u1f3e2.svg,73f4c399cff5f89ea9683cba45fedd0ed2e98b10,4021c646fa61642ea42c389cbca9e145bce3c29e,639eadca286b98ef41cad2e6d0ef52c8b85c9493,236d1b8d1b13af34d2234c298ebf4c451400c6b8,,0,1,
noto:1F3E3,noto,1F3E3,Japanese post office,place-building,noto,https://raw.githubusercontent.com/googlefonts/noto-emoji/e20cbc2bbec1/2D/svg/emoji_u1f3e3.svg,fade2c6a669d1a29c3d71e27f0bbfe89db4b01ab,737cb3e8dc359b1298ecbebc5c4a59e10ac55b15,bf7d433243096b2a58155ebecfba403fe378bfef,1922fd3fc1f75527a9ab21492f29e863f48efe11,,1,1,
noto:1F3E4,noto,1F3E4,post office,place-building,noto,https://raw.githubusercontent.com/googlefonts/noto-emoji/e20cbc2bbec1/2D/svg/emoji_u1f3e4.svg,d32e2e84a51b92f6245ada7c8c432e3fc1cf80af,1955480dad1e1b6502e97f71f2ff8265f237c0b5,368378cb07601f7b35a5c378b3664f19dd801bd1,715572adadb10808a52c318f1eb9c4f1f40b499d,,0,0,
noto:1F3E5,noto,1F3E5,hospital,place-building,noto,https://raw.githubusercontent.com/googlefonts/noto-emoji/e20cbc2bbec1/2D/svg/emoji_u1f3e5.svg,71593169d43b60c50b225ec9414839586dae370b,abf6bcb11c4b697ea239cf535d3a23d413f1d209,0037a72f4c3b861dc62bba6e9f62ca524c9c1ba3,8361d6b9c61baa77a28413328a81d51e73bca99f,,1,0,
noto:1F3E6,noto,1F3E6,bank,place-building,noto,https://raw.githubusercontent.com/googlefonts/noto-emoji/e20cbc2bbec1/2D/svg/emoji_u1f3e6.svg,07b614b60d60b61a6cd709d22dd4eb89fc0b5fa3,142cbc37ed9f5fb403f106d6391e2b39d415698c,06c0047143b89f16ca433308b0d0bece93c3107d,b9e8a285e46485e43d6fb80b5173fa3d4efaa6b0,,0,1,
noto:1F3EA,noto,1F3EA,convenience store,place-building,noto,https://raw.githubusercontent.com/googlefonts/noto-emoji/e20cbc2bbec1/2D/svg/emoji_u1f3ea.svg,99d7a835e60efd1c3bb873cab4063916537e8f3c,8b7a302ab2228e6e960ddef75d1938f50dc1c81c,5e37c98e387a39f18051d0e19ce0a1e6b06077df,d3ab686e96bc1e42bae5a3061dddbddff451d3f4,,0,1,
noto:1F3EC,noto,1F3EC,department store,place-building,noto,https://raw.githubusercontent.com/googlefonts/noto-emoji/e20cbc2bbec1/2D/svg/emoji_u1f3ec.svg,0f9bb1a5b4ff43ee44d5c2ab064650fa4762ca8f,ddae43947338c31d82eb316fd88aea97a43b452a,7b38b38872bbe400bb0e17d4043e6a52d32362b0,5218fd403eb827410bfd96ba30a74cfb3644f98e,,0,0,
noto:1F3ED,noto,1F3ED,factory,place-building,noto,https://raw.githubusercontent.com/googlefonts/noto-emoji/e20cbc2bbec1/2D/svg/emoji_u1f3ed.svg,7e5fc71ee12aaa225c8d2831d9c3407078cac89a,d5b2a8ea2f25da11b66814a45aad0a37c495a58b,e7de3708d5e31860b5b335d9419d64d12b082c5c,f170c9c0a4719b93dc0af3c6b0106ca7f7feab3b,,0,1,
noto:1F3EF,noto,1F3EF,Japanese castle,place-building,noto,https://raw.githubusercontent.com/googlefonts/noto-emoji/e20cbc2bbec1/2D/svg/emoji_u1f3ef.svg,d87e45efb0d71b238addbc6ad613cef9199dfc48,d7183484794b3e7c0ab24ea34fbf9ee65c101bf9,26c99e2283d0cdc8205122dd9a4e7edf80c6fddb,44c73b3fa951d69d6a84f015ceec166d5a053052,,0,1,
noto:1F3F0,noto,1F3F0,castle,place-building,noto,https://raw.githubusercontent.com/googlefonts/noto-emoji/e20cbc2bbec1/2D/svg/emoji_u1f3f0.svg,2137a01bd9d0bee1f63bc78c9155ad3a06ef8085,8214d60233427ebb74cdbb4940e09ec3e50df910,f4ee6f0878d4ed1bc15d3ecee17545d85f0c6217,7f326b30e9c4adbf8c27a8d9d16bf11b45a2bec2,,1,0,
noto:1F492,noto,1F492,wedding,place-building,noto,https://raw.githubusercontent.com/googlefonts/noto-emoji/e20cbc2bbec1/2D/svg/emoji_u1f492.svg,94f5ea629d42b36632d1b608a23d9a99cbf62ab1,76bcae159252c279aeb913ef92bb1a47e6b4e6d3,db83d66a023c59563ea37f6c3bdaeeff30969141,0df1e83535f4736cacc12d36aa2c449babd6731c,,0,1,
noto:1F5FC,noto,1F5FC,Tokyo tower,place-building,noto,https://raw.githubusercontent.com/googlefonts/noto-emoji/e20cbc2bbec1/2D/svg/emoji_u1f5fc.svg,504da8e003ca4d0f5bcc8a8512e124163fd172b5,438ae8947ea3d395c655ab881782ad85f3fc652b,7ed9972f7a6e32b6bf4dd3d4668c126457c54d05,a71351fc014e2d068efcb2596ab509654faad2d3,,0,0,
noto:1F5FD,noto,1F5FD,Statue of Liberty,place-building,noto,https://raw.githubusercontent.com/googlefonts/noto-emoji/e20cbc2bbec1/2D/svg/emoji_u1f5fd.svg,48059a74c4031ae6a90d87a59f6c86c245a23f20,0ca0648a47ee576537f54f21af6e5d29771ca12f,85a10161f76e0071926dba82966db7d878d76d2e,71bcb9658b06cf660e5e0929f27022588d14b88f,,0,1,
noto:1F682,noto,1F682,locomotive,transport-ground,noto,https://raw.githubusercontent.com/googlefonts/noto-emoji/e20cbc2bbec1/2D/svg/emoji_u1f682.svg,7b6b4dca531f9a00e1a5f1d4aa1500ff91c6cda4,389e4e02386cb66e03fa9f7b6fd1a7901605ed84,8945faa907818dc85edca04f0d7d37080ca0c53d,b2f965e0f9bc350ba69748e02e889f5a0e11e3e1,,1,0,
noto:1F683,noto,1F683,railway car,transport-ground,noto,https://raw.githubusercontent.com/googlefonts/noto-emoji/e20cbc2bbec1/2D/svg/emoji_u1f683.svg,8a2d538de19ac60307704f0ee2cec913e8a53528,da72fc60198ca2e045eff579575b982a96b4ec18,e1b7efb22d331f566ced25327de6efd6e6c067d2,253350626b85c064c95975de83d88492881a92a5,,0,0,
noto:1F684,noto,1F684,high-speed train,transport-ground,noto,https://raw.githubusercontent.com/googlefonts/noto-emoji/e20cbc2bbec1/2D/svg/emoji_u1f684.svg,e053914f044190bba2c7ed2d4fa1e1fe21c03c01,8e2f78ac710f425ab60edb5944f8bddbdbb44f4c,3a941012519601ad35bbb33bf1d85e03b7646b18,deb134914ea6a26a1cc1d5c279ba6375ca53c457,,0,1,
noto:1F685,noto,1F685,bullet train,transport-ground,noto,https://raw.githubusercontent.com/googlefonts/noto-emoji/e20cbc2bbec1/2D/svg/emoji_u1f685.svg,9834ee3542a703b8a7d52c5cd7b33d3fbd3a56e9,f7d07e83e83595751086ad53c21ee1cfab234ac2,377c93f30deeaa054644750b550e1b91135518f0,c6b9ac8db53b54828fd929f83f259002b4a321a4,,0,0,
noto:1F686,noto,1F686,train,transport-ground,noto,https://raw.githubusercontent.com/googlefonts/noto-emoji/e20cbc2bbec1/2D/svg/emoji_u1f686.svg,1e49f936648b5ddbf4d7dcd0ec1f20c97038d34c,81c70af23f6c1cd534c442629d5d9b0ea8902799,58e09e23cd93e62f54aa30818428ae2b4c22f297,002cdd889cd12c4452ef6245363fdce3e21c57a7,,1,1,
noto:1F687,noto,1F687,metro,transport-ground,noto,https://raw.githubusercontent.com/googlefonts/noto-emoji/e20cbc2bbec1/2D/svg/emoji_u1f687.svg,562070c1a5376670074ddd21fcfbeefe4823d362,9dfd49b5a55ccf5dd1c8820451fde20285d83e86,0a0906abac31f2a1c39571ab5500a2b8c7f2b5cc,adedae579232e331c44dfc7c28a4186a2b7a1132,,0,0,
noto:1F688,noto,1F688,light rail,transport-ground,noto,https://raw.githubusercontent.com/googlefonts/noto-emoji/e20cbc2bbec1/2D/svg/emoji_u1f688.svg,bd00a5ed05c7a66a85419237e8798dc01a742d84,9079f6ccde0fb702ed1dddc749c25ff0d351e00d,6e0843740affba7809b41429abc2e3170b01516e,1798edba705c9fe182eb6cd47d781b0ddb18dab2,,1,1,
noto:1F689,noto,1F689,station,transport-ground,noto,https://raw.githubusercontent.com/googlefonts/noto-emoji/e20cbc2bbec1/2D/svg/emoji_u1f689.svg,53e2ff330a4a3e27ec5b126f698d76bb1fe87019,cbfb86a981ec5f27d5228fe0ab7773ce0aa54d1b,5bda0dad0cfe98465e864e517b9bed6b7792b2d1,03a69fd7400f24043e88dd50371037d633cb41d9,,0,0,
noto:1F68A,noto,1F68A,tram,transport-ground,noto,https://raw.githubusercontent.com/googlefonts/noto-emoji/e20cbc2bbec1/2D/svg/emoji_u1f68a.svg,63db387a0e8591e8cf13348fc28b7b5aadb1a22a,cf129151ed6f2583b38003f79c712087d9f00396,2f401e5270ca3f0745d40c6c6bca8c142eca103b,3b969ddc2e8b66171fd942f7cca986c1849ae113,,0,0,
noto:1F69D,noto,1F69D,monorail,transport-ground,noto,https://raw.githubusercontent.com/googlefonts/noto-emoji/e20cbc2bbec1/2D/svg/emoji_u1f69d.svg,864935586839505066a0efae807bd350ed1c67b3,1e001171cb20703e0bb1d014f489007160db667c,b2f7c73148b076a1db03d3ca534c9864c996ae01,92b7b2554ea24c08956f693b2c4c5c40285f305b,,0,1,
noto:1F69E,noto,1F69E,mountain railway,transport-ground,noto,https://raw.githubusercontent.com/googlefonts/noto-emoji/e20cbc2bbec1/2D/svg/emoji_u1f69e.svg,6623c63525182a786f34c57a10a2bf43c506dba0,05330e65c67b24e6c18fa6017a47e32acbc6ec0e,200d16ad3fb27d3fcabc4c7ed6701669be8491d6,6e64acb3698e8c37dd6f26ae62eba09bc3dd126f,,0,0,
noto:1F68B,noto,1F68B,tram car,transport-ground,noto,https://raw.githubusercontent.com/googlefonts/noto-emoji/e20cbc2bbec1/2D/svg/emoji_u1f68b.svg,ade81217588513e2a86e49a50880f1a86698e5db,012831324d6d79a2ec110387ccfdf15e6072e9dd,6ccf5cd3df2a70e7637c1b6e76882c68f1e3fd77,5a45f8bd8ca261d7210408c9727a64f467dc7aee,,1,1,
noto:1F68C,noto,1F68C,bus,transport-ground,noto,https://raw.githubusercontent.com/googlefonts/noto-emoji/e20cbc2bbec1/2D/svg/emoji_u1f68c.svg,c2bb21adad74f1e8003d59b5cf15fffe3b3bdeeb,c84cab1d2703453235f559ab34472f89a3ddeda3,976eacf1c906893186b61b032390ef9a676907f2,8bee5398e2b0936d0f0345904043910dc9fe32c6,,0,0,
noto:1F68D,noto,1F68D,oncoming bus,transport-ground,noto,https://raw.githubusercontent.com/googlefonts/noto-emoji/e20cbc2bbec1/2D/svg/emoji_u1f68d.svg,be1171adc7198ed84cc8bb2d204b501a630dc97b,78d2ae3ec6bac89650a4407242587df552f11d1d,aba4ec7cdc1ad349c815e1ccf74e62df4bf94f3f,08c36f817c5546f17fb2d8ad2fa4c613a4505e2d,,0,1,
noto:1F690,noto,1F690,minibus,transport-ground,noto,https://raw.githubusercontent.com/googlefonts/noto-emoji/e20cbc2bbec1/2D/svg/emoji_u1f690.svg,7f4451c33c13278c5ec7459124cd0dc0fb55f032,bd2b576ba964d72860912e8ce74b99064db07748,4b59825330efddd6c20e6168d2cf8c8384cd480e,d733ba27482f50ab9ab93a018cdc461a997a0d29,,0,0,
noto:1F691,noto,1F691,ambulance,transport-ground,noto,https://raw.githubusercontent.com/googlefonts/noto-emoji/e20cbc2bbec1/2D/svg/emoji_u1f691.svg,0dbbb60f219288355f7f56f6230f8bf8a947c22b,742826619b554f211a45423053d31599c0663768,79ceeaccc2b2a453393a571cedca19fed7778dfa,1daac569f608e2f5d0fa1e9e0126d586bffbcd93,,1,0,
noto:1F692,noto,1F692,fire engine,transport-ground,noto,https://raw.githubusercontent.com/googlefonts/noto-emoji/e20cbc2bbec1/2D/svg/emoji_u1f692.svg,b64eea412ba9f666f21fe5c88ceb96cbce3a74f8,641358eb4f03d1fc267fc0ae16cb2e771de5d5a3,b78ac1a777150d61728d85e1cf1db78dedba81dd,7fb9c381148d114f531aafa488e3902581b28994,,1,0,
noto:1F693,noto,1F693,police car,transport-ground,noto,https://raw.githubusercontent.com/googlefonts/noto-emoji/e20cbc2bbec1/2D/svg/emoji_u1f693.svg,96fd2ef009fd2e97b110700bea81b100fd1bfd74,a3785dbe556bb5281e451a424bb948c2c3887408,9bf0294b65780bab043fddb734b1f67294f0fb14,3f10069924e5fc4e1be9313b48f1a6affc22b37a,,1,0,
noto:1F694,noto,1F694,oncoming police car,transport-ground,noto,https://raw.githubusercontent.com/googlefonts/noto-emoji/e20cbc2bbec1/2D/svg/emoji_u1f694.svg,697e6a8560a7033f6ea0590eb4f805d29065f6f4,38943610a33fba8568385542b25ce253ecee435f,edf086eaecbbbf2f59b3b1977c78e598c52ccf4b,f4ea674af34d46630c0f479f9f5975e1197e1905,,0,0,
noto:1F695,noto,1F695,taxi,transport-ground,noto,https://raw.githubusercontent.com/googlefonts/noto-emoji/e20cbc2bbec1/2D/svg/emoji_u1f695.svg,598a748822bf6f18b4ddca7c189dd7eee1654e4f,07b3ea91f8ca46b86718497a440440aa43dea2a1,ff4b4cc8268984459f5ce20acad2980151735dd7,e229d08b3d7c8f4283c66118e047dd24659b2eee,,0,1,
noto:1F696,noto,1F696,oncoming taxi,transport-ground,noto,https://raw.githubusercontent.com/googlefonts/noto-emoji/e20cbc2bbec1/2D/svg/emoji_u1f696.svg,7fc4f6eb7c486bef396dbd4f4b80234437f86f38,c08e600e8f828be83c3895410b5b618d09c5cbad,bc414e82f1aeab033df59de6c2570edd661264e4,948fe5d82e46a38355b68df5c1615d0bed447edb,,0,0,
noto:1F697,noto,1F697,automobile,transport-ground,noto,https://raw.githubusercontent.com/googlefonts/noto-emoji/e20cbc2bbec1/2D/svg/emoji_u1f697.svg,2c887990167a2ff5402f556becf7751bd893cc4e,712d8befaba6a204de8808fe4f9dffa8f08f7d8a,89abcc9f22f010d6138301ec49f5c8fd9657b617,e870c74a00c27671f376e6076231f951ac9a01ba,,0,0,
noto:1F698,noto,1F698,oncoming automobile,transport-ground,noto,https://raw.githubusercontent.com/googlefonts/noto-emoji/e20cbc2bbec1/2D/svg/emoji_u1f698.svg,84f941cac8ac4224381c6e3805659fa9f220b38a,85099cc045579232d68447eebf4d157546850f04,879f641574dad6882ecfa6e9aca8b14f6088a842,31ae8ca06a5cb7069c9a564e595d153bc8ca3cd5,,0,1,
noto:1F699,noto,1F699,sport utility vehicle,transport-ground,noto,https://raw.githubusercontent.com/googlefonts/noto-emoji/e20cbc2bbec1/2D/svg/emoji_u1f699.svg,f9ae37a0934a76b428fa9f738c869f06f7ba390a,51668bc43fd708a4101b7546639711712684d3e7,93a38d97ac290bf51d414060181843ca57a67461,d1fade0c10c10392956b304a1c0abffb1fe2df42,,0,0,
noto:1F6FB,noto,1F6FB,pickup truck,transport-ground,noto,https://raw.githubusercontent.com/googlefonts/noto-emoji/e20cbc2bbec1/2D/svg/emoji_u1f6fb.svg,fbb6a5af10d82bbfeb451f44567b85912604de5f,5f689e7c35fedb4f8a97b30bdd01fe962a7a8f9f,c931eacd8394b6141a7fb3a95db067a40a4f576c,803e2b92aa3b1a937c85dec9ced897e482819bed,,0,0,
noto:1F69A,noto,1F69A,delivery truck,transport-ground,noto,https://raw.githubusercontent.com/googlefonts/noto-emoji/e20cbc2bbec1/2D/svg/emoji_u1f69a.svg,44e6a19e6b74b4dc3441d9bfe95658d87cb5ae76,015591254a41113bccd59e9a1ada1f40353f004b,ffd11173583c98602c07b3f7a3aaddac027c030f,030320fc14fcb46c213c8b09ef5ebb74b909cd46,,0,0,
noto:1F69B,noto,1F69B,articulated lorry,transport-ground,noto,https://raw.githubusercontent.com/googlefonts/noto-emoji/e20cbc2bbec1/2D/svg/emoji_u1f69b.svg,90adf2518d1f110795811ce239b31e7bb11a0232,784af6205a6b5540f728f2b5ffa38b64fd83927a,210752dd752b3cc79d24419cc3fdf45560ce3220,d2a51dc48e95e90a368c6edaa89ec0ff49ae2e15,,0,0,
noto:1F69C,noto,1F69C,tractor,transport-ground,noto,https://raw.githubusercontent.com/googlefonts/noto-emoji/e20cbc2bbec1/2D/svg/emoji_u1f69c.svg,413c33687d741b6fb98b55a89fce1a6da7dd50f6,9c9cbdbc7fcaa1088451ca567f063ed9c0955cb9,45a1da205ceb77e2d6344b287b66b72f91c0e7d8,295dfcda7c0d23b3cbe2c61658f222f6d65ae391,,0,0,
noto:1F3CE,noto,1F3CE,racing car,transport-ground,noto,https://raw.githubusercontent.com/googlefonts/noto-emoji/e20cbc2bbec1/2D/svg/emoji_u1f3ce.svg,ce295838524dc4fb106878b1524d335c37bae5e1,7ab96e2e5e6350985a250912ba790f87f5060532,022eccab291149b7c24c303528701915799e4e4e,a1f074cfdbea20cbcf6c3dc671cbfa46b3b3fd27,,0,0,
noto:1F3CD,noto,1F3CD,motorcycle,transport-ground,noto,https://raw.githubusercontent.com/googlefonts/noto-emoji/e20cbc2bbec1/2D/svg/emoji_u1f3cd.svg,e0b857e8146ae5e8c265432ef16c6e9726170480,4cd43510843c92f9c89958bcd18250e7e23b351d,99e928e330f4227e3601269792792d967386a0f1,d4c37a5bfa88f5a42ca155a5266d80216e813e86,,0,1,
noto:1F6F5,noto,1F6F5,motor scooter,transport-ground,noto,https://raw.githubusercontent.com/googlefonts/noto-emoji/e20cbc2bbec1/2D/svg/emoji_u1f6f5.svg,a0db25e4a50b775b75704fba5ee6e11d396a28d4,e2856037a7e71f94f719fe336abdfb3eca217618,2303bfa3a929d1cfe15f5ac7761a437a18fade9f,b9e27a4a8e7030b943228fbee90469cd1bf618a6,,1,0,
noto:1F9BD,noto,1F9BD,manual wheelchair,transport-ground,noto,https://raw.githubusercontent.com/googlefonts/noto-emoji/e20cbc2bbec1/2D/svg/emoji_u1f9bd.svg,ee95d76ffec82e953f8f5b5a1b47eedcf44fe354,8bdc6974b0c19b576f140d73531549f3ff6de9bd,203cc057ca633d2d756deefbd6aca13bb02a1284,5e96ff2e01bdefaf42871914ccc68dcee7c155e2,,0,1,
noto:1F9BC,noto,1F9BC,motorized wheelchair,transport-ground,noto,https://raw.githubusercontent.com/googlefonts/noto-emoji/e20cbc2bbec1/2D/svg/emoji_u1f9bc.svg,28ae4990c8ca3825d029e7fbc306b25b4b3dc34f,5107d25953d40078e6f4dc5265a847f7f8130f10,1ac8130a67e3b3602821d3dedeea1b3f3530bf3e,1ca4f8458859029d51d18b0ffb8230bf68a50235,,1,0,
noto:1F6FA,noto,1F6FA,auto rickshaw,transport-ground,noto,https://raw.githubusercontent.com/googlefonts/noto-emoji/e20cbc2bbec1/2D/svg/emoji_u1f6fa.svg,ec9d0e5467d2e2e573996cd0718c89f1f944c7b4,9ee0fa34fd341d5973ca88dc9a08ab6666b005ac,68e98d624c80593045ba7c18d5d1fcbedc341b08,01d3c7b20e1f4e1bfa7eabb0ac4091cebdf6638b,,0,1,
noto:1F6B2,noto,1F6B2,bicycle,transport-ground,noto,https://raw.githubusercontent.com/googlefonts/noto-emoji/e20cbc2bbec1/2D/svg/emoji_u1f6b2.svg,8147823cab0ba11559306133df99e672c2fc0f4b,f8c527d1a33b500e56acbb442f504770494095b8,a8af3f9756ea225a79f2d1001ce1ac2951c3fe76,47372cb950d522b37424f475c0a77e4e3104404a,,0,1,
noto:1F6F4,noto,1F6F4,kick scooter,transport-ground,noto,https://raw.githubusercontent.com/googlefonts/noto-emoji/e20cbc2bbec1/2D/svg/emoji_u1f6f4.svg,e69c2d1342fc017b4fdd09258ef7003c66679be5,bdb7f374f5c68080f3d0456d9a8e906b43f71b8d,de875e9e48f0c7002ee6004665c467b6d85d89d6,acae795b8272bc2ed70645ffe3844990e971657b,,1,0,
noto:1F6F9,noto,1F6F9,skateboard,transport-ground,noto,https://raw.githubusercontent.com/googlefonts/noto-emoji/e20cbc2bbec1/2D/svg/emoji_u1f6f9.svg,2e8d08474bc848c1412d04a116e40a6e22d55e9b,462c3b61b08bb4e2876f6a774202d24abf0351c2,ae368796c55117a141539d6e352332a4618dfa13,d2c1cd890a9c1d199e17a9437a9a49b2ff0e0091,,1,1,
noto:1F6FC,noto,1F6FC,roller skate,transport-ground,noto,https://raw.githubusercontent.com/googlefonts/noto-emoji/e20cbc2bbec1/2D/svg/emoji_u1f6fc.svg,bc358c3f54376e94357238a9986035ea6033be31,7cb8f2cb6e4bedcb9ff1da57af5167cf0588d26c,94a27bc09bc7aa83abbcb2cb1b81238d8585d465,de7c9af8b541113426c08a942dd5792513f4d2b6,,0,1,
noto:1F68F,noto,1F68F,bus stop,transport-ground,noto,https://raw.githubusercontent.com/googlefonts/noto-emoji/e20cbc2bbec1/2D/svg/emoji_u1f68f.svg,c27d837f738945754a701d1707d52479b109c521,440d8cd468569a1a92057cba7017215649d7b6aa,df2e556600a3b322cc6e67b2798549ada1d854ab,defa9a1561e9a345a2a932e850d5fc2a77d666c3,,0,0,
noto:1F6E3,noto,1F6E3,motorway,transport-ground,noto,https://raw.githubusercontent.com/googlefonts/noto-emoji/e20cbc2bbec1/2D/svg/emoji_u1f6e3.svg,276ff0379d2209161616448fb4dabaca4e2a4b5a,a09e1e4015e658ee45cb65f90f3ca54712b7420e,ef9a916faf9d9332202602d253aa76c79c7f7f41,ad4006af4b21f5cafb9f1d92844ba0b94bd2aeb4,,0,0,
noto:1F6E4,noto,1F6E4,railway track,transport-ground,noto,https://raw.githubusercontent.com/googlefonts/noto-emoji/e20cbc2bbec1/2D/svg/emoji_u1f6e4.svg,b6144470a595592c2844a3cf3361113a7a3c712b,38b4b9ef6e1a80842d518b8f088199fbd2ef3dc8,fb11f36c84cd15230d7114251c6c3e747068d1ae,6e34040c65a8f1ca300d6cb369811d6cd8541d14,,1,0,
noto:1F6E2,noto,1F6E2,oil drum,transport-ground,noto,https://raw.githubusercontent.com/googlefonts/noto-emoji/e20cbc2bbec1/2D/svg/emoji_u1f6e2.svg,cd312081099f7f20668d3840db8c87fb7dafb573,abdd2500927ba8b466ae4676736b868d55b7ded3,944135a92b4c9301e4e74f2d560c78e55ace63a4,f696475982ebef18c185154f9edc61692d29525c,,0,0,
noto:26FD,noto,26FD,fuel pump,transport-ground,noto,https://raw.githubusercontent.com/googlefonts/noto-emoji/e20cbc2bbec1/2D/svg/emoji_u26fd.svg,a00b110a08034e1800f2c1b961c1af19eb90d300,b7fe3a39f0f38946eb9b908372ffa4ec52a366ea,5ff3ef486b147e243413154cace87f0f9771e095,4bfe7b29a781e3ee5f9acbac59b88d9f7471093a,,0,0,
noto:1F6DE,noto,1F6DE,wheel,transport-ground,noto,https://raw.githubusercontent.com/googlefonts/noto-emoji/e20cbc2bbec1/2D/svg/emoji_u1f6de.svg,c32c673c4607e1de28b6a1316fe366bc979a379f,3a426edd89076b55f378e262f4aad0a00f1de622,f16ba05e8e105fa22e8536cf20e51a260c5e368f,b86ddd545ebda4804e573570ba260d796a9c46e7,,1,0,
noto:1F6A8,noto,1F6A8,police car light,transport-ground,noto,https://raw.githubusercontent.com/googlefonts/noto-emoji/e20cbc2bbec1/2D/svg/emoji_u1f6a8.svg,17990e6363eafd7c676a74cfa0aee324dde57ef1,2386a193226bb99c0232c2316eb2cc29f66edc68,7797303179528d73a8fa511fe585090d4183fd9d,d12a68419476b3fe538f47adb43e221eca395097,,1,1,
noto:1F6D1,noto,1F6D1,stop sign,transport-ground,noto,https://raw.githubusercontent.com/googlefonts/noto-emoji/e20cbc2bbec1/2D/svg/emoji_u1f6d1.svg,f4a26e7e7494a97336e3cc4174928fb7a24e2623,3d37c4c08d6179b08a73ed96172b33f1578e7c82,e45d1532a8ce6ce20a961968a38e3cb49cb4c18c,b931ef8df76bbc7c4ab9e8af4b8de319213b2327,,0,1,
noto:1F6A7,noto,1F6A7,construction,transport-ground,noto,https://raw.githubusercontent.com/googlefonts/noto-emoji/e20cbc2bbec1/2D/svg/emoji_u1f6a7.svg,754cf9a156998cbbc18ed769ab76d325a034841e,1b3d273f42a513294501923379c12f8084be01f2,8fa3b4956657823a354b7a0ea2b2a1e6ad4c61cd,,,0,1,
noto:231B,noto,231B,hourglass done,time,noto,https://raw.githubusercontent.com/googlefonts/noto-emoji/e20cbc2bbec1/2D/svg/emoji_u231b.svg,a089eb9969d2fcaabab9e0eacbda6b46856f32b3,2e92dc3ae1c315746d3b6ed55924fa07fa10d0e3,e1ea1da7addacf57fd4e637bb78d982c049a5b5b,a33fd6df0aa74f350c48995df9af1e9c2d862956,,1,1,
noto:23F3,noto,23F3,hourglass not done,time,noto,https://raw.githubusercontent.com/googlefonts/noto-emoji/e20cbc2bbec1/2D/svg/emoji_u23f3.svg,581bb53bae8bac8f82a55e61c2707f8f9bd5cc41,b4488e81a98063747d0b71e1ee50fde5f9ccc2ac,d5e6e4813c58e74817f555566e228d6fefdf8aaa,4b4ccf3c070815e90d7f5459c8301073c9ae1a92,,1,0,
noto:231A,noto,231A,watch,time,noto,https://raw.githubusercontent.com/googlefonts/noto-emoji/e20cbc2bbec1/2D/svg/emoji_u231a.svg,2dcaaf8a5911a276c42aa02c974d436ba868cb36,935f9c1f0c54bc153b80d1a6aaa481a329eb0f4e,cd6d70255bb6be071374cf8ac964179b2cfdbf51,7a9d82b744d04e2365d0a430491547ccb59b4382,,0,0,
noto:23F0,noto,23F0,alarm clock,time,noto,https://raw.githubusercontent.com/googlefonts/noto-emoji/e20cbc2bbec1/2D/svg/emoji_u23f0.svg,4d3c715a0d0beb1e11ae0c67dcb67f217748d5d7,06a99c99a5ebbad713a5fdb6d5fb6b2e456e53fc,c85bac8d03565557b5a9fe616644c6b3fe47c845,99915c4d2c5710ddd710cecebf21f43e84be8cad,,0,1,
noto:23F1,noto,23F1,stopwatch,time,noto,https://raw.githubusercontent.com/googlefonts/noto-emoji/e20cbc2bbec1/2D/svg/emoji_u23f1.svg,b6804fd38b6bc277c925ec92b92ea6d1e71166eb,c461474c26ca8557b0afbc17c065e46410b9e34b,c26765be2f9c378b33037023b082a3c2c6b44693,08712c31135759948e5fe41a7874d5dbf23ab33f,,0,0,
noto:23F2,noto,23F2,timer clock,time,noto,https://raw.githubusercontent.com/googlefonts/noto-emoji/e20cbc2bbec1/2D/svg/emoji_u23f2.svg,0796968f13c2bd74c975e5f699fa0ddd352c1fdf,13af4fb1c67e43e4f2febcd34fa9edfb477448c6,47ce2ecab1448943aeda867d95f2d8b3b264c3e7,d631aa036316b5fae6c944ccff55eb15c170f0b3,,0,0,
noto:1F570,noto,1F570,mantelpiece clock,time,noto,https://raw.githubusercontent.com/googlefonts/noto-emoji/e20cbc2bbec1/2D/svg/emoji_u1f570.svg,b1e0a95f3ef72556dd0973904437a101b9bf7310,ecb72a606c3c773bfcb1eac6b39739f9c8e4ff66,4a5fc448c02ab2477f1b30d9952bbe52fe156712,776e2d8867c121a8cce10a1f7d88f0734363c15a,,0,0,
noto:1F55B,noto,1F55B,twelve o’clock,time,noto,https://raw.githubusercontent.com/googlefonts/noto-emoji/e20cbc2bbec1/2D/svg/emoji_u1f55b.svg,52461b37f2af3e037855bed5adc3768f30b4aaea,4b5e977fe5a8e1349d1fb298177c2180b5a7ab3f,b6a2e2a43d0a53f2a5255bb7e77e96668bb595fb,1ff79a50ad41d25544572a2fe0a8f59b5bdb30fb,,0,0,
noto:1F567,noto,1F567,twelve-thirty,time,noto,https://raw.githubusercontent.com/googlefonts/noto-emoji/e20cbc2bbec1/2D/svg/emoji_u1f567.svg,e795f0faf48d46cad1577d15fc68a856fbdcb3f8,dab2ede219ae4438afd7739976cb9bbd2502305e,f4773d471cdd096453dd3fd2e96c3c805d340058,ed96477613ab2e0ede925a7f5260c8ac4d28c4d1,,0,0,
noto:1F550,noto,1F550,one o’clock,time,noto,https://raw.githubusercontent.com/googlefonts/noto-emoji/e20cbc2bbec1/2D/svg/emoji_u1f550.svg,81b4f18f0fa5547d88996ffbd51b04c163399edb,a812d09cfb86bcc382442c6630a5563062c645b5,f62bdd3580790b9db9a7bcae15e9ac381a5af7df,aa9a84c2348bb225976799fd1fca1666122d3c59,,0,1,
noto:1F55C,noto,1F55C,one-thirty,time,noto,https://raw.githubusercontent.com/googlefonts/noto-emoji/e20cbc2bbec1/2D/svg/emoji_u1f55c.svg,4007f352cfdaa17d8e9babb23b5ec91be45c0af3,9ee7956a828b8af4153986576481426268096070,542fbc63cd18c9b4f2f79f1bf5bf3ddef106228e,a78799077f294315a385d53c050cd8c08a5a7527,,0,0,
noto:1F551,noto,1F551,two o’clock,time,noto,https://raw.githubusercontent.com/googlefonts/noto-emoji/e20cbc2bbec1/2D/svg/emoji_u1f551.svg,9ffb9a1550a529b535d71d0c4c8b11a8c6fce075,661f3f203d783718b4e16f65bd1615419aaa875c,3463c0b19a75720533d050563b9d6f622c0b64af,2dd7877abbd81ea7255a8da43eef3fde0031055c,,0,0,
noto:1F55D,noto,1F55D,two-thirty,time,noto,https://raw.githubusercontent.com/googlefonts/noto-emoji/e20cbc2bbec1/2D/svg/emoji_u1f55d.svg,991a7f59093f5cd60c76e815585741ad0a165818,d2c7befdd6d949b2bf3ca63c6c8bbe90a1354780,16fba333a9f376920311cbdf49160c4802ef6d7f,de4a5e821a3d4af434e941fccb7421bc88389137,,0,0,
noto:1F552,noto,1F552,three o’clock,time,noto,https://raw.githubusercontent.com/googlefonts/noto-emoji/e20cbc2bbec1/2D/svg/emoji_u1f552.svg,04bffff44ba9fd83f006c3777c85175f9b4c75eb,ec4852143370624e02fb082a5fa50cf1cae82c79,1c1a7386ef9dcffd7c429ba626b9f8ab6f20a6b3,c37d1d5477bbb0b5330e2a35cc29e18cc521f81c,,0,0,
noto:1F55E,noto,1F55E,three-thirty,time,noto,https://raw.githubusercontent.com/googlefonts/noto-emoji/e20cbc2bbec1/2D/svg/emoji_u1f55e.svg,f56877c0f272ff0fafb71a8f1d6855ec4542a77b,bf580af6626913ebec449b42928c7ae5a5476820,fd28b6223055285e3326f130852499596244f7fd,12b8825a1482f884bd61b9b2c56bbf768345ae71,,1,0,
noto:1F553,noto,1F553,four o’clock,time,noto,https://raw.githubusercontent.com/googlefonts/noto-emoji/e20cbc2bbec1/2D/svg/emoji_u1f553.svg,dd9b5f6cf9623892336455d0fbb291f8e9e61a86,9c212a604a0af997f2be9db09356c140dc613150,ad8368619088699f1ff7c174e514e30a018c1b3d,5deb78d2d9fdc2c347de6fdc89f1bc41146e2e3c,,0,0,
noto:1F55F,noto,1F55F,four-thirty,time,noto,https://raw.githubusercontent.com/googlefonts/noto-emoji/e20cbc2bbec1/2D/svg/emoji_u1f55f.svg,bd26e3a2e23eeff022f2a910dfc3e58c73ae2fd4,b50ad4838166c2909ef8ec13dbfcf0bcd633bbb8,9796ed2df3c249c36ce4bf38212e2abf7478e00b,459a09698cf5fb630660ddb274915b881fc5f327,,0,0,
noto:1F554,noto,1F554,five o’clock,time,noto,https://raw.githubusercontent.com/googlefonts/noto-emoji/e20cbc2bbec1/2D/svg/emoji_u1f554.svg,d0f6cbfe705ad493fe0cbb98d5f8f61ff43115dd,32581bbaed34c2bc58334e758cd5e4c7789d4bd8,fd566ea031bb1b34922901b2a38d6f52efc6bf31,96c43ca2499df888dbe00ca87518a89482307d24,,1,1,
noto:1F560,noto,1F560,five-thirty,time,noto,https://raw.githubusercontent.com/googlefonts/noto-emoji/e20cbc2bbec1/2D/svg/emoji_u1f560.svg,db4c185e8c199d216c599c5b7c04618b3360f4c8,870fdde69d82930ad472de1a7edb93faaca3bd42,f629f816bd8a34eec2fee953e9d6d848dde10daf,571568ef4b8207d50f67f48bfaed89de23720406,,0,1,
noto:1F555,noto,1F555,six o’clock,time,noto,https://raw.githubusercontent.com/googlefonts/noto-emoji/e20cbc2bbec1/2D/svg/emoji_u1f555.svg,84ba9ae9fddff1661198cdb176a8e88185f6291c,b1a219c438842d0ce66b1b2ee63e1e4bebcb427e,f869e3228a00fefc2859a63b28cd35cb424a2eca,e9257828678333e5010b0338b8d0c4368d3112f0,,0,1,
noto:1F561,noto,1F561,six-thirty,time,noto,https://raw.githubusercontent.com/googlefonts/noto-emoji/e20cbc2bbec1/2D/svg/emoji_u1f561.svg,a09f71dbb1d9c55210391e15e2d069b069a17e38,cf1ab3334a5bebca791f843d70fd6910d1884415,f7e713c578904b0b4d07b2b833e8fad554af8a62,9d2eaa2ef4b7b2516c3a9b69f3705a15f8b54fba,,0,0,
noto:1F556,noto,1F556,seven o’clock,time,noto,https://raw.githubusercontent.com/googlefonts/noto-emoji/e20cbc2bbec1/2D/svg/emoji_u1f556.svg,f8d9b389b4fac290f11affa2b77f7f9807be38c9,1a9dda3828305c8ed0f423edadfce8a7ba614687,e4630b31810a636edd41ab137fceb87f0f362163,cbf082252b66347fef067b9ae739bc4b47762221,,0,0,
noto:1F562,noto,1F562,seven-thirty,time,noto,https://raw.githubusercontent.com/googlefonts/noto-emoji/e20cbc2bbec1/2D/svg/emoji_u1f562.svg,42a664cc3e4da8c9a8c96cd7568a443d5baba964,9a11c0bfd08af3c956238ed648ad538178adf328,6b0a07e647c5ce2a5ecf76167700c915602b4fb0,9d0a1e6a834db479f6bf793f7e92e0ca6bb7502c,,0,0,
noto:1F557,noto,1F557,eight o’clock,time,noto,https://raw.githubusercontent.com/googlefonts/noto-emoji/e20cbc2bbec1/2D/svg/emoji_u1f557.svg,ae5313385efa76435053feac67dcec59b9cca810,279ecd573779ba34aa607e87a7aa05727c38207d,fa4c820b1becf235d9645275a6cd4d9a7f7d3826,60dd6faee0b11800a8df6afaae722b733f2445a5,,1,1,
noto:1F563,noto,1F563,eight-thirty,time,noto,https://raw.githubusercontent.com/googlefonts/noto-emoji/e20cbc2bbec1/2D/svg/emoji_u1f563.svg,5152f3f4fa2e333ef5c793b13450db78a1680ca2,55c85f796a6f351c37cd87abd4c22359303eb1df,1c245d2cc77d86bf2373bf762e8e7ac901a310af,ff93bd41f0c778e61604e579ad9dca6c9b70ead7,,0,1,
noto:1F558,noto,1F558,nine o’clock,time,noto,https://raw.githubusercontent.com/googlefonts/noto-emoji/e20cbc2bbec1/2D/svg/emoji_u1f558.svg,6459d80c065255b8d60e225f2815a408780163d6,b7581c4761cd477a02e202e990e8721482a55d11,d66d732b2c15de7d12967d181d096414b4f9361e,d6ff9c59f7f0530aba293e1306f54cda75a36aa8,,0,0,
noto:1F564,noto,1F564,nine-thirty,time,noto,https://raw.githubusercontent.com/googlefonts/noto-emoji/e20cbc2bbec1/2D/svg/emoji_u1f564.svg,02cc1099a0b0a84f5730148791de35fb462dd2c2,6c649fb7603149adb7e000464b74dc798b5035b0,2ba1f7131eda2dc4abab25904e6a8112370d666e,86ab3dac0cad568a62a2f1723c1a7387da79eb61,,0,0,
noto:1F559,noto,1F559,ten o’clock,time,noto,https://raw.githubusercontent.com/googlefonts/noto-emoji/e20cbc2bbec1/2D/svg/emoji_u1f559.svg,7da69ae0d72d6de5091bf81e4f5a22c69c1d576c,c0a21986a8a18f90cdbab55ace71c7daa1fd2324,5add131d576c0dc34a7e7d4e48506e874ddb2c22,67e048b04fe8946b5a6475b587dcceb9ca4a4c9e,,0,0,
noto:1F565,noto,1F565,ten-thirty,time,noto,https://raw.githubusercontent.com/googlefonts/noto-emoji/e20cbc2bbec1/2D/svg/emoji_u1f565.svg,f53788edc23f984f6b33955fb25995d62a905fe0,d6114edee396936a8977c10bc4b2fa7179190483,8231120a900736a8d46858d512f0b2929cfba7d1,e9327e219340ea17a0ba645c17e660a81a08cbb3,,0,0,
noto:1F55A,noto,1F55A,eleven o’clock,time,noto,https://raw.githubusercontent.com/googlefonts/noto-emoji/e20cbc2bbec1/2D/svg/emoji_u1f55a.svg,4c2400c84be115bef974afadb676cb81ed784bdd,b1651ae70c67bb29074114547dc4bd1dfb1e8591,0e2b418ff55ec14c96b9c116fadd8f74efdd2c4c,f8165fd9a0d416cdcbe2ac2eb2f85513079525ae,,0,0,
noto:1F566,noto,1F566,eleven-thirty,time,noto,https://raw.githubusercontent.com/googlefonts/noto-emoji/e20cbc2bbec1/2D/svg/emoji_u1f566.svg,a750cc8bb2c2a4b835c5d24512b2c582f8c3145d,7b2970b631b37cc8d4ed25a8dba9d794373aa7e1,f4ae1392e76c3db44dd9ff7aa846c06de5050e04,cf67495449aa71d45562c97689b9490ad10bdc90,,1,0,
noto:1F311,noto,1F311,new moon,sky-weather,noto,https://raw.githubusercontent.com/googlefonts/noto-emoji/e20cbc2bbec1/2D/svg/emoji_u1f311.svg,63b355475586a9f15eb42a6af496ae74b24105b4,b6d2873a7891f5b0012575c48f8eaccc76058bf2,a26133b1dab05d5c95039efb8defefd637730a31,67dabacd03c810fcf87abc6287abc645854eb7d3,,1,0,
noto:1F312,noto,1F312,waxing crescent moon,sky-weather,noto,https://raw.githubusercontent.com/googlefonts/noto-emoji/e20cbc2bbec1/2D/svg/emoji_u1f312.svg,b60bc4956aaf6542232c29989f00fca51a3469c3,204499f52a17f3d07ebe6d05a0941a2d8c0d7f7b,ac98f341d15073e713af090552b5506713c072ae,938c756e9fff7c501feabbd02525b9adbb27585b,,0,0,
noto:1F313,noto,1F313,first quarter moon,sky-weather,noto,https://raw.githubusercontent.com/googlefonts/noto-emoji/e20cbc2bbec1/2D/svg/emoji_u1f313.svg,9b29a816b1f15acf5c48182b9318bdb5162e099c,c77fd33d186005f4ba03cb4bf5feec35514e6e81,85ab4a52b88e4b3757ccce92270eacd39706e6ef,e32a1b8163638fecca3440d0fe6c58f6057e91fb,,1,0,
noto:1F314,noto,1F314,waxing gibbous moon,sky-weather,noto,https://raw.githubusercontent.com/googlefonts/noto-emoji/e20cbc2bbec1/2D/svg/emoji_u1f314.svg,b578c8066be9afd59ab13c981c86e8877da9505c,67a75ed92b11a8c60b64f12c41fa68cac067d596,d714d5d0f6def9240d96afa6d5d45045868bdc4d,71a90c28adcbc72b365304b7c13a941924245ac9,,0,0,
noto:1F315,noto,1F315,full moon,sky-weather,noto,https://raw.githubusercontent.com/googlefonts/noto-emoji/e20cbc2bbec1/2D/svg/emoji_u1f315.svg,0e0084002f5c49e851a87e0da77e27f6152b2d1f,9a81c1326f6b405f11824932290942bbcab8064c,134eb690764ba71bbc956fba7f3a017277333e5f,d0db1870495f197c5b01273691d55b086ce986fe,,1,0,
noto:1F316,noto,1F316,waning gibbous moon,sky-weather,noto,https://raw.githubusercontent.com/googlefonts/noto-emoji/e20cbc2bbec1/2D/svg/emoji_u1f316.svg,1c5182371b9c8a7081900099c3f018b4d24133b5,167b5916e6d43bd699833854c0d8ab3e52e72f63,0ec789b1476f7c20361e962ef9235b3cfed7e9dd,ad762c30e735f5c0e66be8fa6b386c78d01257b2,,0,0,
noto:1F317,noto,1F317,last quarter moon,sky-weather,noto,https://raw.githubusercontent.com/googlefonts/noto-emoji/e20cbc2bbec1/2D/svg/emoji_u1f317.svg,d1ed049729424e090014ceb5254fde5b6bc9d88b,1e2560abceaf4a633f7356e888732d099f446f6d,8ef6d59c06668ce150283ff6b95fe5a1efe20d7f,0b3b218244747e4a247d8d709b524ffda224b763,,0,0,
noto:1F318,noto,1F318,waning crescent moon,sky-weather,noto,https://raw.githubusercontent.com/googlefonts/noto-emoji/e20cbc2bbec1/2D/svg/emoji_u1f318.svg,6de5f1a1e173bed58e6fcd70adc4376e3b3fb674,6ae531e4eed9ec1a468fe8ef05a477510638ffbe,71c437b97ce623077496713be4b6da110fa402fa,c1fbf68af306a5f0ba025ab49d8a51afc6329385,,1,0,
noto:1F319,noto,1F319,crescent moon,sky-weather,noto,https://raw.githubusercontent.com/googlefonts/noto-emoji/e20cbc2bbec1/2D/svg/emoji_u1f319.svg,5757b9b36560ed1c3a1b52e776e739a2a8071b47,046b7c7e72a25640e03b9e03254d159c68995d14,375028cb6d8350cfe3192a3cb9c2ee29bf655283,40b3e1f8c6abd51d368a102a3a15afb152351a1c,,0,0,
noto:1F31A,noto,1F31A,new moon face,sky-weather,noto,https://raw.githubusercontent.com/googlefonts/noto-emoji/e20cbc2bbec1/2D/svg/emoji_u1f31a.svg,7af65fed1e6912a0004a0f11c31cc04fc8c651c5,c9082632dae0de1aa998a543cf22e834ab2237ef,0b97e9ae5b2b296d3fc31e5f10c0889805c8486c,51747e8ac679a79efde44c66e9ffba46bfa8f5cb,,1,0,
noto:1F31B,noto,1F31B,first quarter moon face,sky-weather,noto,https://raw.githubusercontent.com/googlefonts/noto-emoji/e20cbc2bbec1/2D/svg/emoji_u1f31b.svg,905ff9cba58c2a8262dbea94abbf02e24fdc05c7,155532f5b7ca5a7f6ee5b37ba17779fc3eae216d,fae22b4770b3e9fed1dff546bf78d69485fc0ebd,0466541aca32dfa0c875783f2b7f8b95063e51dc,,0,0,
noto:1F31C,noto,1F31C,last quarter moon face,sky-weather,noto,https://raw.githubusercontent.com/googlefonts/noto-emoji/e20cbc2bbec1/2D/svg/emoji_u1f31c.svg,182eefdb4678c41cadf9a66ed147a7ac3a3669b0,216c2744d444a8a821a842509b4f841d776d9b57,28ff51fe41d684eab374bf2f6a8fca60184aa7f0,6797d1945a2ee541bfc40e330ce330c00bf69a08,,0,0,
noto:1F321,noto,1F321,thermometer,sky-weather,noto,https://raw.githubusercontent.com/googlefonts/noto-emoji/e20cbc2bbec1/2D/svg/emoji_u1f321.svg,2e2e43480b1009d93492f592e61e6f6437207ab1,3aa810d1cd0cfc276321882ba8532b95f6ce9189,4293ec0d38797db7d7f09060aa046be0371e35b5,73e1f6d56fc74170388483618c758849c679b21e,,0,0,
noto:2600,noto,2600,sun,sky-weather,noto,https://raw.githubusercontent.com/googlefonts/noto-emoji/e20cbc2bbec1/2D/svg/emoji_u2600.svg,dd6f20f6568b62b90c7f5f413b397c913b048c08,6301aab3356ff2e9d792e3b80b6252a0191bb361,8f3e464b0f5ceca25af2fd2d02e9e8bf27098eb4,263cbcd8fccef6ba4a26e03bcbda832a435066c9,,1,0,
noto:1F31D,noto,1F31D,full moon face,sky-weather,noto,https://raw.githubusercontent.com/googlefonts/noto-emoji/e20cbc2bbec1/2D/svg/emoji_u1f31d.svg,5d8d2d82ae6e1ac88d3f79acdf2237e6cc67178f,afb98ab066c126eb00e598d5c39d9bff8debaabd,7bdbc56c2ed4315f2e3b3e26b00743cb7bd556d6,17d4ce360dafd5a25e4d5fbd0d4af8ac7aa50478,,0,0,
noto:1F31E,noto,1F31E,sun with face,sky-weather,noto,https://raw.githubusercontent.com/googlefonts/noto-emoji/e20cbc2bbec1/2D/svg/emoji_u1f31e.svg,f612aed827a89a76aeeebb6fc67e1e026f58778d,6c3ee6b7e12f07056e08b267f26ec0d2f85411a3,aa0815a3127a0eb89872188a400f9bc4e497244b,a9ea83270753213385778d16a9586def234ab00d,,1,0,
noto:2B50,noto,2B50,star,sky-weather,noto,https://raw.githubusercontent.com/googlefonts/noto-emoji/e20cbc2bbec1/2D/svg/emoji_u2b50.svg,4dd9fd81c4b4dab9651f9354e6f014f2e4f1fe80,917bbbd1575f2d7228e4a123b79ccfdea0888f61,3b73f9bcbc7b1337595f5e59ae2c572829e15dba,6cee5298de248444752591a0948e9217510a89e2,,1,0,
noto:1F31F,noto,1F31F,glowing star,sky-weather,noto,https://raw.githubusercontent.com/googlefonts/noto-emoji/e20cbc2bbec1/2D/svg/emoji_u1f31f.svg,b19032852c5daf08c5ae62507f8a1de3dc3a677a,5ab8da01a9fec1c3ec6deadabffccde1854dd304,8a9f3fd7854f83856ac20b60b6ed9c28470d6cb5,6e838f752b6ed14853f8e0abd5f74c73b428946e,,0,1,
noto:1F320,noto,1F320,shooting star,sky-weather,noto,https://raw.githubusercontent.com/googlefonts/noto-emoji/e20cbc2bbec1/2D/svg/emoji_u1f320.svg,fe1585619476fb23860cab19523f5cd0095aa26e,e821b07b04fb700b3e33fda504f67118d80a236b,baf95d21720f3b4ec2e7073a4f1b30bdf9b62752,828a46152dc04ba4df0a099e3f7a0a25a5e79876,,0,1,
noto:1F30C,noto,1F30C,milky way,sky-weather,noto,https://raw.githubusercontent.com/googlefonts/noto-emoji/e20cbc2bbec1/2D/svg/emoji_u1f30c.svg,8200eb5e968f8b1e66b36262866d76cc24335ea6,d32bfc760b35650d32e536a18f0056b86d642cdc,82620fa80eb4169a047a6694fc158cbae5f67a9f,4eb3b343bb8a8de9054aff43d705de8b5fb946fb,,1,1,
noto:2601,noto,2601,cloud,sky-weather,noto,https://raw.githubusercontent.com/googlefonts/noto-emoji/e20cbc2bbec1/2D/svg/emoji_u2601.svg,553decc6c460eb48661b4b24d86d882b985a5980,ae9929a5466840252a3a66ab44be71b9136a7751,718f4f9574314b1bf61f624552a2ed16313ceac2,4b0784e8e85902fbc32a8467f59751f47b42043f,,1,0,
noto:26C5,noto,26C5,sun behind cloud,sky-weather,noto,https://raw.githubusercontent.com/googlefonts/noto-emoji/e20cbc2bbec1/2D/svg/emoji_u26c5.svg,81a8e6bd5fff5e74c7b7562c22c100858ccc990c,0817c3805d9f21a2b10d5652f026935c7b62f635,ac76cfb9642e538febe1107b7249285d50e369e0,7c9f22f940e358262af445d855f25c52e7730525,,1,0,
noto:26C8,noto,26C8,cloud with lightning and rain,sky-weather,noto,https://raw.githubusercontent.com/googlefonts/noto-emoji/e20cbc2bbec1/2D/svg/emoji_u26c8.svg,43518b922f9351227acde42d11a902843e068aa2,52b4c33dd59d3205d295a74a8516762830b62a3d,7f01d5543b94143abf4c4bd522f4f46e7b42d3a3,7c688ba311cfbdbd065ae27bc3be86fe9bbace57,,0,1,
noto:1F324,noto,1F324,sun behind small cloud,sky-weather,noto,https://raw.githubusercontent.com/googlefonts/noto-emoji/e20cbc2bbec1/2D/svg/emoji_u1f324.svg,0a9c2c82eb49185d49716541171ff92dff3e006f,51c582a6e6a7bb462b2c5a4ed1732e3fb4e76151,337c14181ebe2648e45f65f15d08e34b40197211,04ffd15283380dd595cc8953e1f1b19bd1bc5a36,,0,0,
noto:1F325,noto,1F325,sun behind large cloud,sky-weather,noto,https://raw.githubusercontent.com/googlefonts/noto-emoji/e20cbc2bbec1/2D/svg/emoji_u1f325.svg,eeacca3c2cd263d194a0685ec216cddeac982657,029eaa0c5a209b3c6e2667df216ab7cebc2d1151,dbbd8e130fa7849a660179dab7c4e37607b410a7,c188d31557b39f1ae5904e8c8758a7492d264917,,1,0,
noto:1F326,noto,1F326,sun behind rain cloud,sky-weather,noto,https://raw.githubusercontent.com/googlefonts/noto-emoji/e20cbc2bbec1/2D/svg/emoji_u1f326.svg,542137b0cd511d426932f8ec887635fd294100e6,1c3ffaeede14e27050ec7b21e5c4bf1c92ef24e6,95efcba2c493cd8250f5ce20fd20e1ddc262cbc2,9693a1ea575d6678e43c53554b96c511e16552f4,,1,1,
noto:1F327,noto,1F327,cloud with rain,sky-weather,noto,https://raw.githubusercontent.com/googlefonts/noto-emoji/e20cbc2bbec1/2D/svg/emoji_u1f327.svg,91863d2b4c80020fd1d4a9757c7d5deae24c6bfc,ddf7de988df3b8dbef5bee77829559cc3b158e70,b9d58673de9996c6f49a2e0ee3f6c7cb5cde3464,e77a7ca32d55c4dd3c0a995354b30ebf7ae35590,,0,1,
noto:1F328,noto,1F328,cloud with snow,sky-weather,noto,https://raw.githubusercontent.com/googlefonts/noto-emoji/e20cbc2bbec1/2D/svg/emoji_u1f328.svg,4c3dd6b2d602b4ede81c282c975df70935d34cba,e671727d969acf45bf02357696d8c9e08cd9417c,35bee90b046bfa27ce1c529d326c76baa985a562,f9641555f7cb273a8918a0181666593d710cdd7b,,0,1,
noto:1F329,noto,1F329,cloud with lightning,sky-weather,noto,https://raw.githubusercontent.com/googlefonts/noto-emoji/e20cbc2bbec1/2D/svg/emoji_u1f329.svg,9d3e889da202e3d14749e0790ad3e1a060327464,e3ce6a9b40d1636e62f15660bb1660cdd35f4df1,76ca7b75d27dc168566f132f6a6c4bf8adcb4c6a,acbfee804f68c1c953c71bae5d38d8d9b1fb3a90,,0,1,
noto:1F32A,noto,1F32A,tornado,sky-weather,noto,https://raw.githubusercontent.com/googlefonts/noto-emoji/e20cbc2bbec1/2D/svg/emoji_u1f32a.svg,11a2a078af66030a97b2ef4a83bc5dc830cf5f32,f1f786b2975e6b54e80e71cda286dc9ed6bd7916,215c6ca682724d50158e578d47e84eaa1deb262b,,,0,1,
noto:1F32B,noto,1F32B,fog,sky-weather,noto,https://raw.githubusercontent.com/googlefonts/noto-emoji/e20cbc2bbec1/2D/svg/emoji_u1f32b.svg,2d4c2ac3440d50bda809429739c2bebbd1a4e6fc,20644b3f9f27379fb5d763e561a91c58ed61e920,da1926adfe74b7e56284c018b544b474861c6064,c9e66743b83e5e90b4b23379b9a1020d31edba60,,0,0,
noto:1F32C,noto,1F32C,wind face,sky-weather,noto,https://raw.githubusercontent.com/googlefonts/noto-emoji/e20cbc2bbec1/2D/svg/emoji_u1f32c.svg,90b435c4b9aa9a7a365ed033eefeb13e3422c9e8,c764d1472c6c5d261693b5c18d0f4cd97e47926b,9eefb7a05671b232d743aac745b8f18bb0dcca66,2c480497d7eabd3e28afb9d00dbd75d0e4e20686,,1,0,
noto:1F300,noto,1F300,cyclone,sky-weather,noto,https://raw.githubusercontent.com/googlefonts/noto-emoji/e20cbc2bbec1/2D/svg/emoji_u1f300.svg,adae279a6a3d870e708b534d30b74690ce5351d9,d7f8d6d3522a83b9f608f987d82008e3c6448c35,3f5588334717320169271a7d0906a8b859a1596f,b42ad983cfa7f85aec90f46e824a2a1fb2814fbc,,1,1,
noto:1F308,noto,1F308,rainbow,sky-weather,noto,https://raw.githubusercontent.com/googlefonts/noto-emoji/e20cbc2bbec1/2D/svg/emoji_u1f308.svg,533997aac126d004430b9e54d7b2318f8f731fc2,3d9bc36f33121d5478dbb0c9cc6242f134537dad,b14ffd5de1ef93d89e8e9629c5a8e30289147d38,50419b773749f0e4eeb70b820033727b3aa57471,,0,1,
noto:1F302,noto,1F302,closed umbrella,sky-weather,noto,https://raw.githubusercontent.com/googlefonts/noto-emoji/e20cbc2bbec1/2D/svg/emoji_u1f302.svg,3bd4d6f7f4620667149f707f5ad7db27092741e0,1dc9ea5295d5a4734e6994ec46541700462e001c,3e0345eff3ee94a891e7b4ea3aa2478fb63993c1,5c8d2838b4f3d48a843a7c5e404df2955834a485,,0,0,
noto:2602,noto,2602,umbrella,sky-weather,noto,https://raw.githubusercontent.com/googlefonts/noto-emoji/e20cbc2bbec1/2D/svg/emoji_u2602.svg,a6ee65b69bbbc6eb5952ed8bc61f9df8ef924238,80cce2dbc3a72b5fdb7ed963d06c356c9ac8d380,960e303833750473f323c72d46c6d26902836768,24848d08dc545f0161bb86735950f8eb99a23bb6,,0,0,
noto:2614,noto,2614,umbrella with rain drops,sky-weather,noto,https://raw.githubusercontent.com/googlefonts/noto-emoji/e20cbc2bbec1/2D/svg/emoji_u2614.svg,3e301c8e4dd0b0730a39c02a9182208c8d1090ac,f7ca0b6aa3fdf3f5f0e12fdd0a933e6063f25732,18cf2f41864b5ba41344a6027e6d9bb1eaec156a,412bad6dea662721656cc29897fa6f18e2d8c8ac,,1,0,
noto:26F1,noto,26F1,umbrella on ground,sky-weather,noto,https://raw.githubusercontent.com/googlefonts/noto-emoji/e20cbc2bbec1/2D/svg/emoji_u26f1.svg,2b0ce4fe3010b4af83ddf4379b0d73dde2c6d0fa,bc0c0f3d82abedbaf99b6ffe085105c1d18f3dd8,af4401584b938beaea3f44673582a0401b791367,4e62d95e159da4fc01dd250c704d84d424f94d6f,,0,0,
noto:26A1,noto,26A1,high voltage,sky-weather,noto,https://raw.githubusercontent.com/googlefonts/noto-emoji/e20cbc2bbec1/2D/svg/emoji_u26a1.svg,50143e2f91dfb556dc73710a2de54aadeabc67bd,d3f1307256e63041ebc38576b16f12546b911b95,177863f0ddfcb44615656cfef90a10bdafcdbc5a,a6d8a0de0641d36349e739a40f0306e3ff680085,,1,1,
noto:2744,noto,2744,snowflake,sky-weather,noto,https://raw.githubusercontent.com/googlefonts/noto-emoji/e20cbc2bbec1/2D/svg/emoji_u2744.svg,8da8a07ff56097b464a776f20bc953d7354227a3,fc7224e369e8dd29479b935d35b752248fba348f,72bc31602255e7d5adfb10961099765ff39d24d4,eb86edd7d269534c3677b90965cc103dc361f525,,0,1,
noto:2603,noto,2603,snowman,sky-weather,noto,https://raw.githubusercontent.com/googlefonts/noto-emoji/e20cbc2bbec1/2D/svg/emoji_u2603.svg,a39cf86639660bda1e8e3d646fa665a928c9a161,ae6ffe9c4abcfac3cfbb2b2dd79a9da07b073610,6716bdf7b5d8eb029c0b5a656f3bc8ed67bc82f6,04b07f0c90271fb5781ea2ab9925533be5cbff48,,1,1,
noto:26C4,noto,26C4,snowman without snow,sky-weather,noto,https://raw.githubusercontent.com/googlefonts/noto-emoji/e20cbc2bbec1/2D/svg/emoji_u26c4.svg,9fe167ebf3bd64841111084dd6642cb185c1f66e,4deab6b3266369e5c81ffda71e2b87c246f8be14,9dbfbd8e7bf85606a5b60e5159b7dff6b5561ede,561b3e5eb48615a2d7f46a7851199210e3471ce5,,0,0,
noto:2604,noto,2604,comet,sky-weather,noto,https://raw.githubusercontent.com/googlefonts/noto-emoji/e20cbc2bbec1/2D/svg/emoji_u2604.svg,d2bf0d0183b616291d4a25a261b9ba3f9db5d49a,52afe17322247a045e1fa86997346eaeabe789ae,42166485c6ede4af1cd4510491c1dd7a435e28fd,d112f3689a38f5929f58739e03947079e58168ec,,1,0,
noto:1F525,noto,1F525,fire,sky-weather,noto,https://raw.githubusercontent.com/googlefonts/noto-emoji/e20cbc2bbec1/2D/svg/emoji_u1f525.svg,c7e14143c3628cee322cbcbc6bcfcd7acaa2b5bb,c7e14143c3628cee322cbcbc6bcfcd7acaa2b5bb,b81c3788537f4b4a9697f9adb906313aea77eeb5,4f437d8c45c7f8142da1cefb69f381e9c68c52d4,,1,1,
noto:1F4A7,noto,1F4A7,droplet,sky-weather,noto,https://raw.githubusercontent.com/googlefonts/noto-emoji/e20cbc2bbec1/2D/svg/emoji_u1f4a7.svg,c23e7bef89bb7932adcdbf3120d46fe5275eaf44,e669c2bb342da72bb2dcd415d6bd8c66f42bd50f,6b806d98087a1d667ebd2d72b6ef9684fa000538,e71909aceea8ea7d825fbb73d6d285532061f43f,,1,1,
noto:1F30A,noto,1F30A,water wave,sky-weather,noto,https://raw.githubusercontent.com/googlefonts/noto-emoji/e20cbc2bbec1/2D/svg/emoji_u1f30a.svg,dd807beea08291e8853535d3067e6f0ff291da2f,2caf4f9c8a3962449952c0cf31daada1e62fbf4a,396e30f3e8d2d6c3acb14bd729a0543f6390527f,84acd9cba2171ca1836e9f4c80fb56ed8533bc9e,,0,0,
noto:26BD,noto,26BD,soccer ball,sport,noto,https://raw.githubusercontent.com/googlefonts/noto-emoji/e20cbc2bbec1/2D/svg/emoji_u26bd.svg,fa1eca2c0ad5d12879b92f247a1fd52787eaf49a,be22242c3cb8f5e08aab168bb6c8b32289ae70eb,b4c0c17287b3cc9d6b7087d698b0003b7c8fd0b6,b057ed1b743fcfc01a5e47fd597a0ab408e6d387,,1,0,
noto:26BE,noto,26BE,baseball,sport,noto,https://raw.githubusercontent.com/googlefonts/noto-emoji/e20cbc2bbec1/2D/svg/emoji_u26be.svg,0b473632bae367f88c75e45fb315f1777643782d,45bdbd4a710f7e2916f3b0f08282a15013ecfdf6,cafa0e291386c1fb095c2d994423dbcb4e4057da,7e6a7aa81f2700f24d4b708451f2d6fd64c6e139,,1,0,
noto:1F94E,noto,1F94E,softball,sport,noto,https://raw.githubusercontent.com/googlefonts/noto-emoji/e20cbc2bbec1/2D/svg/emoji_u1f94e.svg,10ac1fcaae772071874e383adf1a92e1c212c3ef,82df33a2e8389b0b1fd3a37d3b0801af017885fc,7001a6e61869a1501ee24549781a100a8d07d67b,d62b4150b87218035a3261454677198414ed70d1,,0,1,
noto:1F3C0,noto,1F3C0,basketball,sport,noto,https://raw.githubusercontent.com/googlefonts/noto-emoji/e20cbc2bbec1/2D/svg/emoji_u1f3c0.svg,be47319679592edd6e8a54cfccc3125db4ef438e,60371ae3312f444630e601f5e13c180758bbecfe,9f6fdacc6ad17d94420ba50f17cfb4002f98d491,64650012c51268e469099943d6577e985b72015a,,0,1,
noto:1F3D0,noto,1F3D0,volleyball,sport,noto,https://raw.githubusercontent.com/googlefonts/noto-emoji/e20cbc2bbec1/2D/svg/emoji_u1f3d0.svg,7910bb34fceacc440d1e4986d64b035fcdf87f05,6196de2d96e6e358a68f6e14827d1bf072009759,e9c00d6f380551d7198d898ba81b4608403e11b4,f6110405c58e65b838d5245571c16065ed2bba78,,0,0,
noto:1F3C8,noto,1F3C8,american football,sport,noto,https://raw.githubusercontent.com/googlefonts/noto-emoji/e20cbc2bbec1/2D/svg/emoji_u1f3c8.svg,7ee414ad8a98109e289d172321085c432d3a1217,2717fc295292796d74acc45c9187b3f7d0fefb0f,416c939de2403c0545110db2bdee069b3e4f87de,a4f36e61803783b7681233e6d22aea217316147a,,0,0,
noto:1F3C9,noto,1F3C9,rugby football,sport,noto,https://raw.githubusercontent.com/googlefonts/noto-emoji/e20cbc2bbec1/2D/svg/emoji_u1f3c9.svg,a3505739f87c4e972f7d1e2dbd2b1ef4ecb5a46d,f18538907c5390ae86b44e0872ea6674dec28c81,be27d58072e7999fc2964263234d4f6b10f17c42,a118163f0d6a487a822a0f700db2bd7b807e6ce3,,0,0,
noto:1F3BE,noto,1F3BE,tennis,sport,noto,https://raw.githubusercontent.com/googlefonts/noto-emoji/e20cbc2bbec1/2D/svg/emoji_u1f3be.svg,cf7d461036b11bb043b5ce6d0258e184e6416158,a6f1120c118984708cc03fce9f9db80a44ee03a6,9fb4318ada0002cc927682f6a06ca850d3821aa9,652f64b0f2587d1ace5f46cb119beee524913f03,,1,0,
noto:1F94F,noto,1F94F,flying disc,sport,noto,https://raw.githubusercontent.com/googlefonts/noto-emoji/e20cbc2bbec1/2D/svg/emoji_u1f94f.svg,d5060c60984cec60a4d8fe95855c62625b759b19,b4469836e49188f88bcbc1668dcfa974584f1f28,b5d533bffe7841284490ef40e67c51e1f1435e1f,19020de7d141239a86ab20456fba6b3499ed7c50,,0,0,
noto:1F3B3,noto,1F3B3,bowling,sport,noto,https://raw.githubusercontent.com/googlefonts/noto-emoji/e20cbc2bbec1/2D/svg/emoji_u1f3b3.svg,11be1dccf8aedfc372b5c90a720ad02c58c8a8dd,51f4d85a6a391d936f5e2710a2d6586fc996eb47,a89eaef535830e0d96a6c692e8fa0241ab1d1426,c90fe18b2728f0f501856771737dcc08699858fa,,0,0,
noto:1F3D2,noto,1F3D2,ice hockey,sport,noto,https://raw.githubusercontent.com/googlefonts/noto-emoji/e20cbc2bbec1/2D/svg/emoji_u1f3d2.svg,bfd25eefb502fc1779b6a7a6314ab15773fbdc56,9536396e37994734a0794104a4c2a961eff65eb8,15aca8b854abf3b284bd7b3310ce758e94af9c9f,8f0ba8b23c703df0cfc1a70892fee54f6c24db8b,,1,0,
noto:1F94A,noto,1F94A,boxing glove,sport,noto,https://raw.githubusercontent.com/googlefonts/noto-emoji/e20cbc2bbec1/2D/svg/emoji_u1f94a.svg,98d918cc4aad37f3121bd11584b1a3d7874df246,ef55adf10e6c2d105da3a1721e9146dec182e17d,54bd1bbb63a6838c170e071f448147f8d4cd7abe,7d6dc91110e7e2660e731b62c314533669c42a1e,,0,0,
noto:1F94B,noto,1F94B,martial arts uniform,sport,noto,https://raw.githubusercontent.com/googlefonts/noto-emoji/e20cbc2bbec1/2D/svg/emoji_u1f94b.svg,06fce55bf2af31ac5324d04e8b927c456b7f2f23,4874793822193211afcafcd381bc6794214aeae1,1cba88c914df2ab91f0ca7912e3512321a3df10c,72ee35a1814a1afe303923dc3f827fcff5f85747,,1,1,
noto:1F945,noto,1F945,goal net,sport,noto,https://raw.githubusercontent.com/googlefonts/noto-emoji/e20cbc2bbec1/2D/svg/emoji_u1f945.svg,ee24c0aa14c8705c6a11a8dbc7f8c46c78f68848,a4856742d89c58f9a818a94118793f5caa269989,3b5609a72aab6deda1a0d82f8dfccd7f4d03b051,059a83474d7fc953b12dc72218bd1a497522ade2,,1,0,
noto:26F3,noto,26F3,flag in hole,sport,noto,https://raw.githubusercontent.com/googlefonts/noto-emoji/e20cbc2bbec1/2D/svg/emoji_u26f3.svg,27e67729043e1ead378fab8aed41a9a1108642aa,d606754ed8f36bf913398d5a2f34fe99873170d6,7be46fcd637fc33e27a407de60b0940c9807fde1,879b0582b818c3c0a7334f13335c0cb8d66ab836,,1,0,
noto:26F8,noto,26F8,ice skate,sport,noto,https://raw.githubusercontent.com/googlefonts/noto-emoji/e20cbc2bbec1/2D/svg/emoji_u26f8.svg,553adc80d9a70b097df9df222eba05990719cdfa,2f94902eef176f2c11ef52e54e32c18af1984d5a,c75066a2ca3be4b9a790d1837d44b16adc329653,8d1290a47a3378c034f71b6bf6868ba1e5e34d38,,0,0,
noto:1F3A3,noto,1F3A3,fishing pole,sport,noto,https://raw.githubusercontent.com/googlefonts/noto-emoji/e20cbc2bbec1/2D/svg/emoji_u1f3a3.svg,124ac2d34486bcbb411b438bbc33d03751f93ba4,35036829994a8de686e2704e9ce60b13d8db0e8a,79fb2a12a032e25712ab90bca3640c972f7117d6,a7324f7da05481c888c25bcd207a6d45312d4b6e,,0,0,
noto:1F93F,noto,1F93F,diving mask,sport,noto,https://raw.githubusercontent.com/googlefonts/noto-emoji/e20cbc2bbec1/2D/svg/emoji_u1f93f.svg,dd54260d1b5331f8eea466154f5cac77feb5d1c3,c7efdf4e826bd7fb1961f62365ce3cc244a21e86,30362df43447c4e903c8a81729706bc7629540c3,a3fa16f2c8ff676e88ebc4c4713cf3fe82691f24,,1,0,
noto:1F3BD,noto,1F3BD,running shirt,sport,noto,https://raw.githubusercontent.com/googlefonts/noto-emoji/e20cbc2bbec1/2D/svg/emoji_u1f3bd.svg,bb8a49289119f354218a7cd451569014b99c3cf1,a35dd3f9320fe3fd3b86af7e08fd9b13fe9cc63f,94f65f3556cd905ea3f65b4abbcbbd36a9c3b673,f814ee4871b65be8a1834ef224c545d73000fbf7,,0,1,
noto:1F3BF,noto,1F3BF,skis,sport,noto,https://raw.githubusercontent.com/googlefonts/noto-emoji/e20cbc2bbec1/2D/svg/emoji_u1f3bf.svg,0485a4ebf6ea3df6f80ea5279f86569a671676e3,abd0efd1a3c13aa75bbb809c7ad759d13da4d1ac,2a79c7b367efe3faaab6352eb7a131e279823c6a,d5506287b54d73dcc07927a4dfb1ce9f69f1cf97,,0,0,
noto:1F6F7,noto,1F6F7,sled,sport,noto,https://raw.githubusercontent.com/googlefonts/noto-emoji/e20cbc2bbec1/2D/svg/emoji_u1f6f7.svg,62e7f94f86011b44ead11302f381257785da7358,c5a1f9879b9ef2c9edf883e9be81a164fac046bd,d9867c4b8adf73a4177be323461e37c27c090279,d0ba2c0cdc99f23037dd9b0f53991d28234ff458,,0,1,
noto:1F94C,noto,1F94C,curling stone,sport,noto,https://raw.githubusercontent.com/googlefonts/noto-emoji/e20cbc2bbec1/2D/svg/emoji_u1f94c.svg,9fccd90b5f5ea74bc6cbd115e39236ea68ac1bc6,ed0cd25910b8421d3dc0a236bc28c104b75bc9e0,5292f2467b41b42a82ac25923d1ca03cda80ee50,4c7a34fbc4ec2f1e484b8134ae6bc5d46a9cf720,,1,0,
noto:1F453,noto,1F453,glasses,clothing,noto,https://raw.githubusercontent.com/googlefonts/noto-emoji/e20cbc2bbec1/2D/svg/emoji_u1f453.svg,e374d9140690a740366ae58421d3186067af0bf4,40a22c8a8db9b14bdde0003972fb71cd10b09c0e,e062177783257a283693b6b2e6530c0e8eb37a70,0304f24c0e4ae9679d093d230dc874ccc6c172a1,,0,0,
noto:1F576,noto,1F576,sunglasses,clothing,noto,https://raw.githubusercontent.com/googlefonts/noto-emoji/e20cbc2bbec1/2D/svg/emoji_u1f576.svg,7a0b4362260954a34cd65bf2a637f3833b071c76,b575d97999d8fd68f5d81a45674120989a3c729b,de1e729b295e3dde9a928382b8b324b02b0ef939,ba46d2218651dbe4e0a67b22b9958a47bffe8d5c,,0,1,
noto:1F97D,noto,1F97D,goggles,clothing,noto,https://raw.githubusercontent.com/googlefonts/noto-emoji/e20cbc2bbec1/2D/svg/emoji_u1f97d.svg,2bbd3ec9012d570b26885658aa84215c4f8e1f68,366b34ad73308babfc12d984ee86efefce1090a3,b6d3d5a5d0c11f032b624ed86f7f9acb36da3610,95cbfd4bf851576ace81bd7519a449d7c4257068,,1,0,
noto:1F97C,noto,1F97C,lab coat,clothing,noto,https://raw.githubusercontent.com/googlefonts/noto-emoji/e20cbc2bbec1/2D/svg/emoji_u1f97c.svg,9befbdabe833f1d98af2358e6fd6b1464b1adc7b,8310301f729afe8e3cce85ace880f25d5d52d5a4,dc15d3c75e3e3176e383c380fe65e50e6ff0f7d4,0f25bbf04e87901ce7b5b70df2e35ec56ec64561,,1,0,
noto:1F9BA,noto,1F9BA,safety vest,clothing,noto,https://raw.githubusercontent.com/googlefonts/noto-emoji/e20cbc2bbec1/2D/svg/emoji_u1f9ba.svg,8e4cb3bd7543341562693f050928d3f41717a821,c331b6fdf5767b58db44aa82b5f96b7763479999,984f2f4b54a4a3529966f7541c4b8e1f9a06a865,9f0b23e61b4709ceab858a78d242dc55f758f624,,0,0,
noto:1F455,noto,1F455,t-shirt,clothing,noto,https://raw.githubusercontent.com/googlefonts/noto-emoji/e20cbc2bbec1/2D/svg/emoji_u1f455.svg,41406a344aa2287142c268b4ad4a5438988d34b2,c7380769ecf57a9704f67e21e5ddada16b64e7db,934e705ea635894f5495985738a6821a9583bb66,575e5884e61dedf805941d59bcf9bf226c940af1,,0,0,
noto:1F456,noto,1F456,jeans,clothing,noto,https://raw.githubusercontent.com/googlefonts/noto-emoji/e20cbc2bbec1/2D/svg/emoji_u1f456.svg,4f08e090e9ceb6d74c754691488b2b62ee263f80,50e0d8833b44111eb97875b90e03e1b0df472e0a,7439dad66be5758efe3d61e5af6f1db8a5827005,09ce0b34b462b676c40bff0a333afcf812772fd9,,1,0,
noto:1F9E3,noto,1F9E3,scarf,clothing,noto,https://raw.githubusercontent.com/googlefonts/noto-emoji/e20cbc2bbec1/2D/svg/emoji_u1f9e3.svg,06b1bc03a3906843c04989eb8dbf0afc71614fde,1da372263d5fb6ac9953258db33868e0333ea89c,d152673117d44a5210dcee3a2b31c81091edc6e3,80b89ccf16f0b2eadec285526873090e1cce6f1d,,1,1,
noto:1F9E4,noto,1F9E4,gloves,clothing,noto,https://raw.githubusercontent.com/googlefonts/noto-emoji/e20cbc2bbec1/2D/svg/emoji_u1f9e4.svg,d2956e9e8e9d8f02f27303ea34dde8d9c3280e08,12fc9667b628e66f80b942a29a5931306d65b538,d29e1837c72f3c46ceb42e56b340fdb2f75f3081,ea58e043cc85bc7c6ba21bef901eec32cb02ccb9,,1,0,
noto:1F9E5,noto,1F9E5,coat,clothing,noto,https://raw.githubusercontent.com/googlefonts/noto-emoji/e20cbc2bbec1/2D/svg/emoji_u1f9e5.svg,5402643a29676b7a621216b68df9ddfad9862f00,2e4113ca9c7aef1964e33bc4c9c9c8a45f463fa3,0a396f9c4c20383e8cdb19fb28a0c0d23926e187,a8dc5fa50e052eac2d3d8f0b829d6dd4cbfeb60f,,0,0,
noto:1F9E6,noto,1F9E6,socks,clothing,noto,https://raw.githubusercontent.com/googlefonts/noto-emoji/e20cbc2bbec1/2D/svg/emoji_u1f9e6.svg,b44a17e2a552fd35e2ef9a5202e226e2f2e00797,00dd0d78f16b10bc815041a32f54fc4151f55c2f,27466b788830946731ba53759d752b0a9c98dde7,e943251bf6e3ae23f75ad2a4e9bd7cd4225354fe,,1,0,
noto:1F457,noto,1F457,dress,clothing,noto,https://raw.githubusercontent.com/googlefonts/noto-emoji/e20cbc2bbec1/2D/svg/emoji_u1f457.svg,adc5faf4c175a773bf3b4ad247b9174224696dde,51fd745ff90a2cef3a1356d37bc44fffdb96fbdb,75525c197a29cac89acf72663b58b5dbee4339e9,c07ec5e6139b1f13163a79f12777b3a197f24a91,,1,0,
noto:1F458,noto,1F458,kimono,clothing,noto,https://raw.githubusercontent.com/googlefonts/noto-emoji/e20cbc2bbec1/2D/svg/emoji_u1f458.svg,92844dec7877a901f6e06a1a9b2bf24c6414a024,de27091e15f9387733ef3661f24de737387c3bf9,e874eb12b9dbdc2d7f97db3bc6c8715443cc02a0,e6d1a3ba7cd5b099bd5392cf7b1e40bce8c88f2a,,1,0,
noto:1F97B,noto,1F97B,sari,clothing,noto,https://raw.githubusercontent.com/googlefonts/noto-emoji/e20cbc2bbec1/2D/svg/emoji_u1f97b.svg,d1a7b98a9b425044f26c2d39b910c3a7e53404e5,87d9b68873665aeb3fd0415bd900e375102a0ad2,4830458d5fe7b82b1c25b97df66edfcc845166c6,1aed799eb609cfbfe1d95875680c9e21022c3d26,,0,0,
noto:1FA71,noto,1FA71,one-piece swimsuit,clothing,noto,https://raw.githubusercontent.com/googlefonts/noto-emoji/e20cbc2bbec1/2D/svg/emoji_u1fa71.svg,9d684951bee17b25a04437476258a9037b160432,9dbdf6002077fee5e97d96decbca708c5aca074c,908211d337974ec21b889e9721c8c389be1a3dcf,2ae1b36c2e5ec40e974f563f37d91abb44ca998b,,0,0,
noto:1FA72,noto,1FA72,briefs,clothing,noto,https://raw.githubusercontent.com/googlefonts/noto-emoji/e20cbc2bbec1/2D/svg/emoji_u1fa72.svg,1e4bd03f3e194e92e4926e671e214a9ef4d0066c,f15d1ad5ccd8012d568752be8f8d6e02e9142115,cc825b6efb3f6fc2003a567e39123f19e6e98873,86ed41573e5551f1224d12da581b00cc38407ad4,,1,0,
noto:1FA73,noto,1FA73,shorts,clothing,noto,https://raw.githubusercontent.com/googlefonts/noto-emoji/e20cbc2bbec1/2D/svg/emoji_u1fa73.svg,e73dff3f5de82944c3228c402acdc6a45d67b796,e1619e81e71b62f46e8dba0dd2fa0bd29eb11b32,6e0da1988f84c812998a5fc03003d91de674f896,421685d727fc36eac094a13f705174e078cd0d9c,,0,0,
noto:1F459,noto,1F459,bikini,clothing,noto,https://raw.githubusercontent.com/googlefonts/noto-emoji/e20cbc2bbec1/2D/svg/emoji_u1f459.svg,65674ff26860e4f2faa3e1697a3e5a36e6d9a8b5,90080e315b0785b09908b5f0b067f23d75ccf046,2cb0bc1fa61d567b9060212042c9ef92b8e5d7aa,30a78b5e9e91d3fd4740e0b6cee7c32ec33f1026,,0,1,
noto:1F45A,noto,1F45A,woman’s clothes,clothing,noto,https://raw.githubusercontent.com/googlefonts/noto-emoji/e20cbc2bbec1/2D/svg/emoji_u1f45a.svg,e89730afcd454a54f52067ac4d899d40bf7abf36,695b56a8598b8bc818e471075b90414f962b2300,935de3058602c3dad0c586ff20d4c888d1262883,7cdc7e8962fd3a30eaca2882ff0100ecd99c0101,,0,1,
noto:1FAAD,noto,1FAAD,folding hand fan,clothing,noto,https://raw.githubusercontent.com/googlefonts/noto-emoji/e20cbc2bbec1/2D/svg/emoji_u1faad.svg,b056bd5a499915658cd76ae52891f4a8e9e0a818,8bd2645f27df0bbcb581c8c5893a60bef1f023f0,1bcbc913043df03e61c35f45dc091bcc38333795,1cb91dd40819de373a493c3c6f93461c407f23c7,,1,1,
noto:1F45C,noto,1F45C,handbag,clothing,noto,https://raw.githubusercontent.com/googlefonts/noto-emoji/e20cbc2bbec1/2D/svg/emoji_u1f45c.svg,3ec726c9fbc016a2274d7ed9bd7e17842bc16934,ba86c093dbd73a40cb77f8bed7a4d98ce735297f,aa9a08a23ff990afd213effd2b99fb6c9bf8aeba,f7f075af67fa7b62b0bbd02a0c511718b64140aa,,1,1,
noto:1F45D,noto,1F45D,clutch bag,clothing,noto,https://raw.githubusercontent.com/googlefonts/noto-emoji/e20cbc2bbec1/2D/svg/emoji_u1f45d.svg,86d25c6cac9a147564fb26421373c73f15cb9d03,879d55c1d68516413d4f7a842f4369c9f79d9fca,6d594b6fa4ada2f2503f0a66bd5b66dbf9e07519,adfddc77f65448f58fac43afb4e9ef44c79edd6a,,1,0,
noto:1F6CD,noto,1F6CD,shopping bags,clothing,noto,https://raw.githubusercontent.com/googlefonts/noto-emoji/e20cbc2bbec1/2D/svg/emoji_u1f6cd.svg,c26b8a09d59ba0c8fde30b2013fa6e6cdfbc87eb,4b49148f5048a283ab26ca5d926837405dff3e7d,43fe7fb4626aa73a1d5bd691f7e0804a0007286e,a584565455b9005420ce02ca4aeb31abb29a614e,,0,0,
noto:1F392,noto,1F392,backpack,clothing,noto,https://raw.githubusercontent.com/googlefonts/noto-emoji/e20cbc2bbec1/2D/svg/emoji_u1f392.svg,2c1f5c81e4613c305e58d69cfa1c7ff46ef6f55a,19a4ab4e38f8b76cf0187ae532b93397ff477b03,5c54bf6adbb0f012a268ceb0d195df8c079acd4b,8207d586b2639436951bdb8c2937d73ddb599d7b,,1,0,
noto:1FA74,noto,1FA74,thong sandal,clothing,noto,https://raw.githubusercontent.com/googlefonts/noto-emoji/e20cbc2bbec1/2D/svg/emoji_u1fa74.svg,1c88c3d702f8f873cf5f4c3f97bd26ef5bff1775,0cc13d1e2e4beab40d2cfd6978018e82acc38307,08be33282e6e9db5f390a23f87475935b6618129,771505dfcc3110b6cfb1ce16977f86602fd8b9ad,,1,0,
noto:1F45E,noto,1F45E,man’s shoe,clothing,noto,https://raw.githubusercontent.com/googlefonts/noto-emoji/e20cbc2bbec1/2D/svg/emoji_u1f45e.svg,a67b7abf409a8508f78c377b51f5a475f30fb096,4dfaa3f2a13a3d1601893576c9ba8b27ff5b446b,023dc4cdeaf819a8a97de32c65f88c46b1c0d70e,6243a26fea20cfe338f7936b396d376e06426ab6,,1,0,
noto:1F45F,noto,1F45F,running shoe,clothing,noto,https://raw.githubusercontent.com/googlefonts/noto-emoji/e20cbc2bbec1/2D/svg/emoji_u1f45f.svg,b3de277c0a19b5be65fb87602897a252a411cf6e,6a836fb3008b1c133c063412e38458d919bc6dda,dc0dbea572764f100c983f749c4f4f940bbf35da,acc554da68a2bb2ecd7a704aead45fac75cbcae4,,1,1,
noto:1F97E,noto,1F97E,hiking boot,clothing,noto,https://raw.githubusercontent.com/googlefonts/noto-emoji/e20cbc2bbec1/2D/svg/emoji_u1f97e.svg,fedc2168d3157643cc5162946756b8ca955f7f0d,d97be3dd3b7194d83e2f2b07b0be3a60d36b1030,bf9001aff763b07c38e78fde75853d7556099c4f,a3305d5381e0eb6757b5af906e7b6e49a153ffe7,,0,1,
noto:1F97F,noto,1F97F,flat shoe,clothing,noto,https://raw.githubusercontent.com/googlefonts/noto-emoji/e20cbc2bbec1/2D/svg/emoji_u1f97f.svg,a9a8c3af999ed63b6eef04c64426324cd7b7a8c1,21c5dc4860efed7675085f0d85c32d0f0cc7a3f3,3b5f92124a1d53d9994ba93b65d465eb0f1185ba,fedd626ca4b6e812e2308cd89dd15062f40c49de,,1,0,
noto:1F460,noto,1F460,high-heeled shoe,clothing,noto,https://raw.githubusercontent.com/googlefonts/noto-emoji/e20cbc2bbec1/2D/svg/emoji_u1f460.svg,cbe17198e4d4a58fca13d4a288cc185a3e0a70d6,aa47eb090b45b463a413b583daa354c3e391167d,2c9a8dcbfaa95c196f5cfbc7153bd1bad660dcea,83fe288075ddafdbad7b2d04039d963729e686bd,,0,0,
noto:1F461,noto,1F461,woman’s sandal,clothing,noto,https://raw.githubusercontent.com/googlefonts/noto-emoji/e20cbc2bbec1/2D/svg/emoji_u1f461.svg,e897bb13ef20f21d36614bfc2788aa1228186260,cc754b0758d76e4b3cde06b760067b96c0e0a9e2,d06ff7508658bf189c2773a1dc5f003d21ba8143,b28a03c7c285f59f6090ef636d6d611e88f34bd0,,0,0,
noto:1FA70,noto,1FA70,ballet shoes,clothing,noto,https://raw.githubusercontent.com/googlefonts/noto-emoji/e20cbc2bbec1/2D/svg/emoji_u1fa70.svg,f36772639e8dd5b1e17b593d761a5e701b7f750e,d35f388784586f4eed7e7c1cb2530df248395aa9,9b7b32c4684b8f4792c604ca2f9b669e70675a2f,9d919fab580ddc7b4cfa9b6bdb9e76b9b29e6f4f,,0,0,
noto:1F462,noto,1F462,woman’s boot,clothing,noto,https://raw.githubusercontent.com/googlefonts/noto-emoji/e20cbc2bbec1/2D/svg/emoji_u1f462.svg,a6adc2d5800419489b3acfe7ed1234f46a4750b4,4a0e38abedff45c851de291163d60981922c25de,33f3ff8fc54202870f94283845e89bbd5ca53cf1,9aa9fe509a69ac4ef7f10152cbaba506aa61d91a,,0,1,
noto:1FAAE,noto,1FAAE,hair pick,clothing,noto,https://raw.githubusercontent.com/googlefonts/noto-emoji/e20cbc2bbec1/2D/svg/emoji_u1faae.svg,c31480261a5444b6c335fb51e7f9b6e5aaab6c64,a9b795663c648d7a55610a71ab0e46fec15c2e07,6ea4908b1eabab4cbf8e41fba219d35a75a31b38,58712169fa341647ebea36a7c61077b03afc8b43,,1,0,
noto:1F451,noto,1F451,crown,clothing,noto,https://raw.githubusercontent.com/googlefonts/noto-emoji/e20cbc2bbec1/2D/svg/emoji_u1f451.svg,11b3350791ac36fc5ee451cf6b38c2b80ccefea4,4b1efb4d3676a2f7f4de5fd9aa28941d396cb17d,d5b708de68824a03edbb6fee021504375511c03a,b3cea402674c82c5af6f85689f83a1120d90b302,,1,1,
noto:1F452,noto,1F452,woman’s hat,clothing,noto,https://raw.githubusercontent.com/googlefonts/noto-emoji/e20cbc2bbec1/2D/svg/emoji_u1f452.svg,009e756e3c24e903d00cbd773896435a62d424ad,0e5b5349e4f76c38444ab62db4faa4e153bc2231,db5b006bf7adc4d647ba69192633b82f5a44ee88,8ce6260edc5c4749f2f09a5ac35a0c0dd8751dd0,,0,0,
noto:1F393,noto,1F393,graduation cap,clothing,noto,https://raw.githubusercontent.com/googlefonts/noto-emoji/e20cbc2bbec1/2D/svg/emoji_u1f393.svg,a1c3e7bf15a940f4dad74de14f8afb5f9a29671a,bdc5e95a9908911bd4f31232b8d3406b0d2ff46b,c1d2e7c6bda7f09e789d6b77bb22021b94bf2615,855c56b1f68dde964eb6463a423faf8046118e37,,0,0,
noto:1F9E2,noto,1F9E2,billed cap,clothing,noto,https://raw.githubusercontent.com/googlefonts/noto-emoji/e20cbc2bbec1/2D/svg/emoji_u1f9e2.svg,9e87577b639c5c529f88b6b44f8601092c2cc617,d59079bb7c7fe34592c37253d281a98e2b52ce50,0e5006868ffcfc52ff60b5cfb89ee4f706e5e415,d3789ecc4f4285509f6fc5e7519125724d473918,,0,0,
noto:1FA96,noto,1FA96,military helmet,clothing,noto,https://raw.githubusercontent.com/googlefonts/noto-emoji/e20cbc2bbec1/2D/svg/emoji_u1fa96.svg,533c8ef741c51e396c6571637ad01b05ff480edc,fa3413060ec9f31a2f959bf6cef2cf27c33504f7,87c0c727a670762b09a0a0fd4e21df48b25d91e0,030f234121b141c10a8f3bdea3346240ad2b24e7,,0,0,
noto:26D1,noto,26D1,rescue worker’s helmet,clothing,noto,https://raw.githubusercontent.com/googlefonts/noto-emoji/e20cbc2bbec1/2D/svg/emoji_u26d1.svg,b22bd6af638361c5fde5feba1363798b723f62c5,9c95a5a288390fc8c68eed765281ed4c70f4066c,50e5ea3ae3786f4c83c1f8bc387d6dec2e492f7d,0d9d12f761acb79e89dda86927dc741af10f9ca0,,1,0,
noto:1F4FF,noto,1F4FF,prayer beads,clothing,noto,https://raw.githubusercontent.com/googlefonts/noto-emoji/e20cbc2bbec1/2D/svg/emoji_u1f4ff.svg,0c22da03dc5afffe9485d4976831f5553659c3d1,d3d07211c0e14fc3502a962dc0a5e38061b0e760,31cff193a5db99242285bbbae7bd61a04078e834,a9cdfd91907ca33c8f187e21d88d9d240bb3305b,,0,1,
noto:1F484,noto,1F484,lipstick,clothing,noto,https://raw.githubusercontent.com/googlefonts/noto-emoji/e20cbc2bbec1/2D/svg/emoji_u1f484.svg,5e54bbb48ff8f4836d1b81df8bb355e3494bab2d,fea5205ea731cfc1f735cc555360fb77d2b2fa01,d35bae1725cc1b3e3496f4f53d823d5944dcec44,17ced9e2af7abfa396ce9c3de37b5da171c847b0,,0,1,
noto:1F48D,noto,1F48D,ring,clothing,noto,https://raw.githubusercontent.com/googlefonts/noto-emoji/e20cbc2bbec1/2D/svg/emoji_u1f48d.svg,b3aece29d7f9fb014bbd3329dadcd20bfc6cf84b,e7258c3d07bb0d11b7e05d9c007b51dff14c688f,2b4373f9175831b4840191f284d7b24581e19920,5c59d834dd658e3f17eaa6d4efdce5628a547645,,0,0,
noto:1F48E,noto,1F48E,gem stone,clothing,noto,https://raw.githubusercontent.com/googlefonts/noto-emoji/e20cbc2bbec1/2D/svg/emoji_u1f48e.svg,b5ab275ae8a0cf8858668c278b783fbeee22e7c6,8ba5a76e2bb2893c553ef41b1e7a45d489c2e545,e456091aa12b02af313498fab1fe104dd7c67421,9a1a34299ba8248eb2f38ea616ad4c908a2f8ed9,,1,0,
noto:1F528,noto,1F528,hammer,tool,noto,https://raw.githubusercontent.com/googlefonts/noto-emoji/e20cbc2bbec1/2D/svg/emoji_u1f528.svg,bd4c6ab3a922b25797d81815a634433883adaf4a,d9be50f5e5a491f411ba8af9478349adca5e065a,ae881b4364082d4fc2c45cbe40b1c219aaca33e9,4b1e0561af3bdb1953d83cbc31532ce462b637a4,,0,0,
noto:1FA93,noto,1FA93,axe,tool,noto,https://raw.githubusercontent.com/googlefonts/noto-emoji/e20cbc2bbec1/2D/svg/emoji_u1fa93.svg,6ec1f0398aba5cf8e45907651a58e951609ce8b1,27423b3d072331a7d94147e8a6dbcbfcc3d5448a,6837e3c6c0940ab810830d826e1c89708dae7c4d,065d615aa8b67d671de2b7d353417df52a385c61,,0,1,
noto:26CF,noto,26CF,pick,tool,noto,https://raw.githubusercontent.com/googlefonts/noto-emoji/e20cbc2bbec1/2D/svg/emoji_u26cf.svg,2a99fa6a797bedece751e60f895818d60f0c74f7,7c8ae6eac1b653307ee547630d2f29a617116b8b,b395aca30eec043f331da576ebe4ac20f6962393,1d0b683f5d828b15910d03036cb9bf385199c993,,0,0,
noto:2692,noto,2692,hammer and pick,tool,noto,https://raw.githubusercontent.com/googlefonts/noto-emoji/e20cbc2bbec1/2D/svg/emoji_u2692.svg,f6655e6c2cdd3a3baf61391b9b9f2774a97608d9,07e61299fbc912500f3fc06126a0045da94a0259,4ac11b4ea8ba70aa5120d5ef162a2b0c626290e0,5a42c96fa154ccfc0afe7e03a609cb926f2b69f8,,1,1,
noto:1F6E0,noto,1F6E0,hammer and wrench,tool,noto,https://raw.githubusercontent.com/googlefonts/noto-emoji/e20cbc2bbec1/2D/svg/emoji_u1f6e0.svg,247cae4823f4df5d63ca657783c9a5441740c299,3bcb7d166c2968c8fc55cb27bbb396e4b37e4c9f,e6d30db81e195808327bb685fac5909bd431709a,ae695e6080b67f616b9da819b63fa80a5f0e062d,,0,0,
noto:1F5E1,noto,1F5E1,dagger,tool,noto,https://raw.githubusercontent.com/googlefonts/noto-emoji/e20cbc2bbec1/2D/svg/emoji_u1f5e1.svg,60a6e90b6a7128266f0b4b7edeba3fc43203cc21,fbe54fbd3d301c401cbcc49bfd5e847391d48dda,85bad3528c81e2c97cc2709b725248f5e9e46e34,2ba861af0000ae0def1a54614195183ce0aeff69,,0,0,
noto:2694,noto,2694,crossed swords,tool,noto,https://raw.githubusercontent.com/googlefonts/noto-emoji/e20cbc2bbec1/2D/svg/emoji_u2694.svg,15844cee132c9de140cefb9a8c69794f39c08fee,c53731e3c9ec0f150b7a0cc6d70b9b3c6a8a6ce9,f6e2ea3195fd7002d51aca14cefb2e3b869ff484,570c9ac385c699d08aa726b7cd84ba067764935c,,0,0,
noto:1F4A3,noto,1F4A3,bomb,tool,noto,https://raw.githubusercontent.com/googlefonts/noto-emoji/e20cbc2bbec1/2D/svg/emoji_u1f4a3.svg,f821621e37d04b962a2d6a63bc6f97036c58fe57,7bbb1d4d41aa8005560500172f59c18bb44d4a12,e985c8fb09b656b2c7da3f5320e285d11d77563b,b27b88659123fce6c55cf4e8aa6efac3bbcb631e,,1,0,
noto:1FA83,noto,1FA83,boomerang,tool,noto,https://raw.githubusercontent.com/googlefonts/noto-emoji/e20cbc2bbec1/2D/svg/emoji_u1fa83.svg,0140fb1b8e9891099aeb6c0582ebbd70ea464f7c,c656682d66d5eee7e309e9ded614ce7e6368aa30,a7f9cbb253d7bd10ed725b44f8afe907807bb863,0bcdb1d3e3ff6b3f9060580fb7f0326a4f33cc48,,0,0,
noto:1F3F9,noto,1F3F9,bow and arrow,tool,noto,https://raw.githubusercontent.com/googlefonts/noto-emoji/e20cbc2bbec1/2D/svg/emoji_u1f3f9.svg,f283104175c8ff96820ed217a1a98e5b8c9fda06,8972fec77febf0ccd3dc01ba5f4f1a190db77946,d80121295baabb75c1183c10bc48117800fc2124,b207d56097f40f6000379909d12c3db9fa2dd9b2,,0,0,
noto:1F6E1,noto,1F6E1,shield,tool,noto,https://raw.githubusercontent.com/googlefonts/noto-emoji/e20cbc2bbec1/2D/svg/emoji_u1f6e1.svg,8621e05640776033e60d461667de7a32b31f7fa0,a6297a21b4fce459a2ce6f286371c91b23b580c6,efca90c927ed6fc0ef6ee4b445b4a9598414320f,b446b666ee06d35a2524736ddc73b342ef69e196,,1,0,
noto:1FA9A,noto,1FA9A,carpentry saw,tool,noto,https://raw.githubusercontent.com/googlefonts/noto-emoji/e20cbc2bbec1/2D/svg/emoji_u1fa9a.svg,0ea9df5495d71d8ef80979a94dbfd2d4ac8e5f67,46a6313f344ecb393629716be913d50bd7bd7cb2,82c908fbb1fe5a66b5e8a7af3d35c01585be442c,5ce24df6b49205154152f2276586e599ba2fc279,,0,0,
noto:1F527,noto,1F527,wrench,tool,noto,https://raw.githubusercontent.com/googlefonts/noto-emoji/e20cbc2bbec1/2D/svg/emoji_u1f527.svg,3e2391042c305a0695e70693b9d86285c21ae31d,0ce93d42ecb05bc3af6654968508bc0594b68689,bb3bc69ff053c77c19669bf94d23c0e114741c4d,7522dd4ac104646e96caa570ae13417e0069b670,,0,0,
noto:1FA9B,noto,1FA9B,screwdriver,tool,noto,https://raw.githubusercontent.com/googlefonts/noto-emoji/e20cbc2bbec1/2D/svg/emoji_u1fa9b.svg,a0b0ad40aa92d5de267a172e302476e880b55628,4a8fe9e673732f06d6dacf2e5295139c9d12cbcc,cb3bc989d2cd68f04b24143300cbd53b957e3cc2,bd0e171433fd19178c7625c276a36bfc4db39fff,,0,0,
noto:1F529,noto,1F529,nut and bolt,tool,noto,https://raw.githubusercontent.com/googlefonts/noto-emoji/e20cbc2bbec1/2D/svg/emoji_u1f529.svg,f4d3087a73bd0aa0e292f450c88eeb85d0d24440,e0dc5d0eade206093576cfe2b8f6b30db59f1bee,3dd09d0884827d4a09c53625c53dae6f07b04ae7,71b1779b128fc4d4b98b5c4091b1bb1f5ecd94a8,,1,0,
noto:2699,noto,2699,gear,tool,noto,https://raw.githubusercontent.com/googlefonts/noto-emoji/e20cbc2bbec1/2D/svg/emoji_u2699.svg,dfaed24cd348586cc3ebb3c1cb100a45c9e4d326,f49492f9c5ea295cf122ca3788e0ffd233aabcbc,d08eb3452dceb4947517974a2c821fba536c25c9,b1b37345bd503b9bc35c46c2b4b76d6228030b27,,0,1,
noto:1F5DC,noto,1F5DC,clamp,tool,noto,https://raw.githubusercontent.com/googlefonts/noto-emoji/e20cbc2bbec1/2D/svg/emoji_u1f5dc.svg,0d42a170524a05a4fb352ebc8c235180b2197f90,a87b1ac5e5e41d169bf6a957f583f05b27f1e53d,42780e90a214f2d9ef724f7f739662d9c26269fe,602b9140797accd08890b3934b6af28a8e11fc92,,0,0,
noto:2696,noto,2696,balance scale,tool,noto,https://raw.githubusercontent.com/googlefonts/noto-emoji/e20cbc2bbec1/2D/svg/emoji_u2696.svg,978021ad04950da4d9836e6f5c1bb8cef346c07c,fbe1ed2e9d454c484cccfbfb57d8c197e62225e0,e6301d6308cf0da1c3a3bd9aae2031139e0daca5,d44058ed620f5024667babda51aa0d7f1c625199,,0,1,
noto:1F517,noto,1F517,link,tool,noto,https://raw.githubusercontent.com/googlefonts/noto-emoji/e20cbc2bbec1/2D/svg/emoji_u1f517.svg,3b0eb0c357ab637e13ba9a0d6381a1354d9132fd,133cbcb3a54d7fc161ac55b8b44953d8f8fd741e,18cc58109d6f0b49eab0ffa0cb04d5f987752232,d39d8215406ae1822d0a24a3da389176d0fa1257,,0,0,
noto:26D3-FE0F-200D-1F4A5,noto,26D3-FE0F-200D-1F4A5,broken chain,tool,noto,https://raw.githubusercontent.com/googlefonts/noto-emoji/e20cbc2bbec1/2D/svg/emoji_u26d3_200d_1f4a5.svg,74ea87c3484548569ee01ce930ede27ba703f56f,42b64fb4d571473f444a4edc95fabfd9634e79da,663d2694412946429262caa42f9c5637470f0d0f,7700c6ee3e2a59da116c1d822a097a4ac84fd2c7,,0,0,
noto:26D3,noto,26D3,chains,tool,noto,https://raw.githubusercontent.com/googlefonts/noto-emoji/e20cbc2bbec1/2D/svg/emoji_u26d3.svg,1ab21fe8bf1257fa1d3031dd1eae759cfd3e491a,2a0b885bb1f3898970faaf912de2ec6af9730108,0686fe764c8e6d3edcc670e1b44a04cfe986faa5,9aac50bcaa9fe9fcc5bcbaeb2a5320c4071f5652,,1,0,
noto:1FA9D,noto,1FA9D,hook,tool,noto,https://raw.githubusercontent.com/googlefonts/noto-emoji/e20cbc2bbec1/2D/svg/emoji_u1fa9d.svg,7a0aa73eb7aae782fd4198ee455b54cc9785d848,9d0c3aeede1f3418ddd8f19c0b67471d232b6e80,aee5b15e6248439993b01d5f1ac4f864ee820bf3,864a2ac70911f624889f478991e16566629ff75e,,0,0,
noto:1F9F0,noto,1F9F0,toolbox,tool,noto,https://raw.githubusercontent.com/googlefonts/noto-emoji/e20cbc2bbec1/2D/svg/emoji_u1f9f0.svg,963b02b1de045614318eb586214a7cc8825fee0b,3214bb86aecced64d85fdc639a6d82f33b1d1d4f,9fc18849a90d12bc8cfabd0e8bda66e5cdc85a51,d9d3b0b53c2db7411409dd32bf56641c47ba329c,,1,1,
noto:1F9F2,noto,1F9F2,magnet,tool,noto,https://raw.githubusercontent.com/googlefonts/noto-emoji/e20cbc2bbec1/2D/svg/emoji_u1f9f2.svg,ff437b06b1ba9d5f01ad20a7ea03cf4a975b8d33,23c472fb3921c379350731345d94755f89f94441,094083c1c22664783c8a4bc7ed9161e27d82b12c,b3fe61993043ca98932253b61c7ae50180ec804b,,0,0,
noto:1FA9C,noto,1FA9C,ladder,tool,noto,https://raw.githubusercontent.com/googlefonts/noto-emoji/e20cbc2bbec1/2D/svg/emoji_u1fa9c.svg,f68c1ae44f58d60ad031fb1d86bf369e79f1f733,86a47241ee58715c2beb435a1ecd50c327f8fc4e,279e55ff5d7e3f203b9c0413e7a42f1c32360ebd,0d8521d2fb94cb56a78ef11f4567d13de3bca318,,0,0,
noto:1FA8F,noto,1FA8F,shovel,tool,noto,https://raw.githubusercontent.com/googlefonts/noto-emoji/e20cbc2bbec1/2D/svg/emoji_u1fa8f.svg,ed6469fe5c88ef4bc4f8e15c20301a5a2573df60,03d1c4f4ba0fd0dacba24c6840bb83def53590ae,f40e3bb7da9984f07da30779fe3ead23e18a9c92,,,1,0,
noto:1F6D7,noto,1F6D7,elevator,household,noto,https://raw.githubusercontent.com/googlefonts/noto-emoji/e20cbc2bbec1/2D/svg/emoji_u1f6d7.svg,e95b20bc5ddd5a7281b3d47a32de8426efaf8b13,c28916bdc3a37423f7552fb2fc0877cff2d85cde,011ace75f70493c0f83b22b4f034be4830a25495,b14b27054cdd1bd3783bec6305716b94475596cb,,0,0,
noto:1FA9F,noto,1FA9F,window,household,noto,https://raw.githubusercontent.com/googlefonts/noto-emoji/e20cbc2bbec1/2D/svg/emoji_u1fa9f.svg,d071c809ef5a302fb3491c37dc964a1ca454ce8f,316fb640b92c315ede9ba13cdbe1ffcbbd968498,d59aba950d35e5c367ec99afa982904891ad5429,c2a618339d407faefc284c401c014458e3e9e37b,,1,0,
noto:1F6CF,noto,1F6CF,bed,household,noto,https://raw.githubusercontent.com/googlefonts/noto-emoji/e20cbc2bbec1/2D/svg/emoji_u1f6cf.svg,619de1aefdcf1b5986907b3675cf6e92571a0f41,ccb2d00f6073a4c43e22a6070211e53d15111efd,9ef2431491ba21dece74ddd57f8803f9325e206f,79e1653d33477c219a33b23423b67d0e308864aa,,0,0,
noto:1F6CB,noto,1F6CB,couch and lamp,household,noto,https://raw.githubusercontent.com/googlefonts/noto-emoji/e20cbc2bbec1/2D/svg/emoji_u1f6cb.svg,f0704b63e02b12cb24688bfcb57ca06fa13902b8,c63a18eaa9fa738849997736680f8067b932d211,5acad28c3176a79d40d045fa5562d4c710528df6,f1583f4bc6942c8e88867de691dffa571c8c3311,,1,1,
noto:1FA91,noto,1FA91,chair,household,noto,https://raw.githubusercontent.com/googlefonts/noto-emoji/e20cbc2bbec1/2D/svg/emoji_u1fa91.svg,912905ed72ca359ef627bbd6a244c2f8f93d5420,bb2440cb18589b47551955fcd46b729e71a8539e,5e5b85f2906706eeb1153745f23e996996b965d5,a8663afc8c6bd0f1f8a4e2fdec87351f92cccdc5,,1,0,
noto:1F6BD,noto,1F6BD,toilet,household,noto,https://raw.githubusercontent.com/googlefonts/noto-emoji/e20cbc2bbec1/2D/svg/emoji_u1f6bd.svg,08da0f56ac058fbf33da7b14a2298d1a9f56b045,b50d53c5d531b3670ac0ad799ee6312c9da90dab,09f91ba21ff041453894aa09e89ac00ab360eaf7,5e2efb2dabf31563f9cfd8ec05118f5d11237803,,0,1,
noto:1FAA0,noto,1FAA0,plunger,household,noto,https://raw.githubusercontent.com/googlefonts/noto-emoji/e20cbc2bbec1/2D/svg/emoji_u1faa0.svg,b49912f81c0744ba6e1f656372ef604937b5dba1,501541202fba0675ebb62b6b8ead84a8d84ddbff,e05927b2c05a864c2a94c2b714c7889924929b3d,31d70a6a068a9c116feb6696104ae3485b2dbc42,,0,0,
noto:1F6BF,noto,1F6BF,shower,household,noto,https://raw.githubusercontent.com/googlefonts/noto-emoji/e20cbc2bbec1/2D/svg/emoji_u1f6bf.svg,9276d66e7d6838f03560ffc07b0b65af76146d7e,e07c600a291c8ed3d4c5c8a268bc38ebd687641d,efac397ffa94f2e12ced99fcdb0c5835ea3e0d3b,c50f4606bb3e7400342eef728e81adf1817d65f2,,0,0,
noto:1F6C1,noto,1F6C1,bathtub,household,noto,https://raw.githubusercontent.com/googlefonts/noto-emoji/e20cbc2bbec1/2D/svg/emoji_u1f6c1.svg,f852a1dfec3b68abd8878cdcffe26c542eca4755,c8a8b50c03d59a19f9308c191009745e589c7f01,041ec8d0b780db67a65f292bb7d2386cf6fd6447,e3d209212e68823d696f8d756b20a2133556ba08,,1,0,
noto:1FA92,noto,1FA92,razor,household,noto,https://raw.githubusercontent.com/googlefonts/noto-emoji/e20cbc2bbec1/2D/svg/emoji_u1fa92.svg,5c7306e62b00634bcb1f52a81d1b74d8ccd06671,38a3ea2cfc8c0d7b627b80d18c7f9b245becec92,06c474da9a9a61eec22f7e7bea5a873ed80553cf,30c864ad2771504afaccf08760e2f66126b155cc,,0,1,
noto:1F9F4,noto,1F9F4,lotion bottle,household,noto,https://raw.githubusercontent.com/googlefonts/noto-emoji/e20cbc2bbec1/2D/svg/emoji_u1f9f4.svg,475d9d21bbd291fb53bea9a363282a9004174ce3,1203d218ef4bee374f823f5d77383f0c9ff1c92c,895e2eefb4e52ad6f3f2dd155b1a0e94f283e567,6bdf0efddc8ccca0a5093616c50986a2e5095264,,0,0,
noto:1F9F7,noto,1F9F7,safety pin,household,noto,https://raw.githubusercontent.com/googlefonts/noto-emoji/e20cbc2bbec1/2D/svg/emoji_u1f9f7.svg,da24dd4f56cae0173edaa062df88410be515f36b,72a636803f045143c519dc2878acca75d6ed2fdf,d7f6a2cd2d7f4a66616ba36de609a3998483eebe,b22cb6b3333a136dbf9ee5a10f564c122b0ee9ca,,0,0,
noto:1F9F9,noto,1F9F9,broom,household,noto,https://raw.githubusercontent.com/googlefonts/noto-emoji/e20cbc2bbec1/2D/svg/emoji_u1f9f9.svg,dde46b71c255a668ac05b8cd7f2d4bec084cae33,9403b6858e4b5fe5be9e2f7b6885cfbfe811a368,6de8dec0c1230eeeebde88fd5d20fc38ced7721e,a340143cb38dff21e889e12c1ba56df1c0fb65e6,,0,1,
noto:1F9FA,noto,1F9FA,basket,household,noto,https://raw.githubusercontent.com/googlefonts/noto-emoji/e20cbc2bbec1/2D/svg/emoji_u1f9fa.svg,603d3600e7dbc7016c874afa609fdaa8ac9b1da8,806d7fd3eae729d525a390c617d5582009ae3331,287f7035ddaae567c4ff48e2b7811696a8bd3e7c,2ed26041c77d38a43b4e65129c9dcf9f03101cf2,,0,1,
noto:1F9FB,noto,1F9FB,roll of paper,household,noto,https://raw.githubusercontent.com/googlefonts/noto-emoji/e20cbc2bbec1/2D/svg/emoji_u1f9fb.svg,be9cb923c352ec362f9d862915241a16bd4935b7,799e448279e47a9aceed33d938f32e6a65519d2e,ba8f694430abc904728c0e0016d797210e8d0126,aca8309ab372ae32d24e8702d69c584e3a68a8c9,,1,0,
noto:1FAA3,noto,1FAA3,bucket,household,noto,https://raw.githubusercontent.com/googlefonts/noto-emoji/e20cbc2bbec1/2D/svg/emoji_u1faa3.svg,b2a1a3fb02daebf7dea3b460584750f895f762ce,9662cfd7284d67b95f519e49a283d0a56d8b43c5,8153e03a3ea91f0a84c2e5931778a72c0ade1529,a4da43a004afd26dba0a5a89a67a3bcfa2d5d036,,0,1,
noto:1F9FC,noto,1F9FC,soap,household,noto,https://raw.githubusercontent.com/googlefonts/noto-emoji/e20cbc2bbec1/2D/svg/emoji_u1f9fc.svg,e39168f937a61bd0e3b5bb1b2f8a8a9700069176,13f3b7c8cb96733427d9d8ae44b4f0d9a107cedd,91d7d5c5eb3e949ba0f5b7dc3b156fa3e2fd2f78,a1f47ab2a008fe24fcd0fdaeaf4b2f269b33de39,,0,0,
noto:1FAE7,noto,1FAE7,bubbles,household,noto,https://raw.githubusercontent.com/googlefonts/noto-emoji/e20cbc2bbec1/2D/svg/emoji_u1fae7.svg,6854c5a9c017b418b6b14e34cac74c6407bbd569,f86e237a61760ba7d9a7ccad478bb7a417022c4c,05afb86a56254aa861de4d489b752be3a06a743c,c3d5020c5fd1d32c2febd0c92bedf00dbead5519,,0,0,
noto:1FAA5,noto,1FAA5,toothbrush,household,noto,https://raw.githubusercontent.com/googlefonts/noto-emoji/e20cbc2bbec1/2D/svg/emoji_u1faa5.svg,6598ed26fc7feff2b2fa37ff4064213b9e9a273d,003c215053726385949364fc2c42b63adbfdea9d,2e51d18ce33264bdf8df573bf9650f95ab079000,e1ef3c8b681da99cff898ffa4dd337e65f5f8682,,0,0,
noto:1F9EF,noto,1F9EF,fire extinguisher,household,noto,https://raw.githubusercontent.com/googlefonts/noto-emoji/e20cbc2bbec1/2D/svg/emoji_u1f9ef.svg,2f60edab0f1751843eda4fa93898fc6647d040a4,2694b3376f81220d26d4044661ac21315c7265fb,66ffdb6eca9f499487b14c539039a5b863d57d87,a47ec2258f65f60bae7090837ea289879095f1b3,,0,1,
noto:1F6D2,noto,1F6D2,shopping cart,household,noto,https://raw.githubusercontent.com/googlefonts/noto-emoji/e20cbc2bbec1/2D/svg/emoji_u1f6d2.svg,43f11d693c3f315e69dc892bab1112d772d5b0da,670cdfd6cb29074f00f31277d7eba72403d2a9bf,3b2daf9d316f0273296bd0cebcff44ab7bb4c476,1ff46120d94fcced1202b33c6e66f0c289115709,,0,0,
noto:1F534,noto,1F534,red circle,geometric,noto,https://raw.githubusercontent.com/googlefonts/noto-emoji/e20cbc2bbec1/2D/svg/emoji_u1f534.svg,6bcab05b81b65c03f4936708880d2b1270e39c9c,ad644d5895c19be3b329be8d20967871c94ae4c8,771df3d4ba4de9adc74899fc5ec5105e918f3f94,a467256bd3517c291c4a86e2df6b771661d140ec,,1,0,
noto:1F7E0,noto,1F7E0,orange circle,geometric,noto,https://raw.githubusercontent.com/googlefonts/noto-emoji/e20cbc2bbec1/2D/svg/emoji_u1f7e0.svg,f044c223c371187b18947ff8beeab9bb9b45fb5e,ad644d5895c19be3b329be8d20967871c94ae4c8,95e5c21c775dfc26c9ebf19d656dd59dd6fd1366,d657de21cd9eebda4273a8386c29ad6b7e845c59,,0,0,
noto:1F7E1,noto,1F7E1,yellow circle,geometric,noto,https://raw.githubusercontent.com/googlefonts/noto-emoji/e20cbc2bbec1/2D/svg/emoji_u1f7e1.svg,a8ad50502ae79e96a15d39efb44286cbb5f2b6f6,ad644d5895c19be3b329be8d20967871c94ae4c8,b655187142b4839cdf8b8bdc6e550f64277f9e6c,3152bbe0dbcc752d30945cbe842044bf750bed19,,0,0,
noto:1F7E2,noto,1F7E2,green circle,geometric,noto,https://raw.githubusercontent.com/googlefonts/noto-emoji/e20cbc2bbec1/2D/svg/emoji_u1f7e2.svg,cc7c85192c2e13ee1d05e48b872f1f31f2bff347,ad644d5895c19be3b329be8d20967871c94ae4c8,c31ade1ece06d2f82489081b68f44f0d3e84346e,8865baea5fff29dde007c526990e1eca985a9a9c,,0,1,
noto:1F535,noto,1F535,blue circle,geometric,noto,https://raw.githubusercontent.com/googlefonts/noto-emoji/e20cbc2bbec1/2D/svg/emoji_u1f535.svg,114c121f4b4f3f101a11a13dd0f876b4b995cf61,dcba7b40886746f74ad2ed3f481e44287bb612d9,9510ee00cb61600a0983c5ae9ecf1079375a5054,f97c17dc4f7967863be58b9f80c473dd4cf99f64,,0,0,
noto:1F7E3,noto,1F7E3,purple circle,geometric,noto,https://raw.githubusercontent.com/googlefonts/noto-emoji/e20cbc2bbec1/2D/svg/emoji_u1f7e3.svg,2a19544fa0a7784b8f95678357b4d85a6914badf,ad644d5895c19be3b329be8d20967871c94ae4c8,5916a3c09bff53f05f124909cbbe86fc3357859e,a77516bde90c84c80ae0d2a51f4971fcae12b481,,0,0,
noto:1F7E4,noto,1F7E4,brown circle,geometric,noto,https://raw.githubusercontent.com/googlefonts/noto-emoji/e20cbc2bbec1/2D/svg/emoji_u1f7e4.svg,8d5f9c20f223bfe0b51d60403f2e45c4456be470,ad644d5895c19be3b329be8d20967871c94ae4c8,159847e15787caf1f02f86e3a184fc47956b2eea,02e44275b456def927fdddc28a6bad0dc441e9eb,,1,0,
noto:26AB,noto,26AB,black circle,geometric,noto,https://raw.githubusercontent.com/googlefonts/noto-emoji/e20cbc2bbec1/2D/svg/emoji_u26ab.svg,1b96b55b359f0cced18a4b631435e05c3f340227,ad644d5895c19be3b329be8d20967871c94ae4c8,1b96b55b359f0cced18a4b631435e05c3f340227,ccb0739d5d69946a93c2ffed14bbb946713f1fd4,,0,1,
noto:26AA,noto,26AA,white circle,geometric,noto,https://raw.githubusercontent.com/googlefonts/noto-emoji/e20cbc2bbec1/2D/svg/emoji_u26aa.svg,48df9c7e2bb318731e3e89eef179e700cac9b4ed,ad644d5895c19be3b329be8d20967871c94ae4c8,e5ec12a967d91cbafd1a8334b9d33fdccf7033cc,bc53d88c96cf96c42d6cbe6180d6b7fe6423f265,,0,1,
noto:1F7E5,noto,1F7E5,red square,geometric,noto,https://raw.githubusercontent.com/googlefonts/noto-emoji/e20cbc2bbec1/2D/svg/emoji_u1f7e5.svg,2ba5022f45e52c62f0b42bb8a33a6ef78035c83c,2045d6b2147365f0a87693ad27e2adc47c860069,24370f78add8cfa306dc51b9f5b39671ad84d8db,bba586dc353b5c9e58722b4325d7c87503e70467,,0,0,
noto:1F7E7,noto,1F7E7,orange square,geometric,noto,https://raw.githubusercontent.com/googlefonts/noto-emoji/e20cbc2bbec1/2D/svg/emoji_u1f7e7.svg,b4d5392f2439f4588e58eb2f5136c3d7ac880248,2045d6b2147365f0a87693ad27e2adc47c860069,27b298a2062055319bc417f3bfcd3e4bae9e54db,3b3c717b8739f8f50f916a5a164dfc871eacc019,,1,0,
noto:1F7E8,noto,1F7E8,yellow square,geometric,noto,https://raw.githubusercontent.com/googlefonts/noto-emoji/e20cbc2bbec1/2D/svg/emoji_u1f7e8.svg,b5e67625cd2ddbd441fd1a190efcd20272e2c595,2045d6b2147365f0a87693ad27e2adc47c860069,1ca0d069f173b598db0ee3a4f76417290a4d5c31,1901fd1937f0749ddc8e7f589e8f60cc099522c3,,0,0,
noto:1F7E9,noto,1F7E9,green square,geometric,noto,https://raw.githubusercontent.com/googlefonts/noto-emoji/e20cbc2bbec1/2D/svg/emoji_u1f7e9.svg,b8cab9b243b8a12edde2ee769ce09aac15541943,e5ece7ba69bef3b7253a5baf64bf60e168070c9e,16d6cd23c5b64f0450fd9daafbbbdd116617fa8b,87695b32306b63585b93481b63d3b1467d07ed64,,0,0,
noto:1F7E6,noto,1F7E6,blue square,geometric,noto,https://raw.githubusercontent.com/googlefonts/noto-emoji/e20cbc2bbec1/2D/svg/emoji_u1f7e6.svg,a6090f7f9ac70dcac06a49d4184b996c509cc06d,01974936b0a78a0f978a100c4b524a0984cb419d,4d7cf0a4e60bfb1df41e93d7dfe0cb2dfc4166e6,9e4f26c22c0a7256edd03cb8068a81df198f6dff,,1,1,
noto:1F7EA,noto,1F7EA,purple square,geometric,noto,https://raw.githubusercontent.com/googlefonts/noto-emoji/e20cbc2bbec1/2D/svg/emoji_u1f7ea.svg,4a77de13d61a6b0fafb18fdb5e53e072e8561d76,e5ece7ba69bef3b7253a5baf64bf60e168070c9e,ea0875f24425d54f27e76133b6fcf14e80d5d1af,07e6baae6ecb5f0c3d1f0bff7cc20c6342b0b8b3,,0,0,
noto:1F7EB,noto,1F7EB,brown square,geometric,noto,https://raw.githubusercontent.com/googlefonts/noto-emoji/e20cbc2bbec1/2D/svg/emoji_u1f7eb.svg,5167df8f16cf2eadbc00de8d2540d5c277a8c4f8,e5ece7ba69bef3b7253a5baf64bf60e168070c9e,f6e8fc18d6930cd3c2bf939378ecd8e7cb2ed292,757663862775c9b4502d6758f4323ab3ea47c709,,0,0,
noto:2B1B,noto,2B1B,black large square,geometric,noto,https://raw.githubusercontent.com/googlefonts/noto-emoji/e20cbc2bbec1/2D/svg/emoji_u2b1b.svg,1e3f7bb5256bceab3068deda8beb9f41c5d565be,e5ece7ba69bef3b7253a5baf64bf60e168070c9e,1e3f7bb5256bceab3068deda8beb9f41c5d565be,e061654485a70571110a875d6bece842381b2976,,0,1,
noto:2B1C,noto,2B1C,white large square,geometric,noto,https://raw.githubusercontent.com/googlefonts/noto-emoji/e20cbc2bbec1/2D/svg/emoji_u2b1c.svg,844ecef8a2ac964cd5e29a07e6ad8f69b87836ed,e5ece7ba69bef3b7253a5baf64bf60e168070c9e,5e5264c5ee7f7746377255c7cbffc33ccbb05e57,c0d8f440bef59874b0679d297d557d031990009e,,0,1,
noto:25FC,noto,25FC,black medium square,geometric,noto,https://raw.githubusercontent.com/googlefonts/noto-emoji/e20cbc2bbec1/2D/svg/emoji_u25fc.svg,2092b97841c02af96589c38ca3aaeef802967546,ce5d4a74a8b66cf242d0c27ef7ae14f933f5288c,2092b97841c02af96589c38ca3aaeef802967546,c08d714a60d310b440410e30c63abcb1fd37a59f,,0,1,
noto:25FB,noto,25FB,white medium square,geometric,noto,https://raw.githubusercontent.com/googlefonts/noto-emoji/e20cbc2bbec1/2D/svg/emoji_u25fb.svg,b6e04cb2f06680f15a3edc26d2494e57385be57a,ce5d4a74a8b66cf242d0c27ef7ae14f933f5288c,094616c006a4ee7f0799cf0d0c6ec09aa2e6dc40,4db1dc90ba0056e3e3e0392b0fee8326e70e7eed,,0,1,
noto:1F536,noto,1F536,large orange diamond,geometric,noto,https://raw.githubusercontent.com/googlefonts/noto-emoji/e20cbc2bbec1/2D/svg/emoji_u1f536.svg,960421caa40f0481c532d2af66d0af60e4bf8f78,7dde2eb1aa33b0f9da9c9d000065777fbd720150,9f32880b3b00c0394d3869efdec5e0dd46649dae,69aa247c4396fd234aa08b63b8a7fb1b623d1340,,0,0,
noto:1F537,noto,1F537,large blue diamond,geometric,noto,https://raw.githubusercontent.com/googlefonts/noto-emoji/e20cbc2bbec1/2D/svg/emoji_u1f537.svg,037d81e483402decd1dbe620bbd879aad053bf1e,6442bb0dcfaf9c2ea12acb9e1e05d411cc245226,ae5c4db64c7bd3656188ba87c5a2a947f888feae,25dc556ea17f324fda7dd117a4e559a5a0875aa8,,0,1,
noto:1F538,noto,1F538,small orange diamond,geometric,noto,https://raw.githubusercontent.com/googlefonts/noto-emoji/e20cbc2bbec1/2D/svg/emoji_u1f538.svg,44ecedbf89a7a13e2246fd144b45bc1e8ff471d6,0a22f39508ba0dbb9fd3788fb1e0e2c38a937cac,070e17ec9fde0950f6c734664a35a39082347e54,a3b4a6a26d9153b8d84edfcb77f1bef0aa04953b,,0,0,
noto:1F539,noto,1F539,small blue diamond,geometric,noto,https://raw.githubusercontent.com/googlefonts/noto-emoji/e20cbc2bbec1/2D/svg/emoji_u1f539.svg,4dbe74e4b869d9fff87bda17381f96a97255830d,7bdbd510655c074ddaebca1755e6d5ee5e4c51c9,d44f3b13481e6f872208d9ecc05cb294603b3cf8,26ccfc1de3671a2f2fa07ff4e4129289e38498f4,,0,1,
noto:1F53A,noto,1F53A,red triangle pointed up,geometric,noto,https://raw.githubusercontent.com/googlefonts/noto-emoji/e20cbc2bbec1/2D/svg/emoji_u1f53a.svg,0dbb712cc62df1dc94bab8b720cdf6f7244541ca,f9f8a5b1410467f523b273ad0a32f600477e447a,ff6a8332935e4bd67e9b448fc5f2e16c108cd99d,3d3a832fbc48f5fad16f6cc1334528f9374ec90f,,0,0,
noto:1F53B,noto,1F53B,red triangle pointed down,geometric,noto,https://raw.githubusercontent.com/googlefonts/noto-emoji/e20cbc2bbec1/2D/svg/emoji_u1f53b.svg,7b89db199f841e6a9e7cc0f7be9ae7f90ce27e28,5af4fb38060d211a644930cb0a9b52cdb11fadb4,3137917eb689fec506e6db57ad3cc10f2f2decd5,d0b4dd34d5b982a56beb4546096c493d442b92f0,,1,0,
noto:1F4A0,noto,1F4A0,diamond with a dot,geometric,noto,https://raw.githubusercontent.com/googlefonts/noto-emoji/e20cbc2bbec1/2D/svg/emoji_u1f4a0.svg,64c3e3d2c422331f0365b8109640dce07e89c0a9,aa4a4a3f808d1f3dba25c162f31c332d20e775e3,d5e8bfda7d17d7e85789698794b487d29190a658,99663da3a005439e84f7d1cb8e4cd9e55d0086fc,,0,0,
noto:1F533,noto,1F533,white square button,geometric,noto,https://raw.githubusercontent.com/googlefonts/noto-emoji/e20cbc2bbec1/2D/svg/emoji_u1f533.svg,7bb5685a8e44604d4cf1a665f662754481814efb,6b6cc4688e1d988f8e957f07415054b512564ced,e50113b5da6e213fc8670123bc4ddaf2953670d7,a5ad32155b0ba7d02a2f4833b6cfcb34cc77a7b8,,0,0,
noto:1F532,noto,1F532,black square button,geometric,noto,https://raw.githubusercontent.com/googlefonts/noto-emoji/e20cbc2bbec1/2D/svg/emoji_u1f532.svg,cd1abc81e484ed854758973592590764b852791f,6b6cc4688e1d988f8e957f07415054b512564ced,3e5215d094477a308e708e7e88ded2898d072d70,14d22c9a1150d879373ff699c6bddcc501c4cd41,,0,0,
